End Date,End Time,CO, PM10, M_DIR, M_SPED, M_T, NO, NO2, NOXasNO2, O3, PM25, SO2
1/1/2020,1:00:00,0.126628,31.4,149.8,0,-0.5,5.77062,40.9705,49.81866,12.04072,27.9,1.76441
1/1/2020,2:00:00,0.130465,33.7,167.6,0.7,0.6,8.32555,42.53576,55.30142,10.77678,32.4,1.49975
1/1/2020,3:00:00,0.120872,34.3,188.1,1.3,1.2,9.18453,41.91247,55.99523,10.97635,30.1,1.38947
1/1/2020,4:00:00,0.12375,38.3,194.8,0.7,1.9,7.4996,38.86094,50.36017,10.57721,30.8,1.19098
1/1/2020,5:00:00,0.152529,37.3,188.5,1.7,2.6,10.30782,40.13936,55.94446,8.23226,34.4,1.32331
1/1/2020,6:00:00,0.117994,36.1,208.3,1.7,3,5.38518,34.7419,42.99906,9.9785,31.2,1.25715
1/1/2020,7:00:00,0.094971,31.4,206.2,2,3.1,6.21112,34.99845,44.52204,13.27141,29.7,1.05865
1/1/2020,8:00:00,0.083459,24.3,213.1,1.8,2.9,4.06366,29.50862,35.73948,20.75528,25.2,0.99248
1/1/2020,9:00:00,0.106482,28.2,199.9,1.8,2.7,11.5963,39.02674,56.80749,10.97635,23.4,1.12481
1/1/2020,10:00:00,0.071948,26.7,188,2.3,2,7.10315,29.31557,40.20691,18.70969,22.7,0.72782
1/1/2020,11:00:00,0.066192,26.8,208.4,1.3,1.6,5.38518,22.60876,30.86591,25.9441,23,1.32331
1/1/2020,12:00:00,0.126628,28.7,272.6,1.1,2,7.86302,22.71846,34.77492,26.29335,28.9,1.38947
1/1/2020,13:00:00,0.149651,23,251.2,1.7,3.3,8.09428,21.247,33.65806,28.33894,28.4,1.19098
1/1/2020,14:00:00,0.146773,32.6,228.7,1.4,4.1,6.80581,20.22742,30.66285,29.68604,32.5,0.92632
1/1/2020,15:00:00,0.207209,33.3,194,1.8,3.1,8.25947,23.83662,36.50097,25.39528,33.7,1.45564
1/1/2020,16:00:00,0.175552,33.4,214.7,2.3,1.4,8.22644,27.94858,40.56227,22.20216,34,0.79399
1/1/2020,17:00:00,0.141017,30.6,220.8,2.3,0.4,5.84771,29.46373,38.43009,21.90281,28,0.92632
1/1/2020,18:00:00,0.132384,30.7,186.4,1.9,-0.4,5.41821,30.47764,38.78545,20.45593,29.6,0.92632
1/1/2020,19:00:00,0.117994,29.4,196.5,2.1,-0.6,4.65834,27.98759,35.13028,22.40173,30.2,0.86015
1/1/2020,20:00:00,0.141017,31.9,221.7,2,1.5,6.0129,31.54569,40.76534,16.41463,29.8,0.99248
1/1/2020,21:00:00,0.195697,33.7,218.4,2.1,2.6,14.86705,41.27124,64.06707,5.73764,36.2,1.12481
1/1/2020,22:00:00,0.195697,35.1,228.2,3.5,3.5,19.0959,46.71718,75.99715,2.6443,33.2,2.18346
1/1/2020,23:00:00,0.279157,37.4,226.3,3.6,3.9,28.08221,46.4422,89.50099,2.09549,36.4,2.51429
1/1/2020,24:00:00,0.282034,40.7,225,3.6,4.2,25.73652,44.09922,83.56133,1.54667,35.2,2.44812
2/1/2020,1:00:00,0.241783,35.305,224.7,4.5,5.7,24.28279,43.97825,81.21134,5.38839,24.1,2.20551
2/1/2020,2:00:00,0.112257,12.4,223.2,4.5,5.8,1.32211,9.08093,11.10814,45.56848,14.1,0.88221
2/1/2020,3:00:00,0.103622,13.4,219.8,4,5.6,0.92548,7.26766,8.6867,45.60175,14,1.05864
2/1/2020,4:00:00,0.1065,13.2,219.9,3.9,5.6,0.82632,12.34724,13.61425,38.66669,14.7,0.86015
2/1/2020,5:00:00,0.103622,13.9,205.5,3.3,5.5,1.85096,22.91721,25.75531,29.9355,11.8,0.59549
2/1/2020,6:00:00,0.092108,11.3,185.7,2.7,4.7,2.41285,21.03966,24.73932,37.66884,11.7,0.66165
2/1/2020,7:00:00,0.083473,10.5,184.8,2.7,4,3.07391,24.9028,29.61606,36.82067,10.2,0.79398
2/1/2020,8:00:00,0.100743,12.3,180.6,2.4,3.2,4.1316,26.2274,32.56243,35.22411,13.2,0.79398
2/1/2020,9:00:00,0.109378,13,170.6,2.7,3.2,7.66825,32.53928,44.2971,30.28475,11.1,0.52932
2/1/2020,10:00:00,0.141041,7.7,181.7,2.6,4.2,10.11416,30.92251,46.43067,31.58195,9,0.72782
2/1/2020,11:00:00,0.129527,13.6,197,2.9,5.5,7.7013,25.93547,37.74397,37.9183,10.7,0.66165
2/1/2020,12:00:00,0.132406,13.9,193.6,2.7,6.3,6.54446,23.08653,33.12122,44.50411,11,0.66165
2/1/2020,13:00:00,0.112257,20.7,210.3,4.2,7.4,4.92487,25.11267,32.66403,46.5497,10.3,0.66165
2/1/2020,14:00:00,0.097865,14,183.9,2.1,6.2,4.66045,24.45132,31.59724,51.18971,7.5,0.92632
2/1/2020,15:00:00,0.120892,13.8,226.8,5.2,6.2,4.49518,25.41592,32.30843,50.94024,9.8,0.72782
2/1/2020,16:00:00,0.109378,11.2,228.2,7.1,7,3.86718,22.77208,28.70167,53.2353,9.2,0.66165
2/1/2020,17:00:00,0.138161,1.7,226.8,5.8,8,6.01561,29.94255,39.16636,48.04648,7.5,0.72782
2/1/2020,18:00:00,0.164067,8,232.5,6.6,8.6,7.73436,33.9111,45.77028,42.85766,8.4,0.79398
2/1/2020,19:00:00,0.118014,6.7,233.4,6.8,9.1,3.23917,20.63624,25.60291,52.73637,8.7,0.92632
2/1/2020,20:00:00,0.120892,6.8,233.2,6.6,9.7,3.17307,19.26442,24.12973,50.99014,5.4,0.52932
2/1/2020,21:00:00,0.100743,7.9,233.6,6.2,9.2,2.44591,14.53745,18.28779,56.5282,5.9,0.79398
2/1/2020,22:00:00,0.100743,8.2,232.3,6,9,1.98317,12.45301,15.49382,58.87315,5.5,0.66165
2/1/2020,23:00:00,0.092108,6.4,242.7,5.1,8.8,1.71875,10.31848,12.95385,62.41552,8.1,0.66165
2/1/2020,24:00:00,0.080594,4.2,252.2,5.2,9.4,1.42127,9.45382,11.63307,62.06627,4,0.59549
3/1/2020,1:00:00,0.089244,10.2,245.6,4.2,9.8,0.74954,9.89834,11.04761,59.871,9.9,0.70576
3/1/2020,2:00:00,0.123791,13.6,266.8,3.9,9.8,0.79363,12.13514,13.35202,55.61351,13.7,0.52932
3/1/2020,3:00:00,0.138185,14.7,273.7,2.8,9.4,0.85976,14.13481,15.45309,49.44347,13.2,0.59549
3/1/2020,4:00:00,0.1497,19.6,305.9,3.3,9.1,1.32271,18.76239,20.79051,40.21336,21,1.3233
3/1/2020,5:00:00,0.106517,17.5,334.6,3.9,7.8,0.82669,10.11891,11.38649,58.17466,12.9,0.46316
3/1/2020,6:00:00,0.060456,7.9,324.3,3.6,5.9,0.85976,5.74744,7.06572,72.19445,6.7,0.79398
3/1/2020,7:00:00,0.077729,8.1,327,3.5,4.7,3.10837,13.63529,18.40138,63.66283,6.7,0.86015
3/1/2020,8:00:00,0.109396,8.8,327.7,3.3,3.7,7.73784,29.36067,41.22519,48.89465,9.9,0.86015
3/1/2020,9:00:00,0.097881,11,327.4,3.4,3,7.01036,29.25615,40.00521,52.5867,11.5,0.52932
3/1/2020,10:00:00,0.095002,15.1,321.8,4,3.7,7.96932,30.17489,42.39434,50.14196,11.4,1.05864
3/1/2020,11:00:00,0.166973,16,318.1,4.7,5.2,9.49043,33.17997,47.73176,43.15701,9.1,0.99248
3/1/2020,12:00:00,0.120911,14.2,308.1,3.7,5.9,8.92828,27.43369,41.12353,50.29164,7.9,0.72782
3/1/2020,13:00:00,0.118032,18.1,312.2,3.8,6.7,6.87808,23.86739,34.41363,56.12906,12.2,1.45564
3/1/2020,14:00:00,0.181367,16.1,303.1,3.9,6.8,8.33306,29.363,42.14018,53.53465,11.8,0.86015
3/1/2020,15:00:00,0.1497,16.2,292,3.4,6,7.10956,30.32402,41.22519,56.17896,9.6,0.52932
3/1/2020,16:00:00,0.184246,16.2,294.6,4.3,5.3,8.92828,33.48276,47.1726,50.19186,10.5,0.46316
3/1/2020,17:00:00,0.19864,11.5,293.4,5,5.1,7.73784,34.08809,45.95262,48.14626,5.7,0.46316
3/1/2020,18:00:00,0.207276,14.9,290.8,5.4,5.2,8.00239,32.36082,44.63097,51.53895,12.1,0.79398
3/1/2020,19:00:00,0.152579,15.5,291,5.7,5.2,5.75378,26.30295,35.12529,55.8796,7.5,0.72782
3/1/2020,20:00:00,0.241823,15.5,287.8,5.9,5.5,5.78685,31.38633,40.25938,52.5867,9.8,0.66165
3/1/2020,21:00:00,0.152579,14.2,282.2,5.6,5.5,4.72868,26.60393,33.85447,55.92949,9.3,0.92631
3/1/2020,22:00:00,0.1497,16.5,279,5.4,5.5,3.40598,26.14126,31.36368,54.93164,9.7,0.86015
3/1/2020,23:00:00,0.146821,14.5,271.8,5.2,5.3,2.28167,18.51198,22.01049,61.26799,10.4,1.25714
3/1/2020,24:00:00,0.12667,11.8,267.8,5.3,5.2,2.11633,16.83386,20.07886,62.91444,8.5,0.99248
4/1/2020,1:00:00,0.076781,12.1,265.6,4.4,5.2,1.49975,17.23284,19.53242,66.25724,7.3,0.8822
4/1/2020,2:00:00,0.057586,13.1,274.3,4.9,5.5,0.70576,10.31176,11.39391,70.58126,6.7,1.3233
4/1/2020,3:00:00,0.060466,15.1,273.2,4.9,5.5,0.7609,10.88847,12.05516,71.39617,6.7,0.86014
4/1/2020,4:00:00,0.057586,10.7,276.5,5.7,5.7,0.89323,12.415,13.7846,69.15101,6.6,1.25713
4/1/2020,5:00:00,0.063345,11.6,278.7,5.9,5.8,1.05864,12.21223,13.83546,69.74972,8.7,1.12481
4/1/2020,6:00:00,0.060466,10.8,277,5.9,5.7,1.35639,14.75677,16.83654,68.25294,8.5,0.99248
4/1/2020,7:00:00,0.057586,7.7,277.5,5.7,5.7,1.42255,14.19753,16.37875,67.55445,5.3,1.25713
4/1/2020,8:00:00,0.184277,8.9,279.5,5.5,5.8,3.40751,21.37797,26.60275,62.11616,6.4,0.79398
4/1/2020,9:00:00,0.198673,6.7,282.2,5.3,5.8,4.49924,23.875,30.77373,60.36993,6.5,1.45563
4/1/2020,10:00:00,0.126691,10.9,287.3,5,6,3.8045,23.26168,29.09516,61.51745,5.3,1.12481
4/1/2020,11:00:00,0.146845,9,288.5,4.8,6.6,4.5654,22.60364,29.60382,59.871,6.3,0.99248
4/1/2020,12:00:00,0.112293,7.8,288.7,5.1,7.3,4.59849,19.65357,26.70448,61.31788,5.3,0.79398
4/1/2020,13:00:00,0.233224,7.5,287.5,4.8,7.5,6.61652,25.10471,35.24991,59.62154,6.7,1.5218
4/1/2020,14:00:00,0.299449,11.7,290.9,4.5,7.3,6.61652,26.47809,36.62328,57.47616,7,1.5218
4/1/2020,15:00:00,0.224587,10.8,288.5,4.5,6.7,6.38495,27.69789,37.488,55.92949,7.6,1.05864
4/1/2020,16:00:00,0.204431,6.6,285.7,3.6,6.8,5.62405,28.66112,37.28454,53.98369,4.8,1.25713
4/1/2020,17:00:00,0.374311,11.6,277.7,3.3,6.7,7.34434,35.43352,46.69468,47.69723,9,1.25713
4/1/2020,18:00:00,0.328243,6.7,280.6,4.1,6.7,7.01352,36.55117,47.30507,46.79917,8.1,1.38947
4/1/2020,19:00:00,0.354157,10.4,286.2,4.2,6.5,5.26014,26.72669,34.79212,53.98369,10.2,1.05864
4/1/2020,20:00:00,0.310966,12.5,285.4,3.9,5.6,5.3263,28.71073,36.87761,48.14626,8.8,1.38947
4/1/2020,21:00:00,0.262018,11.5,289,4.4,5.5,4.33382,28.35048,34.99558,43.45637,12.3,1.65413
4/1/2020,22:00:00,0.138207,10.5,203.2,2.1,3.9,2.58044,24.93507,28.8917,44.85336,10.8,1.5218
4/1/2020,23:00:00,0.132449,10.3,237.8,2.6,4.8,2.38195,23.56086,27.21313,48.19616,11.9,1.58796
4/1/2020,24:00:00,0.141087,13.9,264.6,4.4,6.4,1.95188,21.16836,24.16119,49.34368,13,1.85262
5/1/2020,1:00:00,0.097913,13.1,233.36,7.26,4.94,1.23564,19.27927,21.1739,49.82598,13.8,1.3233
5/1/2020,2:00:00,0.080634,11.3,262.24,9.28,6.1,1.01499,16.36008,17.91638,51.55558,15.5,0.97042
5/1/2020,3:00:00,0.083514,13.4,270.52,9.22,6.2,1.3901,14.30886,16.44031,54.73207,12.6,1.25713
5/1/2020,4:00:00,0.077755,10.5,270.52,9.22,6.2,1.19151,13.95167,15.77863,54.03358,12.7,1.52179
5/1/2020,5:00:00,0.071995,13.9,284.14,5.24,9.06,0.86054,10.99804,12.31751,57.12691,12.3,1.25713
5/1/2020,6:00:00,0.071995,11.5,200.04,4.7,8.24,1.05912,9.87916,11.50313,59.92089,10.6,1.25713
5/1/2020,7:00:00,0.054716,8.8,250,5.52,8.2,1.09222,10.3374,12.01211,58.62369,8.4,0.99247
5/1/2020,8:00:00,0.097913,9.9,160.54,7,7.82,2.25063,13.24388,16.6948,55.82971,7.6,1.25713
5/1/2020,9:00:00,0.092153,9,229.94,7.76,6.5,2.84639,19.81253,24.17693,49.74282,8.7,1.19097
5/1/2020,10:00:00,0.213104,8.7,212.5,4.32,5.84,4.89843,22.97755,30.48838,50.14196,7.3,1.1248
5/1/2020,11:00:00,0.198706,8.4,223.78,7.24,6.96,4.76604,20.27931,27.58715,53.2353,8.3,0.86014
5/1/2020,12:00:00,0.27646,9.5,256.34,5.52,8.46,6.18924,20.28576,29.77579,53.38498,6.4,1.05864
5/1/2020,13:00:00,0.279339,13,244.66,5.7,6.52,6.55331,22.83235,32.88062,50.591,6.8,1.19097
5/1/2020,14:00:00,0.336936,10.1,250.82,7.66,6.58,6.88429,25.73508,36.29084,48.34583,10.7,1.19097
5/1/2020,15:00:00,0.313897,16.2,249.18,5.46,8.5,6.35473,27.87043,37.61421,46.10067,10,1.19097
5/1/2020,16:00:00,0.296618,10.8,242.06,4.74,6.14,5.65968,33.61885,42.2969,40.91185,9,1.3233
5/1/2020,17:00:00,0.348454,10.5,180.12,5.2,6.26,6.22234,31.94174,41.48252,43.00734,10.9,1.58796
5/1/2020,18:00:00,0.336936,11.4,257.18,4.64,4.46,5.56039,30.92076,39.44656,42.85766,9.1,1.19097
5/1/2020,19:00:00,0.279339,10.6,235.48,4.18,5.86,4.30268,28.87911,35.47646,43.35658,12.2,1.78645
5/1/2020,20:00:00,0.290859,11.3,247.94,5.1,5.38,4.33578,26.07983,32.72792,48.24605,7.7,1.72029
5/1/2020,21:00:00,0.218864,11,229.32,3.82,5.24,3.07807,28.46637,33.18601,45.05293,9,1.52179
5/1/2020,22:00:00,0.092153,8.1,270.52,7.16,6.48,2.11824,18.33316,21.58109,55.68003,10,1.3233
5/1/2020,23:00:00,0.109432,7.4,256.56,8.44,6.96,1.68797,12.88504,15.47323,64.36133,8.4,0.92631
5/1/2020,24:00:00,0.074874,5.1,232.72,8.36,7.58,1.25771,7.69142,9.61987,71.8452,4.3,1.1248
6/1/2020,1:00:00,0.080648,4.6,211.7,2.5,4.3,0.883,6.25192,7.60583,75.77008,5.6,1.14686
6/1/2020,2:00:00,0.080648,3.6,206.2,2.9,3.9,0.5298,4.82412,5.63647,76.90097,4.6,1.3233
6/1/2020,3:00:00,0.077767,4.8,180.8,2.7,2.9,0.49669,4.99373,5.75531,75.93639,5.3,0.92631
6/1/2020,4:00:00,0.083528,4.7,175.2,2.6,2.8,0.46357,4.33146,5.04226,75.98628,4.2,0.66165
6/1/2020,5:00:00,0.072007,2.8,169.5,2.3,2.1,0.89404,6.67641,8.04724,72.64348,6.2,1.19097
6/1/2020,6:00:00,0.089288,8.3,203,2.8,2.8,1.42384,10.24421,12.42739,67.95359,8.1,0.99247
6/1/2020,7:00:00,0.089288,7.9,215.3,4.7,4.3,2.28476,20.74035,24.24359,55.77982,9.2,1.45562
6/1/2020,8:00:00,0.149774,10.5,218.4,4.8,4,4.03972,25.84203,32.03618,50.5411,9.8,1.19097
6/1/2020,9:00:00,0.164175,13,221,5.1,4,8.17877,39.25715,51.79776,37.21981,9,1.52179
6/1/2020,10:00:00,0.158415,12.1,219.1,5.7,4.8,9.13903,42.82703,56.84002,35.07443,8.4,1.19097
6/1/2020,11:00:00,0.178577,14.9,220.7,6.8,6,6.68871,32.11947,42.37535,46.99874,7.5,1.38946
6/1/2020,12:00:00,0.181457,13.1,222.9,7.3,6.7,6.42381,23.45976,33.30947,56.07917,8.7,1.1248
6/1/2020,13:00:00,0.178577,16.1,220.5,7.2,6.2,5.56289,23.65933,32.18897,55.231,11.3,1.19097
6/1/2020,14:00:00,0.155535,15.2,225,6.4,6.8,8.74168,35.28718,48.69091,42.25895,12.9,1.58795
6/1/2020,15:00:00,0.181457,14.9,229.2,5.9,7.5,7.31785,34.15979,45.38034,43.50626,10.1,1.19097
6/1/2020,16:00:00,0.210259,10.4,235.5,5.5,8.2,5.3311,23.86193,32.03618,52.5867,5.8,1.1248
6/1/2020,17:00:00,0.32547,13.7,265.8,3.9,7.7,7.25162,28.09857,39.21757,50.44132,8.8,1.1248
6/1/2020,18:00:00,0.32547,16,277.8,4.9,7.3,6.45693,24.42763,34.32811,56.5781,9.7,1.3233
6/1/2020,19:00:00,0.33411,20.9,277.1,5.7,7.3,6.05958,25.44435,34.73557,54.08347,12.7,2.11727
6/1/2020,20:00:00,0.33699,19,279.2,4.8,6.8,5.56289,20.09409,28.62374,56.27874,9.4,1.65412
6/1/2020,21:00:00,0.270745,15.5,284.5,5.3,6.8,4.20528,18.86516,25.31316,55.58025,8.1,1.65412
6/1/2020,22:00:00,0.138252,16.5,282.5,4.6,6.5,2.28476,16.30927,19.81252,59.871,10.8,1.19097
6/1/2020,23:00:00,0.132492,14.1,274.4,2.2,5.1,2.51655,19.92656,23.7852,56.72777,9.6,1.19097
6/1/2020,24:00:00,0.198738,19.4,243.6,2.3,3.5,3.14568,19.01283,23.83614,53.18541,14.9,1.45562
7/1/2020,1:00:00,0.088343,16.8,247.8,3.3,4.4,0.92757,12.30434,13.72658,55.81308,8.7,1.41151
7/1/2020,2:00:00,0.084501,19.8,256.8,3.6,4.6,1.10425,16.17859,17.87174,51.35601,12.3,1.23507
7/1/2020,3:00:00,0.072019,18.1,250.7,2.9,4.2,1.15946,16.7225,18.50031,49.04433,6.2,1.19096
7/1/2020,4:00:00,0.072019,12.7,210.9,1.8,2.9,1.68949,22.84103,25.43156,41.46067,7.5,1.85261
7/1/2020,5:00:00,0.063377,16.3,199.2,2.1,4.1,2.31891,27.43113,30.98674,40.26325,9.4,1.91877
7/1/2020,6:00:00,0.057615,15.4,203.3,2.2,4.5,2.4183,26.97295,30.68095,40.01379,8.8,1.19096
7/1/2020,7:00:00,0.095064,18.1,186.3,1.9,3.3,8.04994,48.81497,61.15805,18.31055,11.6,4.36686
7/1/2020,8:00:00,0.190129,16.3,177.4,2.1,3.4,10.5345,46.5853,62.73796,30.48432,8.6,2.11727
7/1/2020,9:00:00,0.193009,15.4,174.4,2.7,3.6,8.21558,35.05526,47.65231,39.76432,8.8,1.78644
7/1/2020,10:00:00,0.15556,16.7,226.7,3.7,6.4,6.55921,33.61972,43.67704,43.60605,9.3,1.32329
7/1/2020,11:00:00,0.187248,20.8,226.4,5.2,8.1,8.31496,38.26657,51.016,40.16346,10.6,1.72028
7/1/2020,12:00:00,0.178606,18.4,228.3,5.8,9.2,10.00446,32.61815,47.9581,44.75357,11.2,1.65411
7/1/2020,13:00:00,0.106587,16.8,229.5,6.9,10.3,5.66478,23.7279,32.41376,52.33723,8.2,1.38946
7/1/2020,14:00:00,0.07778,15.4,232.9,8.5,11.2,5.56539,20.97527,29.50876,53.73422,11.9,1.38946
7/1/2020,15:00:00,0.07778,18.1,224.8,7.6,11.1,4.80347,21.68486,29.05007,50.34153,5.6,1.19096
7/1/2020,16:00:00,0.239101,18.2,218.4,7.6,11.2,5.89667,24.13681,33.17824,49.14411,9.8,1.25713
7/1/2020,17:00:00,0.190129,38.8,224.7,6.7,11.3,6.06231,20.06046,29.35586,49.84261,10.1,1.32329
7/1/2020,18:00:00,0.216056,9,227.6,6.2,11.3,6.82423,23.12228,33.58596,46.40003,13.3,1.32329
7/1/2020,19:00:00,0.120991,2.2,231.3,7,12,3.5115,15.61337,20.9976,52.5368,6.4,1.25713
7/1/2020,20:00:00,0.152679,7.3,239.5,6.9,12.5,3.5115,14.89986,20.28409,53.38498,2.6,0.99247
7/1/2020,21:00:00,0.144037,4.2,248.1,6.9,12.3,2.61706,11.53157,15.54434,57.82541,5.5,1.58795
7/1/2020,22:00:00,0.07778,6.1,249.8,6.5,12.1,1.4576,9.3341,11.56906,58.22455,6.5,1.25713
7/1/2020,23:00:00,0.086422,3.2,254.2,6,11.6,1.42448,7.65209,9.83625,60.5196,7.3,1.38946
7/1/2020,24:00:00,0.092184,16,254.4,4.7,10.7,1.42448,9.33393,11.5181,57.47616,7.5,1.58795
8/1/2020,1:00:00,0.066267,25.8,266.1,6.7,10.3,0.57447,6.5989,7.47973,64.9933,7,1.41151
8/1/2020,2:00:00,0.060506,12.3,269,6.9,9.5,0.39771,3.81003,4.41984,69.38384,9.9,1.23507
8/1/2020,3:00:00,0.054743,19.9,274.9,5.9,8.9,0.59656,6.12303,7.03775,68.00348,8,1.58795
8/1/2020,4:00:00,0.063387,24.4,273.5,4.7,8.2,0.49713,3.98057,4.74283,68.70197,17.5,1.58795
8/1/2020,5:00:00,0.07203,19,266.8,3,7.2,0.89484,9.43954,10.81161,65.05982,15.9,1.65411
8/1/2020,6:00:00,0.080674,16.6,179.3,2.5,5.2,7.65586,30.43666,42.17548,45.10282,12,1.72028
8/1/2020,7:00:00,0.080674,18.3,185.1,2.5,4.4,10.17467,37.59014,53.19108,42.25895,11.1,1.52178
8/1/2020,8:00:00,0.184398,17.8,189.7,2.6,4,5.63418,28.6407,37.27966,54.68218,5.5,1.52178
8/1/2020,9:00:00,0.236259,20.7,184.8,2.7,3.9,11.00323,41.8275,58.69888,43.10712,5.8,1.25712
8/1/2020,10:00:00,0.319814,21.1,192,2.4,5,9.4124,38.29995,52.7321,49.54325,14.2,1.78644
8/1/2020,11:00:00,0.334221,23.6,261.8,3.4,6.6,8.7827,32.89071,46.35733,56.17896,11.3,1.91877
8/1/2020,12:00:00,0.256428,21,272.3,4,7.2,7.88786,33.9568,46.05134,55.53035,13.3,1.8526
8/1/2020,13:00:00,0.342864,25.2,271.5,4.1,7.3,10.00896,33.50938,48.85624,54.73207,13.7,1.78644
8/1/2020,14:00:00,0.342864,24.3,270.1,3.4,7.1,9.24669,31.4653,45.64335,57.72562,14.7,1.72028
8/1/2020,15:00:00,0.35727,24.9,261.6,2.2,6.2,9.51183,36.00558,50.59018,50.34153,10.2,1.91877
8/1/2020,16:00:00,0.360151,27.5,210.3,2.4,4.1,10.70495,45.14076,61.55478,38.46712,13,1.78644
8/1/2020,17:00:00,0.460994,27,221.8,2.3,3.2,19.95164,63.14254,93.73462,18.75958,15.9,2.0511
8/1/2020,18:00:00,0.325577,33.8,217.3,2.2,2.1,30.72287,76.40981,123.51755,6.18667,15.5,2.64658
8/1/2020,19:00:00,0.311171,33.4,236.7,2.3,2.6,27.77321,73.23183,115.81682,4.24086,19.8,3.70521
8/1/2020,20:00:00,0.316934,37.5,238.2,1.8,3.1,28.03835,68.43945,111.43098,4.78968,29.1,3.10973
8/1/2020,21:00:00,0.273715,30.6,223.2,1.4,3,14.84773,60.76879,83.53499,5.08904,19.8,4.10219
8/1/2020,22:00:00,0.348627,27.8,190.1,1.3,2.5,21.77446,59.22562,92.61266,5.43828,24.2,3.57288
8/1/2020,23:00:00,0.267952,3.5,123.6,1.3,2.1,9.21355,57.57617,71.70341,4.19097,2.9,3.17589
8/1/2020,24:00:00,0.267952,29.4,117.1,1.7,2,11.89807,55.70388,73.94733,6.28646,23.6,3.83753
9/1/2020,1:00:00,0.230535,14.6,118.1,4,4.5,2.60836,32.81113,36.81057,41.0449,10.4,2.91123
9/1/2020,2:00:00,0.193073,7.1,109,3.6,4.4,0.57473,12.99928,13.88051,68.85165,6.8,2.02904
9/1/2020,3:00:00,0.210363,5.2,102.9,4,5.1,0.59683,8.37257,9.28769,68.00348,7.4,0.86014
9/1/2020,4:00:00,0.181547,5.2,95.2,4.5,5.8,0.56367,6.9435,7.80779,69.99918,4.3,0.99246
9/1/2020,5:00:00,0.198836,6.1,132.9,3.7,6,2.12206,11.90252,15.15629,60.91874,3.1,0.99246
9/1/2020,6:00:00,0.227653,11.1,174.4,2.9,6.8,1.8568,23.84231,26.68936,43.60605,7.8,1.12479
9/1/2020,7:00:00,0.302577,12.3,204,3.7,8.2,2.98414,40.68912,45.26475,23.34969,12.3,1.25712
9/1/2020,8:00:00,0.32563,15.7,225.1,4.9,8.8,18.46854,57.72071,86.03875,5.93721,16.7,2.64657
9/1/2020,9:00:00,0.391909,16.6,222.3,4.3,7.9,36.67182,65.99059,122.21993,9.28001,11.3,2.24958
9/1/2020,10:00:00,0.340038,9.9,235,3.4,8.5,7.1951,25.04678,36.07912,49.59315,1.7,1.8526
9/1/2020,11:00:00,0.161374,9.8,269.5,4.8,9.1,3.434326,21.195454,26.461346,45.056254,5.6,1.135756
9/1/2020,12:00:00,0.149848,11.9,280.6,5.8,7.7,8.38876,22.09384,34.95643,47.74712,3.8,1.033282
9/1/2020,13:00:00,0.32563,5.6,286,4.7,6.5,9.51611,29.09162,43.68278,42.45852,5.1,1.78644
9/1/2020,14:00:00,0.270878,7.7,285.2,3.5,6,10.11293,27.00278,42.50906,41.9097,4.9,1.32328
9/1/2020,15:00:00,0.302577,10,325.6,2.8,5.6,10.14609,34.35147,49.9086,37.46927,6.9,0.99246
9/1/2020,16:00:00,0.391909,9.6,346.3,2.8,5.2,13.19655,41.46239,61.69682,28.98754,10.6,0.79397
9/1/2020,17:00:00,0.406317,9.6,1.8,3.5,5.2,24.63577,51.12218,88.8965,20.00689,9,1.12479
9/1/2020,18:00:00,0.420726,10.1,8.1,3.7,4.3,23.50843,53.87137,89.91712,21.15442,7.2,0.99246
9/1/2020,19:00:00,0.337157,16.7,6.3,3.6,3.6,11.80395,42.11778,60.21692,33.72733,3.4,1.25712
9/1/2020,20:00:00,0.299695,9.5,1.7,3.7,3.7,5.96829,34.32741,43.47866,43.35658,11.2,1.32328
9/1/2020,21:00:00,0.23918,11,358.6,3.6,3.8,4.60885,20.337,27.4038,56.22885,9.5,0.86014
9/1/2020,22:00:00,0.2046,10.2,345.2,2.3,2.7,1.98943,13.78991,16.84032,63.46326,6,0.72781
9/1/2020,23:00:00,0.178664,6.3,334.1,2.8,2.3,1.29313,8.93792,10.92069,67.30498,5.3,0.59548
9/1/2020,24:00:00,0.178664,4.8,326.6,3,2.4,0.9284,8.78273,10.20626,66.00778,3.8,0.46315
10/1/2020,1:00:00,0.080687,4.1,321.9,3,3.1,0.97275,7.62588,9.11742,68.45251,4.1,0.79391
10/1/2020,2:00:00,0.080687,2,319.5,3.1,2.7,1.14962,7.62686,9.38958,66.7229,6.9,0.88212
10/1/2020,3:00:00,0.077806,4.6,325.2,2.8,2.2,1.49229,15.4704,17.75855,55.231,2.9,1.12471
10/1/2020,4:00:00,0.072042,3.9,317,2.5,1.6,0.82905,9.08796,10.35915,61.46756,3.6,0.79391
10/1/2020,5:00:00,0.066279,6.5,312.4,2.7,1.2,0.99486,8.32342,9.84885,58.97294,3,0.66159
10/1/2020,6:00:00,0.06916,6,304.3,2.6,0.9,2.52031,17.00697,20.8714,50.591,4.4,0.99239
10/1/2020,7:00:00,0.06916,7.6,296.7,2.4,0.6,4.44371,18.65054,25.46412,48.29594,6.9,0.86007
10/1/2020,8:00:00,0.184428,8,289.7,2.4,0.1,10.51235,35.52397,51.64267,31.33249,6.5,0.99239
10/1/2020,9:00:00,0.293931,6.2,291.4,2.5,0.1,19.66505,54.50662,84.65928,14.76818,10,0.92623
10/1/2020,10:00:00,0.198836,11.4,293,2.5,1.7,25.43524,57.08992,96.09007,15.9656,9.9,1.25703
10/1/2020,11:00:00,0.158493,12.1,271.6,2.2,3.4,22.78228,48.55324,83.48558,22.6013,11.1,1.52166
10/1/2020,12:00:00,0.219008,13.6,269,2.2,4.7,28.32033,54.09502,97.51891,20.55571,9.5,0.99239
10/1/2020,13:00:00,0.380383,12.3,263.6,3.4,4.2,17.47636,45.20705,72.00376,32.33034,14.4,1.05855
10/1/2020,14:00:00,0.348684,15.8,257.8,3.5,3.4,18.53754,49.34635,77.77019,28.6383,13.5,1.38934
10/1/2020,15:00:00,0.3775,20.2,252.4,3,3.8,26.82804,63.62947,104.76522,15.81592,18,1.25703
10/1/2020,16:00:00,0.29105,21.2,209.1,2.2,2.1,18.43806,62.46059,90.73188,15.21721,13.9,1.05855
10/1/2020,17:00:00,0.314103,21.9,182.4,2.4,1.3,31.00645,76.46109,124.00365,5.48818,13.3,1.05855
10/1/2020,18:00:00,0.276642,19.3,192.3,2.7,2.1,33.16198,70.40036,121.24801,6.48603,11.8,1.38934
10/1/2020,19:00:00,0.230535,16.5,203.7,2.5,1.7,18.43806,61.7972,90.06849,16.11528,12.9,1.19087
10/1/2020,20:00:00,0.141202,14.8,187,2.7,2.1,9.31852,49.14248,63.43067,30.03529,13.4,0.86007
10/1/2020,21:00:00,0.118149,11.7,199.7,3,2.5,3.3162,22.01233,27.09709,56.67788,10.5,0.59544
10/1/2020,22:00:00,0.097977,11.8,222,4.6,3.7,2.48715,18.0274,21.84097,60.66928,8.6,0.86007
10/1/2020,23:00:00,0.092214,11,218.1,4.7,4.2,2.05604,12.81993,15.97249,66.45681,8,0.52927
10/1/2020,24:00:00,0.112386,10.1,219.4,4.6,4.4,1.98972,9.80878,12.85964,69.79961,8.3,0.66159
11/1/2020,1:00:00,0.103741,6.8,218.8,5,6.2,1.23823,7.83101,9.72959,71.8452,4.3,0.70565
11/1/2020,2:00:00,0.074923,7.5,226.2,5.9,6.4,1.01712,6.06083,7.62038,72.51043,5.3,0.97026
11/1/2020,3:00:00,0.097977,7.1,228.2,6.8,6.8,0.796,5.56638,6.7869,72.59359,5,0.79385
11/1/2020,4:00:00,0.083569,8.8,225.9,7.1,7.2,0.597,4.85092,5.76631,73.09251,7.8,0.79385
11/1/2020,5:00:00,0.080687,0.3,222.3,7.2,7.4,0.43117,3.72741,4.38852,74.04047,7.6,1.12462
11/1/2020,6:00:00,0.072042,6.8,219.1,7.7,8.2,0.53067,4.23822,5.0519,74.43961,5.4,0.52923
11/1/2020,7:00:00,0.06916,6.8,220.1,7.1,8.3,0.72967,6.17838,7.29719,72.24434,7.9,1.05847
11/1/2020,8:00:00,0.092214,6.2,224.8,7.3,8.6,1.49251,7.71327,10.00175,71.39617,4.7,0.86001
11/1/2020,9:00:00,0.106622,4.5,228.6,8.1,8.9,2.25534,10.26875,13.72689,69.55015,4.3,1.25693
11/1/2020,10:00:00,0.112386,4.4,229.1,8.4,9.2,2.68651,11.80189,15.92115,66.45681,4.1,0.59539
11/1/2020,11:00:00,0.152729,10,228.4,8.3,9.8,3.58201,15.32762,20.81997,64.36133,4.2,0.92616
11/1/2020,12:00:00,0.158493,8,229.5,8.4,10.6,3.84735,14.2574,20.15659,64.01208,4.1,0.86001
11/1/2020,13:00:00,0.175783,7,229.5,7.8,10.6,4.11268,15.12629,21.43232,63.31358,6.4,1.38924
11/1/2020,14:00:00,0.187309,5.3,230.4,7.5,10.1,3.94685,15.94189,21.99364,61.8667,8.7,1.25693
11/1/2020,15:00:00,0.181547,6.2,229.3,7.4,9.9,3.91368,17.01333,23.01423,60.96864,4.1,0.79385
11/1/2020,16:00:00,0.187309,4.1,231.5,7.7,9.8,3.68151,17.06314,22.70805,59.2224,8.3,1.05847
11/1/2020,17:00:00,0.164256,5.7,235.6,8.2,9.7,3.21718,14.20306,19.136,61.8667,6.1,1.25693
11/1/2020,18:00:00,0.175783,4.4,239.6,8.3,9.5,3.38301,18.94966,24.13687,56.22885,8.2,1.12462
11/1/2020,19:00:00,0.334276,8,241.2,8,9.8,5.43935,25.23707,33.5773,59.02283,2.9,1.25693
11/1/2020,20:00:00,0.44666,6.4,244.6,7.1,10.2,5.04135,29.41939,37.14935,65.30928,5.1,1.4554
11/1/2020,21:00:00,0.314103,5,254.3,4.7,9.9,3.64835,24.66634,30.26039,68.85165,8.8,1.19078
11/1/2020,22:00:00,0.149848,6.2,244.7,3.9,9.5,1.65834,22.00236,24.54511,67.80391,4.6,1.19078
11/1/2020,23:00:00,0.190191,6.3,244.5,4.4,9.2,2.62018,21.85432,25.87187,66.80606,8.1,0.99232
11/1/2020,24:00:00,0.181547,3.8,269.4,3.3,8.8,2.32168,27.00672,30.56657,60.17036,3.3,1.32309
12/1/2020,1:00:00,0.083569,5.8,212,1.7,8.2,1.76915,28.24454,30.9572,54.14999,13.1,1.14659
12/1/2020,2:00:00,0.074923,6.5,230.1,2.1,8.2,1.50378,20.75905,23.06482,58.14139,12.9,1.05839
12/1/2020,3:00:00,0.089333,10.7,243.4,2.5,7.8,2.05664,30.42319,33.57666,45.15271,7.4,1.38914
12/1/2020,4:00:00,0.074923,9.6,230.5,2.9,7.8,1.52589,20.87823,23.2179,54.88175,11.2,0.92609
12/1/2020,5:00:00,0.083569,10.8,267.2,2,7.6,1.19418,23.2749,25.10595,46.94884,9.6,1.25684
12/1/2020,6:00:00,0.066279,11.2,301.6,1.6,7.4,2.05664,29.70879,32.86226,40.41293,12.9,1.25684
12/1/2020,7:00:00,0.115267,11.5,291.4,2.3,7.3,7.06555,39.88849,50.72218,26.69249,11.7,1.52144
12/1/2020,8:00:00,0.207481,12.5,288.1,2.3,7.1,5.73869,36.76912,45.56832,29.63615,14.3,1.38914
12/1/2020,9:00:00,0.195955,14.3,310.4,2.8,6.4,7.99436,42.80175,55.05959,23.44948,9.6,1.71988
12/1/2020,10:00:00,0.132557,7.4,293.6,3.8,6.3,3.64888,25.58346,31.17832,52.48691,6.6,1.52144
12/1/2020,11:00:00,0.184428,3.5,278.5,4.6,6.9,4.87623,20.23162,27.70839,60.27014,8.9,0.92609
12/1/2020,12:00:00,0.331394,6,273,4.9,7.5,8.72413,27.70101,41.07782,55.68003,7.2,1.58759
12/1/2020,13:00:00,0.262234,7.6,267.9,3.9,7.9,6.56798,19.11746,29.18822,63.16391,3.6,1.38914
12/1/2020,14:00:00,0.265115,13.7,265.5,3,7.7,6.96604,24.12023,34.80134,57.82541,7.5,1.45529
12/1/2020,15:00:00,0.270878,7.7,262.3,2.7,7.1,7.16507,25.60105,36.58733,55.58025,4.3,1.71988
12/1/2020,16:00:00,0.3775,8,220.6,2.3,5.3,7.56313,29.58325,41.17988,48.74497,5.4,1.38914
12/1/2020,17:00:00,0.27376,9.5,224.5,2.6,4.4,6.46846,31.46582,41.38399,43.15701,5.5,1.19069
12/1/2020,18:00:00,0.190191,13.5,217.9,2.4,3.5,7.09872,40.85819,51.74275,33.12862,7.1,1.38914
12/1/2020,19:00:00,0.097977,12.5,222.2,2.5,2.9,4.54451,38.49811,45.46626,34.5755,9.3,0.99224
12/1/2020,20:00:00,0.092214,10.5,211.1,2.6,2.4,2.62056,33.43668,37.45481,38.46712,6.9,1.38914
12/1/2020,21:00:00,0.13544,12.3,212.3,2.7,2.3,5.67234,49.52588,58.22335,21.60345,13.3,1.19069
12/1/2020,22:00:00,0.158493,15.9,213.4,3,2.2,12.37301,60.32638,79.29806,8.93076,15.1,1.65373
12/1/2020,23:00:00,0.149848,16.4,219.1,2.4,1.8,5.3738,48.96307,57.20278,16.36474,15,1.58759
12/1/2020,24:00:00,0.109503,11.5,218.6,2.3,1.5,6.3026,39.73159,49.39544,27.09163,10.4,1.45529
13/01/2020,1:00:00,0.096056,9,204.9,3.4,3.1,1.72517,21.37165,24.01688,45.70153,8.3,0.70554
13/01/2020,2:00:00,0.099899,6.5,200.2,2.4,2.4,1.06165,19.46348,21.09131,45.43544,9.3,1.14651
13/01/2020,3:00:00,0.080687,9.4,205.4,2.8,2.4,0.92894,16.23112,17.65547,51.48906,4.5,1.1906
13/01/2020,4:00:00,0.054752,7.7,210.8,2.4,2.6,0.6967,11.99474,13.06301,58.42412,4.8,1.12446
13/01/2020,5:00:00,0.080687,8.5,206.7,2.9,2.3,2.02376,32.25891,35.36197,33.37808,8.7,1.45518
13/01/2020,6:00:00,0.123913,12,204.6,3.3,2.4,5.50729,48.65525,57.09963,17.21291,8.9,3.5718
13/01/2020,7:00:00,0.193073,13.6,201.4,3.5,2.5,11.08092,57.10123,74.09175,10.07829,10.1,5.42384
13/01/2020,8:00:00,0.146966,13.8,192.7,3.1,2.2,20.70208,71.12843,102.87118,5.3385,9.8,3.24108
13/01/2020,9:00:00,0.181547,17,186.3,3.9,2.2,31.48442,74.90464,123.18008,6.38624,10.7,2.91035
13/01/2020,10:00:00,0.144084,11.5,193.1,5,3.7,21.56467,60.97808,94.04345,17.66195,12.2,2.3812
13/01/2020,11:00:00,0.12103,13.6,196.2,6.5,4.8,15.36068,46.71198,70.26469,29.88561,11.8,3.50566
13/01/2020,12:00:00,0.126794,13.5,183.2,6.7,5.3,8.82493,43.00696,56.53833,36.5712,10.4,2.24891
13/01/2020,13:00:00,0.126794,10.5,195.7,8,7,9.05716,39.94642,53.83388,36.47142,10,2.11662
13/01/2020,14:00:00,0.13544,19.1,191.5,7.6,6.6,8.42681,46.57699,59.49792,30.18496,7.5,2.24891
13/01/2020,15:00:00,0.138321,10.1,187.9,8,6.9,7.16611,41.00902,51.99689,39.76432,10.2,1.58747
13/01/2020,16:00:00,0.138321,12.8,186,8.4,7,5.60681,35.49066,44.08765,45.05293,5.8,1.7859
13/01/2020,17:00:00,0.146966,10.5,197.3,9.8,7.4,6.36987,38.1477,47.9147,41.71013,7.8,1.12446
13/01/2020,18:00:00,0.126794,10.2,211.3,10.1,8,6.13764,31.2579,40.66882,48.94454,7.6682,1.25674
13/01/2020,19:00:00,0.149848,12.5,223.9,8.5,7.9,3.64941,19.76493,25.36061,76.5351,3.4,0.85988
13/01/2020,20:00:00,0.184428,1,238.7,7,7.7,3.61623,22.00997,27.55478,69.10111,7.8,1.1906
13/01/2020,21:00:00,0.158493,9.1,237.1,6.5,6.5,3.05223,20.78264,25.46266,64.21165,9.6,1.05831
13/01/2020,22:00:00,0.080687,13.6,236.8,6.1,6.5,2.18964,15.52272,18.88013,65.2095,9.8,0.92602
13/01/2020,23:00:00,0.089333,17.7,235.1,6.1,6.1,1.79153,11.08145,13.82842,67.55445,11.2,0.99217
13/01/2020,24:00:00,0.074923,16.4,236.9,6.3,5.5,1.2607,7.96626,9.89931,68.80176,13.7,1.1906
14/01/2020,1:00:00,0.072042,14.1,233.9,6,5.4,0.84059,7.35158,8.64047,69.64993,10.1,0.79368
14/01/2020,2:00:00,0.051871,9,226,5,4.9,0.48666,5.92125,6.66745,76.16922,8.2,1.41098
14/01/2020,3:00:00,0.054752,9.9,226.8,4.8,4.5,0.43136,5.41074,6.07214,75.53725,6.4,0.99209
14/01/2020,4:00:00,0.051871,6.9,214.4,3.8,4,0.5309,6.7889,7.60293,70.89724,9.3,0.85981
14/01/2020,5:00:00,0.063397,12.2,200.4,4.3,3.8,0.76317,10.20871,11.37889,67.45466,8.4,1.05823
14/01/2020,6:00:00,0.057634,10.4,204.2,4.6,4.1,1.55952,16.48854,18.87977,61.8667,9,1.05823
14/01/2020,7:00:00,0.089333,9.7,200.7,3.2,4.2,9.39029,48.87449,63.27273,26.94195,5.2,1.25665
14/01/2020,8:00:00,0.172901,13.9,210.8,3.6,3.5,26.67771,69.00561,109.91086,6.13678,11.7,1.25665
14/01/2020,9:00:00,0.152729,10.3,226.3,7.2,5.7,8.89257,42.03471,55.6698,41.46067,8.5,1.05823
14/01/2020,10:00:00,0.181547,9.8,219.1,6,5.8,17.18788,47.94005,74.29443,35.02454,9.9,0.79368
14/01/2020,11:00:00,0.167137,17.4,213.6,6.2,6.4,27.47406,64.67194,106.79825,18.85937,12.3,1.38893
14/01/2020,12:00:00,0.138321,16.9,206.6,6.6,6.9,10.81708,44.28853,60.87449,32.48002,11.5,1.19051
14/01/2020,13:00:00,0.17002,15.5,197.3,6.1,6.6,12.21069,50.6731,69.3959,27.84002,9.4,0.99209
14/01/2020,14:00:00,0.184428,16.2,193.7,5.6,6.8,13.30567,57.10735,77.50909,21.80302,12.9,1.05823
14/01/2020,15:00:00,0.2046,9.5,172.5,6.3,7.1,12.80796,53.63531,73.2739,23.2998,11,1.85191
14/01/2020,16:00:00,0.2046,12.8,216.7,6.5,9.4,12.34342,45.469,64.39531,34.22626,11.3,2.64558
14/01/2020,17:00:00,0.175783,11.3,236.2,8.4,10.7,4.944,18.23866,25.81936,65.05982,5.6,1.91805
14/01/2020,18:00:00,0.2046,6,266.3,5.7,9.4,5.97262,19.11073,28.26862,64.66068,3.5,1.78577
14/01/2020,19:00:00,0.299695,2.6,262.8,5.1,8,5.8399,25.53946,34.49384,55.63014,6.9,1.52121
14/01/2020,20:00:00,0.32563,3.4,257.5,4.8,7.6,5.80672,25.38623,34.28974,52.18756,4.1,1.38893
14/01/2020,21:00:00,0.193073,6.1,251.4,5.1,7.2,3.7163,25.78504,31.48329,51.08992,4,1.12437
14/01/2020,22:00:00,0.132557,7.7,251.8,4.5,6.2,2.38905,20.26822,23.93138,58.22455,2.8,1.25665
14/01/2020,23:00:00,0.141202,8.2,253,3.5,5.4,2.85359,18.02515,22.40059,58.87315,4.6,1.38893
14/01/2020,24:00:00,0.123913,5.4,225.6,2.6,4.3,1.92451,21.33769,24.28856,53.63444,4.9,1.25665
15/01/2020,1:00:00,0.092214,7.9,226.8,2.9,4.8,1.23895,21.64004,23.53973,53.95042,6.3,2.73356
15/01/2020,2:00:00,0.08645,2.9,210.2,2.6,3.7,0.92921,13.81482,15.23959,63.19717,7.1,1.85177
15/01/2020,3:00:00,0.072042,6.6,187.2,2.2,2.5,0.69691,10.25907,11.32764,66.05767,6.7,2.24858
15/01/2020,4:00:00,0.063397,8.6,198.1,2.3,2,0.49779,9.85002,10.61329,67.25509,4.6,1.7195
15/01/2020,5:00:00,0.060515,9.1,194.3,2.5,1.6,0.86284,10.82105,12.14405,66.35703,5.6,1.78563
15/01/2020,6:00:00,0.057634,10.6,186,2.6,1.2,1.22788,17.81308,19.69581,58.97294,4.2,1.7195
15/01/2020,7:00:00,0.074923,8,183.6,2.6,0.8,3.58409,31.08969,36.58522,47.64734,4.8,1.7195
15/01/2020,8:00:00,0.164256,10.8,177,2.5,0.5,8.06421,40.54841,52.91336,39.16561,6.5,1.58723
15/01/2020,9:00:00,0.282405,13.4,176.3,2.4,0.4,12.44477,54.8031,73.88481,27.49077,10.2,1.38883
15/01/2020,10:00:00,0.340038,12.2,199.7,2.4,2.7,15.59744,53.38777,77.30351,26.34324,10.8,1.58723
15/01/2020,11:00:00,0.314103,13.8,237.3,4.5,6,12.14609,44.08649,62.71024,37.51916,8.4,2.1163
15/01/2020,12:00:00,0.282405,14.6,240.4,4.8,6.9,13.70584,36.59238,57.6077,45.00304,10.1,2.05017
15/01/2020,13:00:00,0.213244,15.6,239.2,5,7.2,9.52439,28.92081,43.52468,52.98584,7.4,2.18244
15/01/2020,14:00:00,0.23918,13.9,239.6,6.1,7.1,8.99342,26.01011,39.79983,56.62799,7.5,1.65336
15/01/2020,15:00:00,0.267997,16.7,239.6,5.8,6.6,9.69033,32.6974,47.55569,48.84476,7.1,2.31471
15/01/2020,16:00:00,0.293931,15,236.1,5.1,5.6,10.58635,42.75321,58.98538,37.16991,8.7,2.38084
15/01/2020,17:00:00,0.25647,14.6,231.6,6,5.4,11.1837,48.31752,65.46561,33.97679,7.4,1.9179
15/01/2020,18:00:00,0.22189,14.2,236.1,4.9,5.3,7.66598,40.6998,52.45413,42.65809,9.6,1.85177
15/01/2020,19:00:00,0.244943,12.2,234.2,3.8,4.7,6.60402,34.57224,44.69827,48.19616,8.4,1.58723
15/01/2020,20:00:00,0.262234,13.1,234.3,4.5,4.7,5.90712,27.47675,36.5342,52.93594,8.8,1.45496
15/01/2020,21:00:00,0.216127,11.6,227.8,3.2,4.2,3.98233,24.15193,30.25807,54.23315,6.2,1.45496
15/01/2020,22:00:00,0.132557,11.3,189.6,2.8,3.4,3.15267,23.07687,27.91091,51.28949,8,1.19042
15/01/2020,23:00:00,0.095095,9.5,188.1,3.3,4,2.25665,15.06208,18.52223,58.47401,6.9,1.32269
15/01/2020,24:00:00,0.08645,7.1,187.4,3.8,4,1.85842,17.86679,20.71632,51.83831,6.9,1.25656
16/01/2020,1:00:00,0.061476,8.1,224.4,5,4.9,0.92935,12.04548,13.47045,56.87745,7.1,0.79356
16/01/2020,2:00:00,0.065319,10.3,221.1,4.6,5,1.15062,12.59062,14.35488,60.13709,6.3,0.88173
16/01/2020,3:00:00,0.066279,9.6,204.4,3.4,4.5,0.92935,10.87192,12.29689,59.67143,6.2,0.6613
16/01/2020,4:00:00,0.077806,8.1,200.6,4.1,4.4,1.79231,20.36591,23.11407,45.45207,8.3,1.85163
16/01/2020,5:00:00,0.095095,13.5,204.6,4.8,4.7,2.38974,26.79737,30.46159,33.42798,9.6,2.51293
16/01/2020,6:00:00,0.092214,15.5,192.9,5.2,4.5,3.75057,33.58905,39.33984,24.84647,10.5,5.75328
16/01/2020,7:00:00,0.112386,13.2,188,5.2,4.9,6.70455,42.37705,52.65722,18.51012,9.3,2.18228
16/01/2020,8:00:00,0.109503,15.4,190.9,6.1,5.9,8.09857,44.93384,57.35147,21.00474,8.6,1.7855
16/01/2020,9:00:00,0.187309,22.1,187.7,6.4,5.8,13.17677,55.41412,75.61822,11.9742,11.6,2.71131
16/01/2020,10:00:00,0.15561,25,187,6.7,5.7,16.03118,56.49703,81.07784,11.22581,11,5.8194
16/01/2020,11:00:00,0.132557,17.1,186.2,6.7,5.8,12.51295,41.02258,60.20884,37.41938,10.6,2.9097
16/01/2020,12:00:00,0.12103,20.4,180.2,6.8,5.8,8.86196,33.76253,47.35068,44.50411,6.4,2.18228
16/01/2020,13:00:00,0.115267,18.7,177.4,7.1,6.1,9.62535,44.22559,58.98425,33.57765,13.4,5.09198
16/01/2020,14:00:00,0.149848,17.1,176.4,8.5,7.2,9.69173,43.66459,58.52503,30.78367,10,5.22424
16/01/2020,15:00:00,0.175783,15.4,181.9,8.4,8.1,10.18959,46.2178,61.84162,27.04174,10.3,7.47264
16/01/2020,16:00:00,0.158493,16.9,184.9,8.3,8.6,7.03646,38.70462,49.49371,33.9269,9.2,3.50487
16/01/2020,17:00:00,0.146966,19.5,186.1,9.1,8.7,7.50113,34.01222,45.5138,37.21981,10.2,2.24841
16/01/2020,18:00:00,0.158493,11.2,193.6,7.9,9.5,8.13176,36.71904,49.18756,32.77937,10.9,1.52098
16/01/2020,19:00:00,0.152729,14.7,208.3,6.3,10,6.9037,30.28505,40.87058,36.42153,11.7,1.65324
16/01/2020,20:00:00,0.144084,9.6,223.1,4.6,9.4,5.54287,29.51426,38.01321,44.70368,7.6,1.25646
16/01/2020,21:00:00,0.08645,9.3,219.6,3.7,8.1,2.12422,13.01971,16.2768,70.39832,7.2,1.1242
16/01/2020,22:00:00,0.060515,9.3,200.6,2.2,6.4,1.42721,11.74132,13.92967,72.19445,6.3,1.32259
16/01/2020,23:00:00,0.146966,9.1,145.4,2.5,5,2.75484,19.60438,23.82841,62.5652,8.3,1.71937
16/01/2020,24:00:00,0.129676,10.3,149.5,2.6,4.7,1.75912,15.00821,17.70548,68.05337,5.1,1.32259
17/01/2020,1:00:00,0.08645,12.9,203.8,2.7,5.6,0.70818,15.85394,16.93979,63.99545,8,1.23433
17/01/2020,2:00:00,0.083569,7.5,193.9,2.9,5.2,1.32783,19.52994,21.56592,58.54053,6.5,1.14616
17/01/2020,3:00:00,0.072042,14.4,193.6,4,5.3,1.42741,19.85347,22.04214,57.77552,5.7,1.38862
17/01/2020,4:00:00,0.077806,10.1,201.5,3.9,5.3,1.42741,15.15931,17.34798,61.11831,4.1,0.92575
17/01/2020,5:00:00,0.095095,11.9,201.3,3.5,5,1.62659,20.87468,23.36875,53.38498,6.6,1.38862
17/01/2020,6:00:00,0.100859,10.9,203.1,3.6,4.9,1.527,28.32373,30.6651,44.15486,6.8,1.78537
17/01/2020,7:00:00,0.195955,14.4,199.7,3.5,4.9,12.64755,57.65279,77.04543,16.31485,13.1,2.57886
17/01/2020,8:00:00,0.293931,22.1,218.7,4.5,5.5,26.49015,71.88908,112.50674,5.13893,12.1,2.38049
17/01/2020,9:00:00,0.276642,13.2,242.9,3.3,6,15.27001,67.20398,90.61767,18.16087,9.8,1.19025
17/01/2020,10:00:00,0.400553,11.2,262.7,2.8,6.1,23.8013,73.5628,110.05761,14.71829,7.9,1.32249
17/01/2020,11:00:00,0.316985,15.6,322.8,3.6,5.1,22.07512,50.90192,84.74997,29.43658,10,1.38862
17/01/2020,12:00:00,0.057634,7.1,306.5,3.1,5.3,6.97109,24.56836,35.25721,57.12691,5.3,0.99187
17/01/2020,13:00:00,0.158493,9.5,294.6,3.7,5.7,9.32798,35.2921,49.59481,50.39143,7.4,1.058
17/01/2020,14:00:00,0.244943,8.2,281.8,3.7,5.1,11.91725,41.67971,59.95257,42.95744,4.9,0.99187
17/01/2020,15:00:00,0.167137,13.9,270.9,3.4,4.6,11.02096,39.94156,56.84014,44.75357,8.1,1.45474
17/01/2020,16:00:00,0.253588,14,271.3,3.6,4,10.78859,40.604,57.14628,44.00519,6.8,1.45474
17/01/2020,17:00:00,0.368856,14.1,264.7,3.2,3.4,9.36118,38.76182,53.11543,44.75357,7.5,1.19025
17/01/2020,18:00:00,0.363092,14.2,257.9,2.4,2.5,9.49396,37.33366,51.89086,42.20906,8.2,1.12412
17/01/2020,19:00:00,0.305458,14.8,249.5,2,1.3,8.00016,33.14415,45.41088,44.35443,8.5,1.058
17/01/2020,20:00:00,0.288169,10.4,248.2,3,1.7,7.20346,33.60038,44.64553,43.2568,7.8,1.058
17/01/2020,21:00:00,0.224771,8.4,295.1,3.9,2.8,7.07068,32.73248,43.57404,44.50411,7.9,1.12412
17/01/2020,22:00:00,0.103741,8.2,299.6,4.6,3.9,4.51461,27.31444,34.23674,52.88605,7.6,0.46287
17/01/2020,23:00:00,0.13544,7.2,300.9,4.8,3.8,4.28224,24.5583,31.12431,55.28089,6,0.99187
17/01/2020,24:00:00,0.092214,10.8,295.3,4,3.3,4.31544,24.30331,30.92022,49.49336,8.3,1.19025
18/01/2020,1:00:00,0.095095,11.9,286.2,4.4,3.3,2.47897,20.28158,24.08261,53.08562,7,0.8816
18/01/2020,2:00:00,0.072042,10.5,294.7,4.9,3.3,1.72643,12.25142,14.89857,66.12419,8.5,0.96975
18/01/2020,3:00:00,0.057634,6.5,297,4.7,3.3,1.66002,9.95518,12.50051,70.84735,7.6,0.9918
18/01/2020,4:00:00,0.06916,6.5,292.8,4.1,2.9,1.66002,10.72051,13.26585,66.85595,5.5,1.05792
18/01/2020,5:00:00,0.060515,10.4,296.6,4,2.8,1.19522,10.15764,11.99029,68.00348,7.1,0.72732
18/01/2020,6:00:00,0.051871,9.4,300.3,4,2.8,1.16202,7.04516,8.82689,70.29853,6,0.79344
18/01/2020,7:00:00,0.051871,8.4,300.1,4,2.8,1.79283,11.38427,14.13323,65.70842,7.5,0.52896
18/01/2020,8:00:00,0.178664,10.9,299,4.1,2.7,4.05046,25.8315,32.04212,50.69078,7.5,1.25628
18/01/2020,9:00:00,0.106622,12.3,294.8,4.1,2.8,3.95086,28.73944,34.79734,46.94884,6.4,0.79344
18/01/2020,10:00:00,0.149848,11.2,294.8,4.4,4,6.6069,30.02426,40.1547,48.89465,4.3,0.79344
18/01/2020,11:00:00,0.213244,10.5,297.3,4.6,5.2,8.56573,30.74541,43.87934,52.28734,6.4,0.72732
18/01/2020,12:00:00,0.195955,13.7,295.8,4.9,5.7,7.86852,26.45709,38.52198,53.83401,9.6,0.85956
18/01/2020,13:00:00,0.13544,16.2,297.7,4.8,6.3,11.58697,28.86811,46.63455,52.38713,10.9,1.25628
18/01/2020,14:00:00,0.08645,11.2,293.2,4.4,6.3,6.8061,17.88161,28.31748,63.46326,10.6,1.12404
18/01/2020,15:00:00,0.089333,12.6,297.1,4.3,5.8,4.78087,17.46636,24.79693,62.91444,6.7,1.12404
18/01/2020,16:00:00,0.089333,8.2,300.3,4,4.8,4.54847,18.99623,25.97044,61.81681,6.1,1.12404
18/01/2020,17:00:00,0.118149,8.6,307.5,4.3,4.2,6.04249,28.8998,38.16482,49.29379,8.4,0.92568
18/01/2020,18:00:00,0.112386,11.6,309,4.3,3.9,6.20849,28.23709,37.75664,47.34798,8.2,1.19015
18/01/2020,19:00:00,0.097977,12.9,311.7,4.5,3.8,6.24169,27.36982,36.94028,46.44992,5.7,0.92568
18/01/2020,20:00:00,0.109503,10.7,316.1,4.8,3.5,6.7729,29.41257,39.79754,43.15701,8.6,1.05792
18/01/2020,21:00:00,0.115267,13.4,319.7,5,3.3,6.5073,31.8097,41.78742,38.36733,7.3,0.79344
18/01/2020,22:00:00,0.118149,10.9,326.6,4.6,3,6.10889,28.64492,38.01175,41.46067,8.3,1.12404
18/01/2020,23:00:00,0.112386,12.6,326,3.2,2.3,6.00929,27.01185,36.22597,40.96174,7.8,1.12404
18/01/2020,24:00:00,0.097977,10.2,316.5,2.2,1.2,4.71447,23.99701,31.22576,45.75142,9.7,1.19015
19/01/2020,1:00:00,0.096056,6.3,304.9,2.5,0.1,4.07318,22.25856,28.50402,43.24017,10.2,1.23414
19/01/2020,2:00:00,0.103741,9.3,301.4,2.3,-0.5,3.18771,21.71146,26.59921,44.03845,10,0.96968
19/01/2020,3:00:00,0.097977,9,302.3,2.3,-0.9,3.61938,20.72644,26.27608,43.50626,9.2,1.32229
19/01/2020,4:00:00,0.080687,10,303.4,2.3,-1.1,3.02168,18.73467,23.36785,44.80347,8.7,0.99172
19/01/2020,5:00:00,0.074923,8.9,308.9,2.5,-1.2,2.78925,17.45838,21.73516,46.40003,7.1,1.52064
19/01/2020,6:00:00,0.063397,8.2,306.1,2.3,-1.5,2.05873,14.75188,17.90855,49.44347,7.6,1.45453
19/01/2020,7:00:00,0.057634,9.5,307.5,2.4,-1.5,1.95911,17.50672,20.51065,46.44992,6.5,1.12395
19/01/2020,8:00:00,0.057634,9.3,308,2.4,-1.7,2.62322,20.31505,24.33726,43.9054,7.4,1.19007
19/01/2020,9:00:00,0.066279,11.1,300.6,2.3,-1.8,2.95527,23.32639,27.85774,39.96389,7.3,0.85949
19/01/2020,10:00:00,0.080687,10.6,291.6,2.1,0.5,6.77388,31.50218,41.88866,31.78152,8.4,1.12395
19/01/2020,11:00:00,0.100859,15.8,288.9,2.2,3.1,10.09441,31.97212,47.45,37.21981,7.1,0.92561
19/01/2020,12:00:00,0.141202,16.1,281.5,2.4,4.7,8.66658,28.85519,42.14376,42.85766,11.6,1.12395
19/01/2020,13:00:00,0.152729,13.7,282.6,2.7,5,9.29748,35.28594,49.54188,38.5669,13.4,1.38841
19/01/2020,14:00:00,0.184428,21.3,278.3,2.6,5.4,14.44431,42.13947,64.2871,36.42153,12.2,1.45453
19/01/2020,15:00:00,0.126794,17.4,271.1,2.4,4.9,6.20939,24.45939,33.98032,54.23315,9.2,1.91733
19/01/2020,16:00:00,0.129676,13.6,275.7,2.7,3.1,5.14682,30.42547,38.31715,45.35228,10.4,1.52064
19/01/2020,17:00:00,0.167137,18.7,274.9,3.3,3.1,8.43415,45.69154,58.62371,28.98754,11.5,1.05784
19/01/2020,18:00:00,0.195955,21.8,272.8,3.6,3.3,10.36005,51.97341,67.8586,18.6598,17.4,1.38841
19/01/2020,19:00:00,0.276642,27.4,268.9,3,2.9,20.6869,62.46623,94.1857,4.98925,24.1,1.45453
19/01/2020,20:00:00,0.242062,24.4,266.7,3.7,2.6,14.31148,57.13937,79.08334,14.71829,16.9,1.65287
19/01/2020,21:00:00,0.138321,16,273.7,3.4,2.9,3.02168,30.97983,35.61301,41.56045,10.7,1.38841
19/01/2020,22:00:00,0.144084,14.7,274,3.8,2.3,3.1213,35.06187,39.8478,33.77722,12,0.92561
19/01/2020,23:00:00,0.126794,13,272.4,3.6,2.2,3.68579,28.53295,34.18441,42.70798,10.6,1.45453
19/01/2020,24:00:00,0.193073,18,276.4,3.7,2.3,7.10593,48.08525,58.98086,17.61205,14,1.45453
20/01/2020,1:00:00,0.144084,18.8,256.2,3,2.1,4.07377,45.52247,51.76883,20.95485,10.3,1.58664
20/01/2020,2:00:00,0.123913,13.7,256.7,2.8,2,2.47969,38.71497,42.51711,23.0836,13.1,1.05776
20/01/2020,3:00:00,0.129676,15.7,251.5,2.2,1.2,1.59409,29.64768,32.09191,31.38238,11.6,0.99165
20/01/2020,4:00:00,0.097977,15.6,268.4,2.9,1.3,1.6273,23.7294,26.22455,39.01594,12.7,0.85943
20/01/2020,5:00:00,0.063397,13.1,270.4,2.8,1.3,1.46125,16.63705,18.8776,51.33938,8.5,1.12387
20/01/2020,6:00:00,0.08645,13,260.1,2,0.4,3.58669,30.01077,35.51029,35.17421,11.1,1.25609
20/01/2020,7:00:00,0.115267,16.3,269.2,2.6,1.5,8.40216,48.59661,61.47974,21.65335,11,0.99165
20/01/2020,8:00:00,0.198836,20.4,270.4,2.3,2,28.5607,66.10576,109.89822,4.93936,17.1,1.18998
20/01/2020,9:00:00,0.244943,24.3,233.6,1.7,0.5,53.23581,72.71,154.3371,2.54452,17.8,1.58664
20/01/2020,10:00:00,0.391909,22.6,272.4,3.1,3,49.18418,64.58565,140.00033,5.88732,17.4,1.18998
20/01/2020,11:00:00,0.311222,14.1,272.3,4,3.3,19.66039,44.34447,74.48997,37.51916,7.6,1.25609
20/01/2020,12:00:00,0.195955,13.4,269.9,3.9,3.4,11.35786,34.42172,51.83686,48.89465,11.7,0.72721
20/01/2020,13:00:00,0.267997,14.8,269.5,3.8,4.1,15.30986,34.1784,57.6532,48.5454,9.4,0.99165
20/01/2020,14:00:00,0.29105,15,270.5,3.9,4.5,12.8191,34.7322,54.38788,47.79702,6.9,0.99165
20/01/2020,15:00:00,0.322749,16.4,270.5,3.5,4.1,13.08478,37.59014,57.6532,42.5583,10.4,1.12387
20/01/2020,16:00:00,0.282405,16.3,262.8,2.4,3.3,11.85601,41.10689,59.28586,37.61895,11.9,0.52888
20/01/2020,17:00:00,0.311222,15.1,266.2,2.9,2.8,13.58294,43.71409,64.54097,36.47142,9.7,1.05776
20/01/2020,18:00:00,0.354447,14.9,267.3,3.2,2.9,9.5313,37.01832,51.63278,44.15486,8.5,1.25609
20/01/2020,19:00:00,0.331394,14.9,270.6,3.6,3,7.73796,34.41092,46.27562,47.84691,8.8,1.05776
20/01/2020,20:00:00,0.305458,15.6,273,4.4,3.5,6.80807,32.92855,43.36745,49.14411,9.4,0.79332
20/01/2020,21:00:00,0.164256,14.9,273.5,5.2,4.3,4.61621,23.99342,31.0715,55.58025,9.4,0.72721
20/01/2020,22:00:00,0.112386,12.1,275.2,5.1,4.4,3.25459,21.03017,26.02047,59.82111,7.7,0.92554
20/01/2020,23:00:00,0.109503,14.1,279.7,5,4.6,2.78965,20.16143,24.43883,58.37423,7.2,1.12387
20/01/2020,24:00:00,0.066279,16.1,284.1,4.6,4.8,1.82656,12.60752,15.4082,62.5652,8.9,0.79332
21/01/2020,1:00:00,0.066279,16,286.1,1.8,1.6,1.68289,10.54864,13.12903,63.72935,8.3,0.79326
21/01/2020,2:00:00,0.060515,12.1,305.2,2.9,3.3,1.01859,12.3155,13.87732,61.60061,8.2,0.96954
21/01/2020,3:00:00,0.06916,11.7,305.4,3.4,3.8,1.16252,10.81932,12.60183,61.2181,8.8,0.52884
21/01/2020,4:00:00,0.060515,13.6,291.9,2.9,4,1.59432,16.73877,19.18335,53.93379,7.8,0.46273
21/01/2020,5:00:00,0.092214,13.7,305.4,2.9,4.3,4.58366,33.73644,40.76462,35.72303,9.4,0.66105
21/01/2020,6:00:00,0.08645,12.4,303.1,3.5,4.4,4.25151,33.93961,40.45851,38.11787,8.8,0.39663
21/01/2020,7:00:00,0.106622,15.4,302.5,3.2,5,9.69876,43.24005,58.11127,29.13722,10.3,0.92547
21/01/2020,8:00:00,0.279523,13.9,308.5,3.2,5.3,17.5707,55.20012,82.14148,19.75743,9.7,0.72716
21/01/2020,9:00:00,0.279523,15.3,312.1,3.3,5.4,24.67869,57.87255,95.71268,16.41463,10.3,1.05768
21/01/2020,10:00:00,0.233416,20.3,311.3,2.9,5.7,36.20427,59.89379,115.40623,17.61205,12.8,1.05768
21/01/2020,11:00:00,0.265115,17.6,304.4,2.9,6.3,19.33109,45.71529,75.35588,28.78797,10.8,0.85936
21/01/2020,12:00:00,0.129676,17.9,298.5,2.8,6.5,11.39272,29.62245,47.09105,43.05723,12.2,0.59494
21/01/2020,13:00:00,0.224771,14.8,290.9,3.1,6.5,11.35951,28.65299,46.07065,44.554,9.8,0.85936
21/01/2020,14:00:00,0.213244,13.4,288.5,3.2,6.2,10.8945,28.80478,45.50944,43.9054,9.3,0.79326
21/01/2020,15:00:00,0.213244,11.4,294.5,3.5,5.9,11.92416,35.38911,53.67257,37.86841,9.4,0.85936
21/01/2020,16:00:00,0.158493,14,297.2,3.4,6.2,11.16022,34.31562,51.42771,37.66884,10.5,0.79326
21/01/2020,17:00:00,0.172901,11.7,290.9,3.1,6.5,11.16022,35.99926,53.11135,35.57335,10,1.05768
21/01/2020,18:00:00,0.164256,6.4,291.8,3.2,6.7,9.49947,33.44375,48.0094,40.51271,10.3,1.05768
21/01/2020,19:00:00,0.152729,9.9,299.8,3.4,6.7,8.07123,32.11334,44.48905,41.66024,8.1,0.66105
21/01/2020,20:00:00,0.181547,10.4,302.6,3.5,6.4,7.40693,31.39725,42.75439,37.56905,8.6,0.52884
21/01/2020,21:00:00,0.132557,9.3,306,2.7,7,4.41759,23.68514,30.45867,43.15701,11.7,0.66105
21/01/2020,22:00:00,0.12103,11.1,276.2,1.1,5,3.52078,20.36642,25.76487,45.00304,11.2,0.46273
21/01/2020,23:00:00,0.132557,12,288.2,1.6,5.2,2.95613,22.15056,26.68323,41.71013,12.4,0.52884
21/01/2020,24:00:00,0.123913,11.4,300.5,2.3,6.2,3.15542,16.94711,21.78535,44.75357,12,0.72716
22/01/2020,1:00:00,0.107583,7.1,290.3,3.2,5,1.94889,13.20164,16.18989,49.36031,8.1,0.96946
22/01/2020,2:00:00,0.065319,5.8,295.8,2.8,4.8,1.15162,8.50595,10.27174,52.15429,8.5,0.35253
22/01/2020,3:00:00,0.083569,11,300.7,3.3,5.6,1.39523,9.08477,11.22409,51.04003,6.5,0.661
22/01/2020,4:00:00,0.074923,7.5,306,3.8,6.2,1.32879,8.77849,10.81594,50.74067,6.5,0.8593
22/01/2020,5:00:00,0.066279,4.7,304.7,3.7,6.6,1.56133,9.18721,11.58122,48.99444,5.5,0.5949
22/01/2020,6:00:00,0.063397,9.9,310,2.4,6.5,1.79387,10.8714,13.62196,46.40003,8.2,1.1898
22/01/2020,7:00:00,0.092214,7.9,300.9,2.4,7.1,6.47785,23.99479,33.92735,30.78367,9.1,1.1237
22/01/2020,8:00:00,0.144084,9.1,312.3,2.8,7.5,13.15502,38.75571,58.92645,19.80732,7.8,1.0576
22/01/2020,9:00:00,0.187309,12.9,314.9,2.5,7.7,22.12435,45.92054,79.84407,15.317,10.9,0.7932
22/01/2020,10:00:00,0.2046,10.7,325.9,1.9,7.5,25.11412,45.62184,84.12963,12.27356,11.7,1.5203
22/01/2020,11:00:00,0.247824,8.5,299.8,1.6,7.2,21.22742,40.76544,73.31369,15.16732,12.6,1.1237
22/01/2020,12:00:00,0.244943,11.2,303.1,2,7.9,26.87477,44.24871,85.45611,12.47313,12.2,1.1237
22/01/2020,13:00:00,0.198836,13.2,315.6,2,8.7,24.91481,40.41745,78.61962,17.51227,11.7,1.3881
22/01/2020,14:00:00,0.25647,11,294.8,1.8,8.7,23.41992,40.31171,76.22175,19.90711,11.5,1.1237
22/01/2020,15:00:00,0.12103,12.1,294.6,2.1,7.8,15.9787,35.90567,60.40599,25.19571,13,1.6525
22/01/2020,16:00:00,0.181547,14.4,290.2,2.2,6.1,17.6729,41.93006,69.02813,19.957,14.4,1.5864
22/01/2020,17:00:00,0.368856,19.4,295.6,2.1,5.9,37.60475,60.39717,118.05698,7.88302,19.9,1.5203
22/01/2020,18:00:00,0.380383,28.9,296.6,2,5.7,38.10304,53.91905,112.3429,4.24086,18.9,1.7186
22/01/2020,19:00:00,0.371737,23.4,311.2,2.4,5.8,43.51786,56.58544,123.31189,2.89377,23.7,1.322
22/01/2020,20:00:00,0.267997,19.4,309,2,5.2,23.5528,44.44455,80.55833,4.44043,20.8,1.2559
22/01/2020,21:00:00,0.175783,19.1,318.4,2,5.1,10.56388,36.8616,53.05932,13.02194,18.4,1.0576
22/01/2020,22:00:00,0.123913,13.3,311,1.7,4.8,5.7138,25.16632,33.92735,25.59485,11.7,0.8593
22/01/2020,23:00:00,0.167137,15.2,298.9,1.5,4.8,5.91311,35.16646,44.2331,15.317,18.5,1.1237
22/01/2020,24:00:00,0.27376,15.8,287.8,1.8,4.6,12.7896,47.68305,67.2935,6.6856,18.1,0.8593
23/01/2020,1:00:00,0.149848,18.2,272.8,1.3,3.3,7.92959,42.66837,54.82691,10.90983,17.3,1.14565
23/01/2020,2:00:00,0.172901,18.3,281.9,1.7,3.4,7.7967,40.89946,52.85423,11.1094,17.1,0.70501
23/01/2020,3:00:00,0.097977,15.3,282.1,2.2,3,2.35894,20.76942,24.38641,35.12432,12.1,0.85923
23/01/2020,4:00:00,0.083569,10.4,292.2,2.3,3,3.15633,24.8526,29.69224,32.08088,10.6,1.05752
23/01/2020,5:00:00,0.077806,9.4,288.3,2.9,4.1,2.75764,20.20911,24.43743,31.33249,13,1.05752
23/01/2020,6:00:00,0.089333,10.2,300.6,2.8,4.6,2.65796,20.92313,24.99862,33.9269,11.3,0.85923
23/01/2020,7:00:00,0.08645,10.3,310.4,2.7,4.6,3.82082,25.56833,31.42684,32.87916,9.6,0.99143
23/01/2020,8:00:00,0.253588,8.3,311.4,2.3,4.6,16.94452,46.15764,72.13888,18.80947,10.1,1.18971
23/01/2020,9:00:00,0.187309,7,303.9,2,4.5,14.22011,37.83571,59.63957,24.54711,9.6,0.79314
23/01/2020,10:00:00,0.149848,10.1,292.4,2.1,4.8,14.02076,33.90691,55.40511,26.44303,7.6,0.85923
23/01/2020,11:00:00,0.230535,10.3,300.9,2.7,5.4,16.18036,30.85066,55.6602,28.88776,7.5,0.99143
23/01/2020,12:00:00,0.132557,13.1,287.6,2.6,5.3,11.29635,24.41157,41.73239,41.21121,11.2,1.18971
23/01/2020,13:00:00,0.132557,12.7,280.3,2.3,5.3,11.19668,26.96223,44.13022,40.36303,8.7,1.2558
23/01/2020,14:00:00,0.112386,15.1,275.1,2.1,5.4,10.23316,26.50092,42.19155,39.21551,14.1,0.99143
23/01/2020,15:00:00,0.242062,15.8,274.6,2.2,5.2,14.02076,37.27407,58.77227,30.28475,11.5,0.79314
23/01/2020,16:00:00,0.236298,15.1,270.5,2.3,5,15.51587,44.62393,68.4146,24.99614,13.9,0.79314
23/01/2020,17:00:00,0.42649,13,281.9,2.2,5.1,14.71848,45.28539,67.8534,31.33249,9.3,0.99143
23/01/2020,18:00:00,0.466833,12.8,293.8,2.9,5.6,11.92761,42.4732,60.76196,34.02669,14.4,1.12362
23/01/2020,19:00:00,0.44666,18.2,292.7,3,5.8,11.4957,43.74768,61.37417,29.83572,18.2,1.12362
23/01/2020,20:00:00,0.449543,16.6,289.1,3.1,5.9,10.10027,37.92857,53.41542,33.2783,16.6,0.99143
23/01/2020,21:00:00,0.265115,11.9,289.7,3.2,6,6.94393,30.21788,40.8651,39.21551,13.2,1.12362
23/01/2020,22:00:00,0.063397,10.6,294.2,3.4,6.1,2.75764,16.995,21.22332,54.73207,10.4,1.2558
23/01/2020,23:00:00,0.060515,9.1,296.4,3.2,6.1,3.22278,16.68993,21.63146,56.77767,4.6,1.388
23/01/2020,24:00:00,0.066279,6.1,297.8,3.3,6,2.05992,12.29983,15.45833,60.96864,6.6,0.66095
24/01/2020,1:00:00,0.092214,6.3,274.1,2.9,4.6,2.17099,7.28266,10.61146,64.26154,6.4,0.70496
24/01/2020,2:00:00,0.08645,5.6,286,2.3,4.8,1.06334,5.57992,7.21035,63.92892,5.8,0.8812
24/01/2020,3:00:00,0.080687,7.7,296.9,2.3,5.6,1.16303,6.37938,8.16266,61.96649,6.5,0.92526
24/01/2020,4:00:00,0.06916,5.9,298.4,3,6.1,1.1298,5.46101,7.19334,68.65208,6.8,1.05744
24/01/2020,5:00:00,0.06916,5,301.8,3.6,6.4,0.93042,6.22587,7.65249,67.45466,4.9,0.59481
24/01/2020,6:00:00,0.066279,3.1,301,3.2,6.4,1.06334,10.86864,12.49907,60.17036,7.7,0.72699
24/01/2020,7:00:00,0.08645,4.9,300.1,3,6.4,3.622,18.2711,23.82476,53.03573,6.8,1.05744
24/01/2020,8:00:00,0.138321,6.5,288.2,2.2,5.4,7.67598,29.14565,40.91533,47.34798,4,0.79308
24/01/2020,9:00:00,0.126794,9.5,268.1,2.2,4.2,6.91171,26.74636,37.34417,51.48906,6,1.25571
24/01/2020,10:00:00,0.164256,7.3,287.6,2.8,6.2,9.83589,32.61905,47.70054,44.10497,7.1,1.05744
24/01/2020,11:00:00,0.144084,4.7,294.7,3.4,7.6,9.70298,25.83357,40.71126,49.04433,6.7,1.12353
24/01/2020,12:00:00,0.126794,9,296.8,3.7,8.2,8.60641,20.98483,34.18114,53.78412,9.8,1.25571
24/01/2020,13:00:00,0.184428,14.1,295.8,3.5,8.1,9.20454,25.93462,40.04805,49.2439,7.6,0.99135
24/01/2020,14:00:00,0.213244,13,287.6,3,7.8,10.60017,28.08008,44.33344,53.83401,6.5,1.25571
24/01/2020,15:00:00,0.455306,11.5,284.9,2.7,6.8,14.42155,36.35232,58.46505,41.21121,9.1,1.25571
24/01/2020,16:00:00,0.363092,10.4,277.7,2.7,6.2,13.1256,39.35974,59.48538,35.67314,9.2,1.12353
24/01/2020,17:00:00,0.314103,13.8,266.3,2.6,5.8,14.35509,42.67825,64.68907,34.12647,8.1,1.12353
24/01/2020,18:00:00,0.397672,10.9,270.3,2.7,5.8,13.19206,37.37022,57.59776,35.274,10.3,0.92526
24/01/2020,19:00:00,0.440898,11.3,278.7,3,5.9,17.0799,42.98973,69.17854,30.634,10.1,1.05744
24/01/2020,20:00:00,0.544638,10.1,282.4,3,5.9,12.59393,34.41008,53.7205,35.57335,10.5,1.25571
24/01/2020,21:00:00,0.357329,12,271.3,3,5.4,6.28035,26.0819,35.71163,42.65809,12.5,0.6609
24/01/2020,22:00:00,0.207481,13.2,266.2,2.8,5.2,4.7518,26.94616,34.23215,40.46282,14.3,0.99135
24/01/2020,23:00:00,0.244943,11.5,269.6,2.1,5.3,7.84213,27.3604,39.38483,43.95529,9.8,0.85917
24/01/2020,24:00:00,0.190191,9.2,250.9,1.9,5.6,3.55554,23.42365,28.87541,45.55185,9.1,0.92526
25/01/2020,1:00:00,0.115267,9.3,256.4,1.8,3.6,2.61442,29.52556,33.53428,35.0578,11,0.61679
25/01/2020,2:00:00,0.111426,9.1,250.6,2.3,3.4,2.5258,21.97509,25.84793,37.58568,8.1,1.05736
25/01/2020,3:00:00,0.092214,8.3,243.2,1.8,3.6,1.72818,17.96048,20.61032,39.76432,9.9,1.05736
25/01/2020,4:00:00,0.100859,9.1,235.8,2.1,4.2,1.82788,19.38909,22.19181,31.48217,12.4,0.72694
25/01/2020,5:00:00,0.103741,13.1,202.7,2,2.9,1.42907,21.17395,23.36516,30.73378,15.1,1.58604
25/01/2020,6:00:00,0.080687,13.3,215.3,1.9,3.3,1.46231,16.5826,18.82477,39.56475,14.7,1.38779
25/01/2020,7:00:00,0.083569,11.9,220.2,2.2,4.1,3.42312,22.55481,27.80352,31.83142,12.7,0.99128
25/01/2020,8:00:00,0.210363,11.6,230.4,2.3,4.6,5.28424,30.41443,38.51681,24.597,13.3,1.25562
25/01/2020,9:00:00,0.253588,15,231.8,2.6,4.9,7.44446,33.37706,44.79173,26.09378,16.6,1.18953
25/01/2020,10:00:00,0.250707,16.3,233.3,2.8,5.1,8.30855,39.14332,51.88291,24.14797,13.9,1.65213
25/01/2020,11:00:00,0.164256,10.3,231.2,3.1,5.6,8.14237,32.10287,44.58767,33.52776,9.6,1.3217
25/01/2020,12:00:00,0.146966,9,232,3.4,5.9,6.77977,27.20302,37.59853,41.71013,6.8,1.51996
25/01/2020,13:00:00,0.184428,9.7,230,3.6,5.9,7.57739,26.69424,38.31275,42.20906,8.4,1.05736
25/01/2020,14:00:00,0.236298,11.8,223.5,3.3,5.8,7.81003,28.22511,40.20033,40.51271,10.5,1.05736
25/01/2020,15:00:00,0.158493,16.4,222.8,3.1,5.4,6.14832,26.38568,35.81298,42.30884,12.7,1.18953
25/01/2020,16:00:00,0.262234,17.4,216.8,3.2,4.5,8.00944,32.86788,45.14884,37.31959,15,1.38779
25/01/2020,17:00:00,0.207481,19.2,207.2,3.3,3.6,6.24803,35.31359,44.89376,33.77722,19.3,1.12345
25/01/2020,18:00:00,0.230535,23.8,212.2,3,3.6,10.13643,42.66654,58.20885,23.44948,20.4,1.65213
25/01/2020,19:00:00,0.201717,31.6,211,3.1,3.9,16.61709,49.71787,75.19705,13.17162,28.8,1.71821
25/01/2020,20:00:00,0.230535,34.3,208.8,3.5,4.2,18.94348,50.13,79.17627,8.78108,34.7,1.45387
25/01/2020,21:00:00,0.22189,34.1,202.3,3.5,4.1,20.60519,46.45974,78.05393,7.53377,35.3,1.3217
25/01/2020,22:00:00,0.224771,37.6,198.2,3.7,4.6,10.502,39.09608,55.19892,10.677,32.4,1.05736
25/01/2020,23:00:00,0.242062,25.9,203.1,4.4,4.7,17.24854,37.98536,64.43275,8.48173,25.3,0.85911
25/01/2020,24:00:00,0.201717,18.9,210.9,4.3,5.3,12.39635,30.52872,49.53619,12.12388,23.2,0.66085
26/01/2020,1:00:00,0.129676,21.5,192.1,3.3,4.4,10.99103,32.1214,48.97408,14.96775,21.3,0.79296
26/01/2020,2:00:00,0.129676,21.4,196,3.9,5.6,4.83073,22.38554,29.79256,22.01922,19.4,0.96917
26/01/2020,3:00:00,0.112386,17.9,190.9,3.6,4.7,3.85572,18.93212,24.84414,24.54711,16.1,0.6608
26/01/2020,4:00:00,0.106622,16.5,195.8,3.9,4.8,3.95544,17.35081,23.41573,28.28905,14.5,0.92512
26/01/2020,5:00:00,0.097977,18.3,202.6,3.8,5.2,2.69236,15.30836,19.43659,30.88346,16.2,0.72688
26/01/2020,6:00:00,0.097977,14.1,210.9,4.1,6.1,1.66195,14.38858,16.93687,31.9312,15.2,0.79296
26/01/2020,7:00:00,0.092214,13.5,202.6,4.4,5.2,1.42928,16.88796,19.07948,28.73808,12.6,0.6608
26/01/2020,8:00:00,0.089333,15.2,201.1,4.7,4.8,4.32107,27.09515,33.72069,26.04389,14.5,0.9912
26/01/2020,9:00:00,0.072042,17.6,199.5,5.5,5.5,6.08274,32.86239,42.18913,27.59055,13.7,0.6608
26/01/2020,10:00:00,0.074923,18.5,204.3,5.8,6.1,3.98868,23.26856,29.38445,39.76432,15.5,1.05728
26/01/2020,11:00:00,0.072042,19.2,215.8,6.3,6.3,6.28217,28.11833,37.75085,36.92045,15.1,1.12336
26/01/2020,12:00:00,0.089333,21.2,212.3,6.1,7,6.24893,31.17916,40.76072,34.52561,14.1,0.6608
26/01/2020,13:00:00,0.115267,12.6,220,5.3,7.5,8.11032,34.90597,47.34161,30.48432,12.7,0.9912
26/01/2020,14:00:00,0.146966,11.7,238,3.8,7.5,5.98302,27.04658,36.22041,43.45637,11,0.79296
26/01/2020,15:00:00,0.187309,9.1,260.4,2.8,7,5.01909,20.56629,28.26212,46.05078,8.8,1.05728
26/01/2020,16:00:00,0.440898,9.6,252.4,3,5.9,10.7362,34.4507,50.91263,32.87916,9.2,0.9912
26/01/2020,17:00:00,0.608035,9.7,245.2,2.1,4.1,10.96887,38.02207,54.84076,36.37163,9,0.92512
26/01/2020,18:00:00,0.414963,15.8,225.4,2.3,2.9,12.83025,53.12515,72.79792,23.15012,10.1,1.51984
26/01/2020,19:00:00,0.29105,21.2,230.6,2.3,2.6,9.9717,52.40673,67.69646,21.50367,15.6,1.38768
26/01/2020,20:00:00,0.458187,22.4,229.5,2.1,2.1,15.78852,57.41473,81.62346,12.27356,16,1.3216
26/01/2020,21:00:00,0.380383,18,216.2,2.1,1.3,13.49503,59.04383,79.73592,11.87442,15.3,1.12336
26/01/2020,22:00:00,0.262234,20.6,214.2,2.4,0.9,10.93563,58.4789,75.24663,8.88087,16.1,1.12336
26/01/2020,23:00:00,0.293931,21.4,208.3,2.9,1.4,17.88258,60.32565,87.74522,4.88947,21.2,1.58592
26/01/2020,24:00:00,0.149848,20.6,192,3,1.4,15.15698,48.79232,72.0327,13.92001,16,1.25552
27/01/2020,1:00:00,0.132557,17.7,199.9,2.9,2.1,4.25521,33.9463,40.47086,22.68446,17.6,1.0572
27/01/2020,2:00:00,0.146966,19.4,192.5,3.3,2.5,9.88449,53.61044,68.76645,7.9828,14.6,1.5858
27/01/2020,3:00:00,0.12103,16.9,210.4,3.6,3.9,6.01713,48.47034,57.69648,9.67915,11.2,1.65188
27/01/2020,4:00:00,0.077806,8.8,225.5,3.2,3.4,2.19409,27.75412,31.11835,33.9269,9.1,1.18935
27/01/2020,5:00:00,0.089333,8.4,230.8,4.1,4.6,3.05843,32.34641,37.03594,35.22411,7.1,1.12328
27/01/2020,6:00:00,0.060515,9.1,224.8,3.2,4,4.58765,49.13178,56.16607,20.6056,8.3,1.65188
27/01/2020,7:00:00,0.06916,8.6,219.7,3,3.4,8.14473,49.95233,62.44075,28.83787,6.3,1.38758
27/01/2020,8:00:00,0.149848,10.5,229.7,3.2,3.1,11.07019,56.89376,73.86782,23.10023,6.3,1.18935
27/01/2020,9:00:00,0.311222,8.8,231.8,3.4,3.4,17.02083,57.15609,83.25433,25.2955,4.8,0.92505
27/01/2020,10:00:00,0.181547,11.5,237.7,4.1,5.1,22.07389,62.72275,96.56891,22.85077,5.8,1.12328
27/01/2020,11:00:00,0.230535,10.7,232.3,3.9,5.3,13.29752,37.15419,57.54344,46.79917,6.9,1.3215
27/01/2020,12:00:00,0.224771,14.7,226.6,3.6,5.6,11.63533,33.27512,51.11571,50.49121,7.2,1.3215
27/01/2020,13:00:00,0.181547,16.5,228.9,4.3,6.6,8.74312,26.38474,39.79067,56.97724,7.1,1.5858
27/01/2020,14:00:00,0.17002,12.8,225.1,3.8,6.6,9.00907,29.1398,42.95352,54.33293,7.2,1.12328
27/01/2020,15:00:00,0.25647,15.3,209.7,2.7,6,9.84017,32.20164,47.28969,49.14411,7.5,0.92505
27/01/2020,16:00:00,0.201717,17,191.9,1.9,4.3,8.97583,36.53675,50.29949,45.40218,8.1,0.99113
27/01/2020,17:00:00,0.242062,16.1,186.3,2.9,3.5,15.45837,56.18493,79.88743,27.2912,10.6,1.25543
27/01/2020,18:00:00,0.216127,18.7,180.9,3.5,3.2,29.05509,71.09751,115.64802,10.97635,12.9,1.25543
27/01/2020,19:00:00,0.22189,17.8,180.5,3.5,3,37.5655,78.91298,136.51262,3.39269,15.5,1.85011
27/01/2020,20:00:00,0.224771,20,181.6,3.3,3.2,23.70284,71.39706,107.7409,3.14323,19.2,1.91618
27/01/2020,21:00:00,0.2046,18.5,168.3,3.3,2.8,11.73507,60.26148,78.25499,11.62495,21.6,1.38758
27/01/2020,22:00:00,0.219008,24,151.1,3.3,3,12.66589,61.94607,81.36683,5.73764,20.1,1.18935
27/01/2020,23:00:00,0.175783,21,156,3.1,3.4,9.07556,54.59572,68.51138,12.12388,20.8,1.3215
27/01/2020,24:00:00,0.15561,21,173.9,4,4.1,6.88147,47.60416,58.1556,16.6142,19.8,1.65188
28/01/2020,1:00:00,0.176743,18.7,204.2,2.9,3.1,4.47748,42.51493,49.3803,20.48919,16.4,1.76187
28/01/2020,2:00:00,0.073002,6,246.7,2.3,2.1,1.01962,10.4756,12.039,65.45896,7.3,1.14522
28/01/2020,3:00:00,0.074923,8.1,255.2,3.1,1.8,1.26345,12.24427,14.18153,66.60649,6.4,0.92498
28/01/2020,4:00:00,0.054752,8.6,266.1,4,3.1,0.89771,9.38721,10.76368,70.74757,8.4,0.6607
28/01/2020,5:00:00,0.066279,5.4,277.3,3.7,2.7,1.56269,15.66242,18.0585,67.8538,7.3,1.05712
28/01/2020,6:00:00,0.063397,6.3,286.2,4.5,2.7,2.79288,19.89766,24.18002,66.20735,4.6,0.72677
28/01/2020,7:00:00,0.089333,5.1,288,4.7,2.8,4.75455,25.35792,32.64813,61.76692,6.7,0.39642
28/01/2020,8:00:00,0.265115,9.6,286.2,4.2,2.1,8.94388,39.33946,53.05322,48.99444,7.9,0.72677
28/01/2020,9:00:00,0.371737,12.3,280.5,4.5,2.3,11.83651,41.58682,59.73588,46.89895,6.6,0.59463
28/01/2020,10:00:00,0.314103,13.8,276,5.7,3.7,12.169,37.76119,56.42005,48.29594,8.2,0.6607
28/01/2020,11:00:00,0.285287,8.7,269.2,5.5,4.7,11.86976,38.47508,56.67512,42.15916,5.5,0.46249
28/01/2020,12:00:00,0.342921,11.8,263.8,5.8,5.3,16.19208,46.43724,71.26475,31.48217,7.6,0.6607
28/01/2020,13:00:00,0.331394,16.4,270.9,5.4,5.6,16.75731,37.91867,63.61285,40.26325,9.9,0.79284
28/01/2020,14:00:00,0.270878,13.3,269.1,5.2,5.6,9.20987,27.70882,41.83042,55.03143,7.3,0.79284
28/01/2020,15:00:00,0.299695,9.6,287,5.3,5.3,9.24312,26.48455,40.65713,53.38498,4.8,0.99105
28/01/2020,16:00:00,0.123913,9.6,282.8,4.5,4,7.04871,28.67597,39.48384,51.63874,7,0.6607
28/01/2020,17:00:00,0.126794,9.5,273.2,3.7,3.5,6.71622,29.84894,40.147,50.34153,5.7,0.85891
28/01/2020,18:00:00,0.164256,15,270.5,3.6,3.1,9.17662,33.11613,47.18676,49.94239,8.9,0.33035
28/01/2020,19:00:00,0.141202,10.4,271.1,3.7,3,7.2482,32.60414,43.71789,49.09422,9.7,0.59463
28/01/2020,20:00:00,0.100859,13.745,272.9,3.8,3,3.39136,22.70394,27.90395,57.27659,8.3,0.46249
28/01/2020,21:00:00,0.103741,14.4,283.8,5.7,3.6,2.4604,16.98961,20.76217,62.71487,7.9,0.85891
28/01/2020,22:00:00,0.097977,10.9,282.4,5.9,3.6,2.3274,19.64215,23.21078,61.8667,7.6,0.92498
28/01/2020,23:00:00,0.077806,8.9,281.6,6.3,3.5,1.99492,15.35676,18.41559,64.01208,7.5,0.46249
28/01/2020,24:00:00,0.080687,7.4,276.2,6.1,3.6,1.66243,14.0301,16.57913,65.25939,6.8,0.39642
29/01/2020,1:00:00,0.095095,4.8,279.4,4.8,3.3,1.86219,15.917,18.77232,63.99545,4.4,0.35235
29/01/2020,2:00:00,0.08645,10.8,280.4,5,3.2,1.37448,13.46808,15.57558,66.78943,8.8,0.44044
29/01/2020,3:00:00,0.074923,13,279.3,6.2,3.3,1.56291,13.46822,15.86465,67.8538,9,0.79278
29/01/2020,4:00:00,0.066279,10.7,282.1,5.8,3.4,1.26363,11.32551,13.26305,71.09681,10.1,0.59459
29/01/2020,5:00:00,0.072042,10.4,281.5,5.2,3.9,1.23038,10.20323,12.08978,74.04047,8.5,0.72672
29/01/2020,6:00:00,0.066279,10.5,281.4,4.9,4,2.69353,14.89736,19.02738,70.79746,10.2,0.66065
29/01/2020,7:00:00,0.074923,9.3,276.4,4.2,3.4,2.95956,18.1623,22.70022,67.25509,7,0.52852
29/01/2020,8:00:00,0.172901,13.9,270.2,3.9,2.9,8.2136,37.80558,50.39959,49.69293,8.3,0.66065
29/01/2020,9:00:00,0.288169,14.9,264.7,3,2.9,12.53655,46.12359,65.34603,42.50841,8.5,0.85885
29/01/2020,10:00:00,0.265115,13.6,259.5,3.4,4.3,12.63631,43.11397,62.48937,47.69723,6.8,0.52852
29/01/2020,11:00:00,0.27376,10.6,265.7,4.1,5.6,9.80976,29.23675,44.27818,56.47831,6.3,0.72672
29/01/2020,12:00:00,0.288169,12.7,262.2,4.2,5.9,9.27771,24.69633,38.92195,58.27444,8.4,0.85885
29/01/2020,13:00:00,0.259351,11.2,261.3,4.2,5.7,8.51288,23.72656,36.77946,64.26154,9.9,0.79278
29/01/2020,14:00:00,0.276642,7.9,260.1,4.9,6,7.31576,23.11356,34.33089,66.00778,9.4,0.66065
29/01/2020,15:00:00,0.253588,16.2,248.3,5.2,6.3,6.61743,18.77706,28.92365,67.60434,8.3,0.46246
29/01/2020,16:00:00,0.244943,12,250.7,5.6,6.3,7.04973,28.4696,39.27903,55.82971,10.3,0.72672
29/01/2020,17:00:00,0.282405,11.3,252.1,5.5,6.5,9.04493,38.06123,51.92994,45.60175,9.2,1.3213
29/01/2020,18:00:00,0.27376,14.6,252.8,4.8,7,7.34901,39.38632,50.65465,44.35443,9.2,1.58557
29/01/2020,19:00:00,0.32563,12.3,248.8,4.7,7.1,6.2849,32.39695,42.03367,50.84046,8.4,1.25524
29/01/2020,20:00:00,0.342921,13.7,235.7,4,7.1,6.85021,29.13261,39.63612,52.68648,7.3,1.12311
29/01/2020,21:00:00,0.22189,11.8,234.8,4.4,7,4.15668,26.73313,33.10661,54.5325,8.4,1.18918
29/01/2020,22:00:00,0.161374,12.9,253.2,5.6,7.1,2.8598,19.69258,24.07754,60.12046,8.4,1.12311
29/01/2020,23:00:00,0.15561,7.6,255.7,5.5,7.1,2.76004,19.18239,23.41438,59.57165,9,1.12311
29/01/2020,24:00:00,0.138321,10,256.9,5.3,7,2.36099,16.17241,19.79255,61.76692,6.8,0.72672
30/01/2020,1:00:00,0.06916,8.5,253.6,4.4,7.4,0.88689,8.77426,10.13414,72.44391,6.3,0.8808
30/01/2020,2:00:00,0.063397,8.7,253.5,4.4,7.6,0.70951,7.95801,9.04591,75.90312,6.1,1.05697
30/01/2020,3:00:00,0.08645,10.4,249.7,4.1,7.4,0.83146,9.02929,10.30417,74.83875,6.2,0.85878
30/01/2020,4:00:00,0.089333,9.4,244.4,4.1,7.3,1.76269,11.22319,13.92594,69.94929,8.9,1.12303
30/01/2020,5:00:00,0.08645,7.3,242.7,4,7.1,1.09752,12.80421,14.48705,69.99918,4.8,1.58545
30/01/2020,6:00:00,0.072042,9.2,233.2,3.1,5.5,1.03101,12.14104,13.72189,69.15101,2.9,1.25515
30/01/2020,7:00:00,0.092214,9.7,227,2.9,4.5,2.46111,29.74041,33.51407,49.29379,7.7,1.05697
30/01/2020,8:00:00,0.138321,12.8,220.9,3.2,4.3,5.91997,43.46392,52.54107,38.41723,15.7,1.25515
30/01/2020,9:00:00,0.15561,13.3,206.8,3.4,5.5,11.17477,66.11514,83.24955,19.15872,8.3,1.25515
30/01/2020,10:00:00,0.158493,18.2,198.4,4.2,6.2,11.27455,53.8726,71.16,23.79872,9.9,1.65151
30/01/2020,11:00:00,0.181547,16.7,202.2,4.9,6.9,17.06148,55.50764,81.66821,18.16087,14.9,1.38727
30/01/2020,12:00:00,0.207481,20.6,205.3,5.2,7.3,19.72214,52.85632,83.09652,18.6598,11.3,1.25515
30/01/2020,13:00:00,0.193073,15.9,211.5,4.7,7.8,18.35856,50.35616,78.50555,21.45378,9.2,1.32121
30/01/2020,14:00:00,0.216127,9.5,214.8,4,7.9,7.18378,27.09005,38.10503,40.6125,7.7,1.32121
30/01/2020,15:00:00,0.29105,12.8,226.8,4.3,8.2,10.97522,34.89646,51.7249,29.83572,10.2,1.12303
30/01/2020,16:00:00,0.27376,10.3,240.3,4.2,9.1,10.14377,36.63044,52.184,26.24346,10.1,0.85878
30/01/2020,17:00:00,0.342921,9.5,259.6,4.1,9.8,10.34332,35.15122,51.01075,32.6297,8,1.18909
30/01/2020,18:00:00,0.190191,12.7,254.5,3.6,9.2,4.98874,21.32482,28.97411,59.02283,7.8,1.12303
30/01/2020,19:00:00,0.167137,11.1,253.9,3.9,8.6,4.65616,21.78376,28.9231,63.11401,8,0.92484
30/01/2020,20:00:00,0.141202,10.8,245.4,2.2,8.1,3.95773,20.6612,26.72963,64.91014,9.8,0.92484
30/01/2020,21:00:00,0.095095,11.8,274.9,5,7.8,2.72718,15.55955,19.74116,70.4981,9.5,1.25515
30/01/2020,22:00:00,0.106622,19.1,269.7,3.8,6.6,2.46111,20.50747,24.28112,70.4981,11.8,0.99091
30/01/2020,23:00:00,0.141202,17.9,272.9,4.7,7.2,2.59414,19.99742,23.97505,71.14671,12.2,1.12303
30/01/2020,24:00:00,0.100859,17.6,267.8,4.6,7.2,1.76269,12.80452,15.50727,72.99273,5.9,1.25515
31/01/2020,1:00:00,0.099899,14.4,240.5,2,5.3,1.55228,19.24802,21.62815,70.84735,10.3,1.32111
31/01/2020,2:00:00,0.080687,16.1,197,2.7,4.9,0.84267,10.74624,12.03831,69.8495,8.8,1.14496
31/01/2020,3:00:00,0.06916,15.1,192.3,2.7,4.9,0.632,8.56978,9.53883,71.59574,11.3,0.92478
31/01/2020,4:00:00,0.083569,17,194.1,3.2,6.1,0.99789,15.35416,16.88424,60.76907,10,1.189
31/01/2020,5:00:00,0.089333,13.8,217.4,4,7.1,1.72968,24.02597,26.67811,47.39788,10.4,1.189
31/01/2020,6:00:00,0.072042,9.2,236.4,5,8.6,1.13094,12.39562,14.12971,58.72347,3.7,1.71744
31/01/2020,7:00:00,0.054752,8,234.8,5.1,9.5,1.29726,14.84412,16.83323,57.2267,5.1,1.38716
31/01/2020,8:00:00,0.12103,3.4,236.4,5.4,9.9,4.49051,22.85334,29.7387,47.34798,6,1.58533
31/01/2020,9:00:00,0.193073,1.4,248.9,7.1,10.7,7.18482,28.92408,39.94065,42.70798,4.6,1.32111
31/01/2020,10:00:00,0.190191,5.5,251,7.6,11.1,7.98314,28.41415,40.65479,44.45422,5.5,0.99083
31/01/2020,11:00:00,0.126794,10.3,248,6.8,11.3,7.35114,26.93473,38.20632,46.49981,4.1,1.12294
31/01/2020,12:00:00,0.15561,6.5,244.8,7.7,11.4,6.91872,23.15992,33.76847,51.48906,8.5,1.38716
31/01/2020,13:00:00,0.146966,9.1,247.3,6.3,11.3,6.35325,19.48709,29.2286,53.73422,12,1.25505
31/01/2020,14:00:00,0.12103,6.4,245.4,5.6,11.4,5.72125,17.44657,26.21903,54.98154,8.2,0.92478
31/01/2020,15:00:00,0.149848,9.5,242.1,4.8,11.3,7.35114,20.71154,31.98313,49.14411,6.6,0.85872
31/01/2020,16:00:00,0.138321,10.7,234.7,4.5,11,5.78777,23.41473,32.28919,46.44992,3.6,0.99083
31/01/2020,17:00:00,0.17002,8.1,224.3,3.5,9.8,6.18693,24.58804,34.07453,45.30239,4.3,1.38716
31/01/2020,18:00:00,0.262234,9.4,214.5,3.4,8.8,6.91872,26.7306,37.33916,41.71013,6,1.38716
31/01/2020,19:00:00,0.230535,6.3,230.1,3.6,8.4,6.4863,26.32243,36.26795,43.10712,7.1,1.189
31/01/2020,20:00:00,0.219008,5.6,233,3.8,8.1,5.38862,22.39444,30.65687,44.95314,7,1.32111
31/01/2020,21:00:00,0.167137,6.2,245.2,4.7,8.1,3.72546,20.40471,26.117,51.2396,8.4,1.45322
31/01/2020,22:00:00,0.072042,8.1,249.3,6.2,8.6,2.26189,16.57866,20.04684,56.02928,8.8,1.65138
31/01/2020,23:00:00,0.092214,5.4,249.2,7,8.8,2.66105,15.40552,19.48573,58.07487,8.6,1.7835
31/01/2020,24:00:00,0.083569,2.1,248.7,6.9,8.8,2.29515,12.90597,16.42515,61.56735,7.1,1.45322
1/2/2020,1:00:00,0.103741,12.7,246.3,6.3,9,1.863,11.4259,14.28246,64.19502,9.1,0.96874
1/2/2020,2:00:00,0.100859,12.7,252.7,6.3,8.6,0.9315,7.82131,9.2496,72.31086,9.6,1.05681
1/2/2020,3:00:00,0.095095,12.3,255.3,6.4,8.1,0.69863,8.41643,9.48764,75.13811,11.2,0.85866
1/2/2020,4:00:00,0.074923,22.4,254.8,6.8,7.5,0.9315,8.56944,9.99772,76.13596,14.1,1.32101
1/2/2020,5:00:00,0.080687,23.9,256.6,6.5,7.1,0.89823,7.95734,9.33461,76.5351,12,1.05681
1/2/2020,6:00:00,0.112386,21.7,257.7,4.5,6.5,0.96477,9.18155,10.66084,74.63918,11.3,1.18891
1/2/2020,7:00:00,0.083569,18,207.1,2,4.7,0.76516,9.74265,10.91588,73.99058,8,0.79261
1/2/2020,8:00:00,0.193073,9.4,244.4,4.1,5.1,2.66143,10.55872,14.63952,74.09036,5.8,1.05681
1/2/2020,9:00:00,0.224771,14.2,255.8,7,6.4,3.65947,11.32382,16.93492,72.29423,8.3,0.66051
1/2/2020,10:00:00,0.2046,12.1,259.9,8.8,7.2,4.02541,11.62986,17.80207,72.19445,9.4,0.72656
1/2/2020,11:00:00,0.219008,13.5,259.4,8.5,7.8,4.42463,11.83388,18.61821,71.29638,9.2,0.72656
1/2/2020,12:00:00,0.158493,13.2,259.5,9,8.3,3.49313,9.07944,14.43549,73.79101,9.2,0.66051
1/2/2020,13:00:00,0.115267,19.9,263.7,9.6,7.9,2.7945,9.38552,13.67036,73.64133,8.7,0.59445
1/2/2020,14:00:00,0.198836,15.3,259.7,10,7.8,4.32482,11.98691,18.61821,71.39617,8.6,0.92471
1/2/2020,15:00:00,0.106622,12.3,261.2,10.1,7.5,2.82777,9.48753,13.82338,73.74112,10.7,0.66051
1/2/2020,16:00:00,0.219008,3.4,268.9,10.1,7.1,3.92561,12.19096,18.21014,69.35058,5.9,0.59445
1/2/2020,17:00:00,0.15561,13,276.7,8.7,7.6,2.99411,14.48639,19.07729,62.26584,5.8,0.33025
1/2/2020,18:00:00,0.299695,8.6,286.1,7.4,8.1,5.12325,20.50535,28.36089,59.57165,8.6,0.79261
1/2/2020,19:00:00,0.193073,13.1,289.7,5.5,8.1,4.02541,21.7296,27.90181,61.8667,9.2,0.59445
1/2/2020,20:00:00,0.233416,8.8,279.1,2.9,7.9,4.6575,23.6169,30.75831,66.00778,6.9,0.46235
1/2/2020,21:00:00,0.184428,12.2,273.3,2.4,7.4,3.42659,22.85181,28.10585,65.80821,4.7,0.79261
1/2/2020,22:00:00,0.152729,11.6,291.1,3.2,6.8,3.12718,21.32156,26.1165,58.42412,7.6,0.33025
1/2/2020,23:00:00,0.175783,13.2,223.1,1.5,4.7,5.35613,27.49354,35.70616,50.89035,10.7,0.85866
1/2/2020,24:00:00,0.198836,11.6,209.4,2.2,5.5,6.15456,35.90996,45.34682,39.46497,7.1,0.59445
2/2/2020,1:00:00,0.109503,16.2,224,2.1,3.9,6.65454,39.44413,49.64761,35.39041,11.8,0.79255
2/2/2020,2:00:00,0.089333,19,204.8,2,4.2,3.14982,34.88844,39.71809,33.26167,12.7,0.70448
2/2/2020,3:00:00,0.095095,15.2,218.5,1.6,4.6,2.82818,29.99178,34.32826,34.97464,14.9,0.7265
2/2/2020,4:00:00,0.092214,20.2,183.3,2,5,5.82272,40.49853,49.42658,24.84647,16.6,0.46232
2/2/2020,5:00:00,0.158493,17.7,170.6,1.9,5.4,4.05927,36.11236,42.33649,23.00044,16.3,1.25486
2/2/2020,6:00:00,0.092214,12.7,182,2.7,5.6,2.29582,30.19597,33.71617,42.5583,11.7,0.99068
2/2/2020,7:00:00,0.051871,4.8,163.3,1.9,5.5,0.69873,14.9961,16.06746,72.19445,3.3,0.92464
2/2/2020,8:00:00,0.066279,7.8,160.4,2.7,5.4,1.26436,27.08479,29.02345,56.97724,4.9,0.85859
2/2/2020,9:00:00,0.08645,10.5,171,4.4,5.6,1.73018,27.59473,30.24764,49.59315,6.4,1.98137
2/2/2020,10:00:00,0.129676,7.3,193.1,3.4,5.9,2.76163,30.19583,34.43028,47.59745,7.4,1.84927
2/2/2020,11:00:00,0.092214,10.7,257.8,5.1,8.7,4.65818,33.96986,41.1123,43.40648,10.8,1.18882
2/2/2020,12:00:00,0.149848,13.4,273.2,7.9,9.9,7.65272,38.91676,50.65077,37.31959,7.5,1.12277
2/2/2020,13:00:00,0.299695,9.5,268.7,8,10.3,9.78217,25.29706,40.29618,49.14411,7.4,1.38695
2/2/2020,14:00:00,0.25647,10.9,266.1,7.8,10.3,8.2849,24.58338,37.28672,49.94239,10.3,1.32091
2/2/2020,15:00:00,0.161374,17.2,264.5,7.4,9.8,5.78945,25.09418,33.97121,49.74282,13.8,0.85859
2/2/2020,16:00:00,0.265115,14.7,262.1,6.8,8.8,7.51963,31.62268,43.15262,41.31099,10,1.05673
2/2/2020,17:00:00,0.132557,18.3,257.9,6.6,8.2,4.32545,31.82763,38.4599,44.70368,14.1,1.51905
2/2/2020,18:00:00,0.210363,18.2,260.1,6.8,8.1,4.29218,26.93089,33.51214,54.08347,12,1.58509
2/2/2020,19:00:00,0.13544,13.2,258.1,7.2,8,3.62672,25.0948,30.6557,56.72777,3.2,1.25486
2/2/2020,20:00:00,0.308341,9.8,258.7,7.4,8,5.58981,27.64463,36.21555,55.33078,8.6,0.7265
2/2/2020,21:00:00,0.138321,19.6,257.4,8.1,8,2.36236,22.95284,26.57507,54.98154,12.4,1.38695
2/2/2020,22:00:00,0.224771,23.1,257.4,8.3,7.8,4.15909,19.22875,25.60593,59.92089,12.5,1.25486
2/2/2020,23:00:00,0.103741,18.3,259.4,8.3,7.9,3.49363,17.6477,23.00453,62.06627,11.6,1.25486
2/2/2020,24:00:00,0.190191,16.3,263.7,8.8,7.9,3.82636,13.72,19.587,65.70842,9.7,1.38695
3/2/2020,1:00:00,0.092214,11.4,258.1,7.4,8.1,1.15362,9.04459,10.81345,72.11129,8.2,1.40886
3/2/2020,2:00:00,0.065319,14.2,265.2,8.3,7.9,0.62118,4.69229,5.64476,77.69925,7.8,0.70443
3/2/2020,3:00:00,0.063397,6.6,269.1,8.7,7.8,0.49916,3.92726,4.69263,78.68047,5.6,1.12269
3/2/2020,4:00:00,0.057634,3.8,270.3,9,7.6,1.16471,7.44637,9.23224,77.58284,5.7,0.92457
3/2/2020,5:00:00,0.06916,6.3,272.3,8.8,7.1,1.06488,10.91489,12.54768,76.08606,8,0.72645
3/2/2020,6:00:00,0.063397,10.4,272.8,8.7,6.6,1.46421,11.32273,13.56782,74.14026,5.5,0.66041
3/2/2020,7:00:00,0.063397,12.7,271.7,8.9,6.1,2.02993,11.67947,14.79199,71.8452,8.5,1.38685
3/2/2020,8:00:00,0.190191,14.7,269.5,9.2,5.8,5.0249,22.13426,29.839,64.91014,10.5,0.99061
3/2/2020,9:00:00,0.213244,14,269.5,9.8,5.5,6.48911,22.13347,32.0833,66.5566,9.6,0.72645
3/2/2020,10:00:00,0.224771,18.1,270.1,10.3,5.8,7.78694,22.43881,34.37861,62.5652,7.9,0.92457
3/2/2020,11:00:00,0.187309,18.6,272.5,10.5,6.4,6.48911,18.46098,28.41081,68.25294,11.3,0.59437
3/2/2020,12:00:00,0.178664,18.5,272.5,10.9,6.7,6.68878,17.84879,28.10477,68.75187,11.5,0.79249
3/2/2020,13:00:00,0.158493,18.2,274.8,11,6.7,6.58895,19.83811,29.94102,67.65423,10.6,0.79249
3/2/2020,14:00:00,0.178664,11.9,276.6,10.8,6.4,7.15466,21.67405,32.64438,65.55875,9.3,0.99061
3/2/2020,15:00:00,0.207481,12.8,277.6,11.2,6,7.42088,24.42827,35.8068,62.41552,5.9,0.85853
3/2/2020,16:00:00,0.2046,13.8,278.5,11,5.4,8.25282,25.39695,38.0511,61.41767,8.7,0.72645
3/2/2020,17:00:00,0.236298,11.4,278.2,10.1,4.9,8.21954,31.67081,44.27394,57.37638,9.5,0.66041
3/2/2020,18:00:00,0.25647,15.7,279.1,8.1,4.6,8.78526,34.93495,48.40549,52.13766,8.2,0.52832
3/2/2020,19:00:00,0.2046,14.6,292.4,3.5,4.1,6.45584,31.67177,41.57058,54.18326,9.8,0.39624
3/2/2020,20:00:00,0.2046,11,276.5,2.7,3.8,5.85684,25.29623,34.2766,57.62584,7.5,0.39624
3/2/2020,21:00:00,0.167137,6.6,276.1,7,4.7,4.85852,23.05247,30.50209,64.16176,6.4,0.72645
3/2/2020,22:00:00,0.106622,8.8,280.3,7.7,4.2,2.56237,19.38122,23.31013,65.90799,4.8,0.3302
3/2/2020,23:00:00,0.123913,11.7,279.2,7.5,4.2,3.22792,19.38086,24.33026,66.05767,9.4,0.72645
3/2/2020,24:00:00,0.097977,13.1,286.1,7.6,4.6,2.39598,15.04573,18.71951,70.09896,6,0.72645
4/2/2020,1:00:00,0.089333,6,285.9,6.7,3.9,1.59755,9.72386,12.1734,72.71,13,0.35219
4/2/2020,2:00:00,0.092214,4,289.9,7.2,3.9,1.02066,10.4724,12.03738,73.97395,10.5,0.44024
4/2/2020,3:00:00,0.08645,5.8,291.1,6.9,4.1,1.1316,11.78146,13.51655,76.83445,4.2,0.13207
4/2/2020,4:00:00,0.08645,9.5,292.7,6.8,3.9,1.16488,9.7412,11.52733,77.13381,5.8,0.46225
4/2/2020,5:00:00,0.074923,9.8,291.5,6.9,4.2,1.23145,11.83239,13.72058,77.93209,7,0.26414
4/2/2020,6:00:00,0.060515,14.6,293.4,7.7,4.1,1.46442,7.54771,9.79313,79.828,3.9,0.26414
4/2/2020,7:00:00,0.057634,12,299.4,9.5,4.3,3.06197,11.67792,16.37288,77.73252,8.2,0.39621
4/2/2020,8:00:00,0.072042,16.1,303.1,10.4,4.6,4.39327,17.23651,23.97276,75.93639,7.8,0.46225
4/2/2020,9:00:00,0.057634,16.1,309.9,9.6,5.1,4.92578,16.06295,23.61571,74.63918,8.9,0.39621
4/2/2020,10:00:00,0.074923,12.2,315.9,8.9,6.3,6.05738,19.0714,28.35926,69.79961,6.2,0.52828
4/2/2020,11:00:00,0.089333,10.4,319.9,7.6,7.4,6.29036,19.22424,28.86932,64.91014,6.4,0.33018
4/2/2020,12:00:00,0.112386,8.4,320.7,6.6,8.5,8.38715,26.05737,38.91747,55.58025,7.9,0.52828
4/2/2020,13:00:00,0.126794,11,328.2,6.2,9,9.48546,26.41354,40.95771,53.38498,8.8,0.85846
4/2/2020,14:00:00,0.083569,11.9,335.2,5.8,9.1,8.52027,18.6104,31.67464,58.77337,6.7,0.72639
4/2/2020,15:00:00,0.083569,8.6,341.8,5,8.7,7.62165,18.96816,30.65452,57.62584,8.6,1.05657
4/2/2020,16:00:00,0.158493,9.2,343.6,4.1,7.5,12.41431,31.4098,50.4448,45.05293,9.1,0.85846
4/2/2020,17:00:00,0.32563,13.5,343.6,3.8,5.9,19.53672,44.51267,74.46856,34.07658,10.7,0.99053
4/2/2020,18:00:00,0.368856,19.1,297.5,2.5,4.5,29.58798,61.18364,106.55125,21.15442,15.4,1.1226
4/2/2020,19:00:00,0.276642,16.6,326.6,3.2,4.2,22.09946,54.35478,88.24014,21.65335,10.6,0.72639
4/2/2020,20:00:00,0.299695,21.7,307.8,2.4,3.4,20.93458,59.6093,91.70854,16.91356,12.7,0.85846
4/2/2020,21:00:00,0.29105,29.7,307.2,2.4,2.6,20.80145,60.17047,92.06558,13.37119,14.5,0.99053
4/2/2020,22:00:00,0.265115,23.1,310.5,2.4,2.2,17.77276,59.05074,86.30192,12.07399,14.6,0.99053
4/2/2020,23:00:00,0.345802,25.1,297.2,2.3,1.6,22.49885,64.45362,98.95138,4.93936,16.5,1.32071
4/2/2020,24:00:00,0.524466,30.9,295.8,2.7,1.7,72.58874,71.45283,182.75401,1.74624,22.3,1.78296
5/2/2020,1:00:00,0.337157,27,287.9,1.8,1,53.65886,71.01092,153.28668,1.59656,18.2,1.4967
5/2/2020,2:00:00,0.230535,17.4,293.1,1.7,1.1,27.02915,53.49297,94.9371,2.39484,19.8,1.58474
5/2/2020,3:00:00,0.193073,23.4,280,1.7,0.8,14.24689,50.78603,72.63096,3.89162,21.6,1.12252
5/2/2020,4:00:00,0.103741,17.3,291.3,2.1,0.8,3.66159,29.88505,35.4994,18.26066,15.5,1.05649
5/2/2020,5:00:00,0.095095,21,296.3,2.6,1.3,3.92788,33.40411,39.42678,13.27141,22.1,1.12252
5/2/2020,6:00:00,0.077806,21.9,294.1,2.3,1.4,9.65327,38.65165,53.45312,11.82452,18.1,0.52825
5/2/2020,7:00:00,0.095095,19,277.6,2.1,1.3,12.31624,36.65968,55.54432,13.67055,17.8,0.72634
5/2/2020,8:00:00,0.138321,20.7,269.9,2.1,1.2,28.69351,50.92399,94.92009,5.28861,18.5,0.92443
5/2/2020,9:00:00,0.15561,21.1,282.2,2.1,1.2,28.16092,50.26149,93.44095,6.58581,20.3,0.8584
5/2/2020,10:00:00,0.181547,21.8,285.2,2.3,1.5,34.25246,50.30614,102.82585,9.67915,20.2,0.72634
5/2/2020,11:00:00,0.158493,22.2,289.6,2.6,1.9,31.72264,43.11709,91.75779,16.06539,17.9,0.8584
5/2/2020,12:00:00,0.080687,20.3,284.8,3.3,2.4,18.1082,33.84838,61.6139,36.32174,13.1,0.72634
5/2/2020,13:00:00,0.195955,18.8,276.9,3,2.5,16.34398,39.81779,64.87822,43.9054,12.5,0.52825
5/2/2020,14:00:00,0.296814,22.4,271,3,2.8,14.24689,38.64686,60.49179,45.75142,12.9,0.79237
5/2/2020,15:00:00,0.316985,27.6,265.4,3,2.5,18.40778,48.89451,77.11939,27.44088,14.4,0.8584
5/2/2020,16:00:00,0.267997,28.2,266.1,3.1,2.2,19.10681,56.18748,85.48419,19.50797,21.1,0.26412
5/2/2020,17:00:00,0.374619,23.6,258.4,2,1.3,12.44939,40.89295,59.98175,40.51271,11.2,0.52825
5/2/2020,18:00:00,0.414963,24.2,239.6,2,0.3,16.97644,53.53745,79.56762,26.29335,13,0.92443
5/2/2020,19:00:00,0.492767,13.52,215.8,1.8,-0.5,15.21222,56.34455,79.66963,24.19786,15.4,0.46221
5/2/2020,20:00:00,0.276642,20.64,127.2,1.1,-1.1,13.68101,56.44816,77.42542,18.01119,17.5,0.92443
5/2/2020,21:00:00,0.293931,24.9,277.3,4,0,14.71291,56.49809,79.05757,17.86152,16.6,0.72634
5/2/2020,22:00:00,0.123913,23.8,279.4,3,0.6,9.42026,51.04608,65.49027,17.11313,16.2,0.72634
5/2/2020,23:00:00,0.2046,22.7,277.5,2.8,0.7,25.06521,63.88301,102.3158,8.98065,16.3,0.8584
5/2/2020,24:00:00,0.193073,19.3,279.1,1.6,-0.2,23.13456,63.37498,98.84747,8.93076,13.8,0.8584
6/2/2020,1:00:00,0.157533,17.9,250.9,1.5,1,3.68431,33.79383,39.44302,37.78525,11,1.76069
6/2/2020,2:00:00,0.149848,14.4,265.2,2.2,1.2,2.26385,19.10654,22.57773,59.07272,11.1,0.70427
6/2/2020,3:00:00,0.13544,16.2,277.4,2.1,1.1,2.72994,20.04101,24.22686,62.96434,9.4,1.25449
6/2/2020,4:00:00,0.123913,13.5,273.6,1.9,1.2,1.96422,19.48096,22.49272,64.5609,8.6,1.05641
6/2/2020,5:00:00,0.115267,13.7,268.5,1.9,1.2,1.26509,16.52363,18.46342,59.97079,10.1,1.05641
6/2/2020,6:00:00,0.152729,14.2,275.1,2.1,1.2,4.59429,39.52209,46.56657,33.47787,11.8,1.18846
6/2/2020,7:00:00,0.219008,16.8,294.1,2.4,1.9,15.11454,51.49441,74.66972,23.15012,12.3,0.99038
6/2/2020,8:00:00,0.452424,23.7,294.3,1.8,2.2,89.45546,81.33762,218.50074,1.69635,15.7,2.64103
6/2/2020,9:00:00,0.535993,26.2,294.1,1.4,2.2,116.9879,89.76868,269.14762,2.34495,18.2,2.8391
6/2/2020,10:00:00,0.46107,26.5,283.7,1.6,3.3,88.82291,78.78824,214.98147,6.18667,18.8,2.50898
6/2/2020,11:00:00,0.282405,20.3,288,1.8,4.8,14.54858,33.69478,56.00229,44.85336,13.5,1.05641
6/2/2020,12:00:00,0.322749,25.2,294.3,1.8,6.4,21.93939,40.77477,74.4147,34.82497,19.2,1.71667
6/2/2020,13:00:00,0.374619,24.7,295,1.3,7.3,17.27852,40.01574,66.5091,32.92905,19.7,1.71667
6/2/2020,14:00:00,0.083569,19.985,329.4,0.1,7.4,6.056762,31.930508,41.21741,29.83572,17.9,0.900186
6/2/2020,15:00:00,0.4517142,2.3,141.7,1,7.1,73.34741,70.165388,182.629848,27.39098,15.6,2.655046
6/2/2020,16:00:00,0.163893,23.19,145.4,1.5,5.8,13.161766,34.560694,54.741788,36.620898,16.3818,2.234534
6/2/2020,17:00:00,0.1747932,25.805,135.6,1.6,3.5,18.626056,49.80885,78.368402,29.87563,18.5238,2.605034
6/2/2020,18:00:00,0.2216606,23.51,132.8,1.5,2.6,17.697124,36.881142,64.016354,40.432684,18.2218,2.404008
6/2/2020,19:00:00,0.29105,28.595,110.5,1.1,2.1,45.37692,78.23235,147.80933,5.877338,14.7406,3.69744
6/2/2020,20:00:00,0.380383,17.015,136,1.3,2,54.59879,81.12765,164.84463,17.073216,10.4266,4.22565
6/2/2020,21:00:00,0.541757,32.925,131.3,1.3,2.1,79.83409,81.9621,204.37266,23.798724,28.7992,4.68783
6/2/2020,22:00:00,0.659906,22.21,128.7,1.4,1.6,109.49721,82.5358,250.42919,24.317606,10.535,3.76347
6/2/2020,23:00:00,0.749237,22.21,140.5,1.5,1,119.08529,78.29009,260.88499,24.696788,10.535,2.97116
6/2/2020,24:00:00,0.654142,22.21,147.5,1.5,0.3,112.52678,71.26002,243.79868,24.696788,13.8418,3.43334
7/2/2020,1:00:00,0.533112,24.115,205.1,1.4,0.1,126.12036,74.48863,267.87049,17.183976,11.4954,2.73297
7/2/2020,2:00:00,0.553284,22.66,188.7,1.6,-0.5,139.749,63.82356,278.10236,15.915708,12.684,2.90929
7/2/2020,3:00:00,0.463951,31.245,153.9,1.6,-1.2,110.1722,64.51188,233.44023,24.696788,19.224,2.38033
7/2/2020,4:00:00,0.389027,41.46,158.1,1.9,-1.5,99.61777,63.86367,216.60879,25.495068,32.238,2.51257
7/2/2020,5:00:00,0.354447,41.46,154,2.4,-1.5,86.33318,60.5463,192.922,23.81868,32.238,2.44645
7/2/2020,6:00:00,0.244943,39.9,153.4,2.3,-1.6,50.27501,53.36913,130.45641,3.21308,26.3822,1.32241
7/2/2020,7:00:00,0.22189,58.98,142.5,2.2,-1.8,41.18556,47.9167,111.067,18.280614,48.1324,1.38853
7/2/2020,8:00:00,0.12103,57.415,138.7,2.1,-2.3,34.55991,48.40676,101.39788,18.84919,45.6182,1.12404
7/2/2020,9:00:00,0.146966,56.275,149.2,2.9,-1.4,35.8917,46.10892,101.14208,14.308972,44.637,1.12404
7/2/2020,10:00:00,0.129676,18.85,163.1,4.1,1.3,27.90097,43.32034,86.10123,4.290754,12.0142,0.46284
7/2/2020,11:00:00,0.066279,40.54,159.2,4.9,2.9,20.01012,36.84862,67.53038,7.59364,32.6324,0.99181
7/2/2020,12:00:00,0.077806,18.665,156.7,5.2,4.4,17.27996,32.90047,59.39603,12.083964,12.4246,1.91749
7/2/2020,13:00:00,0.126794,25.41,157.1,5.3,5.2,19.07787,33.21327,62.4656,9.0505,15.6228,2.31421
7/2/2020,14:00:00,0.109503,18.02,160.4,5.5,5.3,15.78169,32.99792,57.19618,19.504076,11.5188,2.71093
7/2/2020,15:00:00,0.103741,24.21,164.2,4.4,4.6,18.2788,38.68473,66.71183,11.846076,15.604,2.77705
7/2/2020,16:00:00,0.17002,24.67,170.2,4.3,4,27.56802,47.61665,89.88702,5.538366,13.665,6.74427
7/2/2020,17:00:00,0.213244,18.97,177.7,4.7,3.3,24.70468,52.87676,90.75673,10.433122,11.6004,7.27323
7/2/2020,18:00:00,0.262234,22.535,183.4,4.9,3.8,27.46814,56.97849,99.09571,8.794452,12.363,7.47159
7/2/2020,19:00:00,0.270878,22.155,186.3,5.2,4.3,32.32916,59.19414,108.76483,10.04386,10.9478,4.76066
7/2/2020,20:00:00,0.230535,17.56,179.8,4.8,4.7,27.33496,62.81022,104.72324,6.239956,11.1558,4.49618
7/2/2020,21:00:00,0.175783,14.5,188.6,5.2,5.4,13.2513,55.44867,75.76703,16.868154,8.187,5.09126
7/2/2020,22:00:00,0.146966,15.82,193.6,5.7,6.3,11.9861,48.43572,66.81414,20.865046,10.391,4.8929
7/2/2020,23:00:00,0.118149,14.15,190.3,5.2,6.8,9.28922,41.16232,55.4056,22.784408,8.3584,4.2317
7/2/2020,24:00:00,0.077806,10.4,196.9,5.3,7.4,5.52692,30.61127,39.08576,34.565526,7.5376,2.18197
8/2/2020,1:00:00,0.219008,10.425,196,6.4,8.5,4.39527,29.95901,36.69833,31.753584,8.617,2.02776
8/2/2020,2:00:00,0.175783,11.98,215.6,5.7,8.7,3.10776,21.90592,26.67109,41.070208,8.1038,2.20409
8/2/2020,3:00:00,0.129676,4.205,228.2,4.5,7.4,1.23201,6.8592,8.74825,56.272088,2.8586,1.4547
8/2/2020,4:00:00,0.08645,5.81,231.8,4.2,6.1,0.86574,4.81168,6.13913,42.897574,2.9338,1.58694
8/2/2020,5:00:00,0.063397,4.86,239,4.3,5.4,0.73254,4.76011,5.88333,44.061732,3.004,1.38858
8/2/2020,6:00:00,0.066279,6.985,233,4.5,4.9,0.93233,7.52334,8.95289,53.255256,4.4128,1.32245
8/2/2020,7:00:00,0.077806,9.75,231.4,5.3,4.6,1.39849,12.23146,14.37578,33.727332,8.2886,1.12408
8/2/2020,8:00:00,0.12103,12.325,236.2,5.5,4.3,1.96455,23.18133,26.1936,36.754142,7.2218,1.38858
8/2/2020,9:00:00,0.242062,9.67,244.2,5.5,4.8,6.22663,31.84057,41.38793,43.087166,7.619,1.91756
8/2/2020,10:00:00,0.207481,8.305,241.5,5,6.4,5.59398,23.19266,31.76997,44.883294,5.0842,0.79347
8/2/2020,11:00:00,0.181547,7.57,236.1,5.4,7.5,6.06014,20.58499,29.87708,44.64381,4.596,1.12408
8/2/2020,12:00:00,0.236298,5.97,228.5,6.2,7.8,6.5929,19.61463,29.7236,44.334476,3.379,1.58694
8/2/2020,13:00:00,0.187309,5.25,222.1,6.8,8.1,5.89365,15.87781,24.91462,46.50979,2.1282,1.65307
8/2/2020,14:00:00,0.187309,4.095,215.7,6.9,8.3,5.19441,16.18258,24.14723,47.118478,2.4622,1.12408
8/2/2020,15:00:00,0.164256,8.65,210.5,6.6,8.3,5.36089,15.00644,23.22636,41.979552,5.7078,1.25633
8/2/2020,16:00:00,0.126794,13.265,206.6,6.3,7.6,6.99247,25.70384,36.42548,35.832794,9.489,0.99184
8/2/2020,17:00:00,0.123913,9.415,200,6.4,6.7,6.72609,32.96764,43.28083,39.494904,7.7624,1.05796
8/2/2020,18:00:00,0.138321,8.465,200.5,6.7,6.4,6.6262,35.52529,45.68532,32.300404,5.5796,0.92572
8/2/2020,19:00:00,0.129676,8.495,205.6,7.4,6.6,6.69279,35.16739,45.42953,33.896964,5.853,1.4547
8/2/2020,20:00:00,0.138321,11.91,214.1,8.2,6.7,5.06122,25.59549,33.35591,34.82164,7.4504,1.32245
8/2/2020,21:00:00,0.12103,8.265,219.1,9.6,7,3.9291,19.70863,25.73317,52.217492,6.2962,1.12408
8/2/2020,22:00:00,0.109503,6.985,218.1,10,6.9,2.6305,13.77008,17.80346,56.109108,4.5014,0.99184
8/2/2020,23:00:00,0.115267,9.24,220.7,9.3,7.4,3.26315,14.84641,19.84984,47.597446,8.138,0.79347
8/2/2020,24:00:00,0.106622,9.5,221.7,9.1,7.6,3.42964,15.00041,20.25911,49.747714,6.2152,0.79347
9/2/2020,1:00:00,0.06916,6.985,209.8,10.8,8.1,2.84162,13.51459,17.87168,56.109108,4.5014,1.058
9/2/2020,2:00:00,0.053792,6.2,215.6,11.1,8.5,1.50961,7.78075,10.09545,52.866094,5.2542,0.96983
9/2/2020,3:00:00,0.083569,3.14,220.4,10.7,9.1,1.39861,6.14331,8.28782,51.604414,2.0344,0.72737
9/2/2020,4:00:00,0.08645,2.72,221.3,10.3,9.2,1.26541,5.06857,7.00883,44.020754,1.5564,0.59512
9/2/2020,5:00:00,0.089333,3.125,221.7,9.7,9.6,0.83251,3.68597,4.96246,51.239598,3.5622,0.92575
9/2/2020,6:00:00,0.077806,3.45,222.2,10,9.9,0.4995,2.96874,3.73463,58.91915,3.8594,1.058
9/2/2020,7:00:00,0.089333,6.125,221.9,10,10.3,1.13221,8.18889,9.92492,60.585062,5.259,1.058
9/2/2020,8:00:00,0.112386,3.105,223.1,9.5,10.8,1.03231,5.06787,6.65072,43.951402,1.8348,0.99187
9/2/2020,9:00:00,0.100859,3.14,230.1,11,11.2,1.09891,4.30068,5.98565,46.97878,2.104,0.66125
9/2/2020,10:00:00,0.095095,3.805,233,10.6,11.2,0.96571,3.94216,5.42289,57.446226,3.0222,0.66125
9/2/2020,11:00:00,0.077806,3.56,234,10.3,11.2,1.13221,4.55658,6.2926,46.419984,2.484,0.7935
9/2/2020,12:00:00,0.167137,8.06,240.9,10.1,11.8,2.79722,12.59358,16.88259,56.49827,5.903,1.19025
9/2/2020,13:00:00,0.149848,8.845,246.8,9.4,12.1,2.19782,10.34078,13.71071,55.031428,6.2344,1.19025
9/2/2020,14:00:00,0.112386,9.26,249.4,9.7,11.6,2.26442,13.35938,16.83143,54.572418,6.743,1.3225
9/2/2020,15:00:00,0.164256,6.52,257.4,9.3,10.4,4.02933,12.90423,19.08245,54.911688,3.5568,1.12412
9/2/2020,16:00:00,0.092214,7.38,258.3,9.1,9.5,2.13122,11.61956,14.88738,52.676502,4.6094,1.45475
9/2/2020,17:00:00,0.167137,11.205,259.8,9,8.8,3.03032,14.18022,18.82665,57.057064,7.8244,1.058
9/2/2020,18:00:00,0.172901,13.335,258.6,9.2,8,2.96372,19.09132,23.63563,49.55323,9.277,0.92575
9/2/2020,19:00:00,0.17002,8.22,260,8.7,7.6,2.63072,11.5699,15.60361,60.709196,5.0386,1.45475
9/2/2020,20:00:00,0.193073,8.535,262.3,8.8,7.3,3.09692,13.97578,18.72433,55.979386,5.531,1.12412
9/2/2020,21:00:00,0.184428,11.425,266.1,9.4,6.8,2.83052,9.21716,13.55723,67.38481,5.1234,0.72737
9/2/2020,22:00:00,0.184428,12.49,263.6,9.5,6.6,2.66402,8.70507,12.78984,66.077628,8.5574,1.3225
9/2/2020,23:00:00,0.2046,10.4,264.8,9.8,6.1,3.16352,15.86888,20.71955,53.804074,7.2158,1.058
9/2/2020,24:00:00,0.138321,6.72,268.3,8.9,5.6,1.96472,7.52631,10.53883,78.311268,5.04,1.45475
10/2/2020,1:00:00,0.095095,7.615,283.4,8.4,5.8,1.28772,11.25876,13.23322,45.751424,5.7298,1.67522
10/2/2020,2:00:00,0.115267,11.93,283.4,8.4,5.7,1.46533,18.96728,21.21409,38.107892,9.7696,0.8817
10/2/2020,3:00:00,0.092214,11.265,282.7,9.3,5.1,1.26551,14.32825,16.26868,53.641092,9.9818,1.4548
10/2/2020,4:00:00,0.089333,11.14,276.8,9,5.2,1.39873,14.53327,16.67796,49.619756,8.9668,0.92578
10/2/2020,5:00:00,0.066279,10.23,273.8,9.1,4.5,1.43203,14.17525,16.371,55.810816,8.5802,1.12416
10/2/2020,6:00:00,0.057634,11.675,269.9,9,4.6,1.66515,13.35737,15.91057,49.323728,11.2836,0.99191
10/2/2020,7:00:00,0.074923,11.32,267.1,8.6,4,2.66424,18.68081,22.76592,47.244872,10.2372,1.12416
10/2/2020,8:00:00,0.198836,5.715,263.4,8.1,3.8,4.89554,20.17083,27.67722,46.010866,3.8628,1.19029
10/2/2020,9:00:00,0.247824,10.04,261.3,7.9,4.1,6.42748,24.21681,34.07214,52.257406,8.4304,0.92578
10/2/2020,10:00:00,0.259351,9.7,262.6,8.3,5.2,7.95942,25.03976,37.24403,36.0623,7.4324,0.66127
10/2/2020,11:00:00,0.253588,10.54,259.5,8.4,5.6,7.85951,27.59744,39.64852,35.79288,6.5472,1.19029
10/2/2020,12:00:00,0.213244,10.36,257.5,8,5.7,7.35996,23.04282,34.32794,56.069194,8.24,0.85965
10/2/2020,13:00:00,0.080687,5.09,259.4,7.5,5.8,6.12775,18.17915,27.5749,44.085014,3.3958,1.12416
10/2/2020,14:00:00,0.2046,10.36,260.2,7.3,5.6,6.82712,21.60883,32.07693,60.96864,7.02,1.12416
10/2/2020,15:00:00,0.293931,9.09,263.3,7,5,7.82621,27.23923,39.23924,56.92734,6.5598,1.12416
10/2/2020,16:00:00,0.311222,13.48,262.8,6.2,3.8,9.75778,38.49983,53.46155,43.00734,7.7616,1.58705
10/2/2020,17:00:00,0.282405,18.435,266,6.7,3.1,8.8919,34.96735,48.60141,54.38283,9.6888,1.25642
10/2/2020,18:00:00,0.342921,10.96,268.1,8.1,3.1,8.32575,28.31501,41.08098,56.77767,6.7214,1.25642
10/2/2020,19:00:00,0.253588,13.93,272.3,9,3.2,4.66242,16.79364,23.94259,70.548,7.927,0.85965
10/2/2020,20:00:00,0.250707,12.85,274,9,3.1,4.76233,16.64045,23.94259,71.24649,7.927,0.66127
10/2/2020,21:00:00,0.161374,6.335,275.2,9.7,3.1,2.83076,11.00738,15.34781,75.98628,3.0086,0.79353
10/2/2020,22:00:00,0.175783,7.365,275.1,10.2,3.2,2.83076,9.06333,13.40376,75.63703,5.2208,1.05804
10/2/2020,23:00:00,0.230535,8.625,275,10.3,3.3,3.53012,10.13968,15.55245,73.79101,5.5208,0.79353
10/2/2020,24:00:00,0.22189,7.365,275.3,10.3,3.4,3.53012,9.16765,14.58042,73.94069,5.2208,0.46289
11/2/2020,1:00:00,0.072042,6.66,273.8,10.1,4,1.42105,6.27944,8.45835,77.49968,5.66,0.9699
11/2/2020,2:00:00,0.063397,7.13,275.7,10.7,3.9,0.5773,4.64003,5.52521,78.43101,5.246,0.70538
11/2/2020,3:00:00,0.06916,5.87,276.6,10.8,4,0.76603,8.90383,10.0784,77.68262,4.343,0.79356
11/2/2020,4:00:00,0.072042,5.52,276,10.3,3.9,0.89926,6.90898,8.28782,79.87789,4.9642,0.39678
11/2/2020,5:00:00,0.077806,5.61,276,10.1,3.8,1.29892,9.10993,11.10158,77.98198,4.623,0.72743
11/2/2020,6:00:00,0.057634,5.355,275.8,9.7,3.4,1.49876,11.20801,13.50608,77.38327,3.8086,1.19033
11/2/2020,7:00:00,0.054752,7.065,275,10.2,3.5,1.83182,12.18095,14.9897,75.48735,4.3208,0.79356
11/2/2020,8:00:00,0.178664,14.76,276.4,10.1,2.8,5.16239,21.3476,29.26316,68.95144,9.82,1.32259
11/2/2020,9:00:00,0.224771,9.94,277.9,9.5,3.3,6.86099,26.26356,36.78359,65.45896,6.42,1.25646
11/2/2020,10:00:00,0.247824,8.38,281.4,7.8,2.4,8.95925,30.92481,44.66213,61.2181,6.36,1.1242
11/2/2020,11:00:00,0.230535,7.94,281.7,9.8,4.2,9.45884,30.46574,44.96909,63.81251,5.76,0.99194
11/2/2020,12:00:00,0.216127,11.89,281.2,10.3,4.3,8.06,25.49945,37.85794,64.76047,7.088,1.25646
11/2/2020,13:00:00,0.25647,9,281.7,10.4,4.5,8.72611,26.88258,40.26243,63.8624,5.84,1.05807
11/2/2020,14:00:00,0.207481,11.75,281.4,10.3,4.4,8.06,23.24844,35.60693,68.80176,6.825,1.1242
11/2/2020,15:00:00,0.181547,11.89,281.4,10,3.5,7.69363,26.0612,37.85794,64.16176,7.088,0.85968
11/2/2020,16:00:00,0.12103,10.88,279.3,9.7,3.3,6.52793,28.10438,38.11373,62.66498,6.58,1.1242
11/2/2020,17:00:00,0.247824,10.02,275.9,9.7,2.8,6.66115,24.06316,34.27678,66.10756,6.52,1.05807
11/2/2020,18:00:00,0.265115,12.32,274.4,10.1,3,7.42719,24.62801,36.0162,64.11186,6.82,0.6613
11/2/2020,19:00:00,0.244943,9.98,278.5,9.8,2.8,5.36223,20.17149,28.39345,68.80176,6.6,1.05807
11/2/2020,20:00:00,0.230535,8.335,278.5,9.5,2.7,4.96256,18.73793,26.34708,69.8495,5.1524,0.99194
11/2/2020,21:00:00,0.172901,9.65,278.9,9.5,2.8,3.66363,17.35307,22.97056,70.548,5.9246,1.25646
11/2/2020,22:00:00,0.184428,8.845,279.1,9.3,2.7,3.4638,13.66904,18.98013,72.5437,6.0398,0.79356
11/2/2020,23:00:00,0.219008,9.055,279.6,8.9,2.5,3.83016,13.61889,19.49172,72.59359,6.1012,0.6613
11/2/2020,24:00:00,0.230535,9.055,279.3,9.3,2.6,4.19653,14.38728,20.82187,71.09681,6.1012,1.1242
12/2/2020,1:00:00,0.076845,8.115,276,8.1,2.9,2.04292,16.44455,19.57699,73.37524,4.983,1.05811
12/2/2020,2:00:00,0.065319,5.75,275.3,7.6,2.7,1.64322,14.53356,17.05313,76.30226,2.8944,0.52906
12/2/2020,3:00:00,0.063397,5.545,276.2,7.6,2.7,1.26572,12.79315,14.7339,76.43531,3.0896,0.79358
12/2/2020,4:00:00,0.066279,5.355,273.9,8.1,2.7,1.06587,10.64394,12.27825,76.68477,3.8086,0.85972
12/2/2020,5:00:00,0.066279,9.205,272.3,8,2.6,1.36565,13.20269,15.29665,75.73682,5.2208,0.99198
12/2/2020,6:00:00,0.054752,9.205,272.9,7.3,2.6,1.53219,12.79385,15.14318,74.33983,5.2208,1.12424
12/2/2020,7:00:00,0.060515,9.245,273.9,7.4,2.5,1.83197,13.86898,16.67796,69.69982,5.9892,0.79358
12/2/2020,8:00:00,0.233416,11.125,273.8,7,2.4,7.12803,27.33773,38.26721,57.12691,6.8552,0.79358
12/2/2020,9:00:00,0.328512,16.26,273.1,7.6,3.1,10.99181,35.63564,52.48952,52.5368,9.76,1.05811
12/2/2020,10:00:00,0.27376,12.555,268.9,6.9,4,11.22497,36.35248,53.56387,56.72777,6.7888,1.05811
12/2/2020,11:00:00,0.23918,11.155,272.7,7.9,4.8,11.02512,28.83153,45.73648,63.8624,7.583,0.85972
12/2/2020,12:00:00,0.244943,18.265,274.7,8.1,5.3,11.95776,34.15454,52.48952,62.86455,9.7728,1.05811
12/2/2020,13:00:00,0.146966,10.975,275.4,8,5.5,8.79345,28.8257,42.3088,66.5566,6.6194,0.92585
12/2/2020,14:00:00,0.210363,11.38,275.9,7.3,5.6,9.25977,28.11069,42.3088,63.31358,6.5764,1.12424
12/2/2020,15:00:00,0.25647,17.01,273.6,6.1,5.3,9.49293,33.38071,47.93633,62.66498,10.5262,1.05811
12/2/2020,16:00:00,0.29105,6.36,278.6,5.5,4.7,8.42706,28.56895,41.49025,60.17036,5.42,1.32264
12/2/2020,17:00:00,0.340038,13.955,272.2,2.8,3.3,10.29234,36.70816,52.48952,48.94454,8.2888,0.79358
12/2/2020,18:00:00,0.475478,19.47,159.8,2.5,1.6,15.38854,55.7016,79.29703,25.24561,17.8098,0.85972
12/2/2020,19:00:00,0.466833,20.85,165.8,3,1.5,18.08653,64.40574,92.13803,18.6099,15.6326,0.85972
12/2/2020,20:00:00,0.282405,17.69,191.8,2.6,0.9,19.08579,71.21255,100.47701,10.6271,9.3234,1.12424
12/2/2020,21:00:00,0.282405,17.005,209.7,2.7,0.4,16.35449,70.8473,95.92383,10.27786,13.534,0.92585
12/2/2020,22:00:00,0.334276,16.585,199.4,2.5,-0.1,41.26927,75.97716,139.25582,8.13248,9.5434,1.71943
12/2/2020,23:00:00,0.282405,21.355,179.4,2.4,-0.4,18.38631,65.32739,93.51934,10.17807,14.3932,2.05009
12/2/2020,24:00:00,0.219008,17.1,168.4,2.7,-0.3,8.36044,55.9902,68.80936,12.32345,12.4992,2.71141
13/02/2020,1:00:00,0.172445,21.05,159.1,4.6,2.7,5.95162,55.7444,64.87009,11.24244,14.3346,2.38083
13/02/2020,2:00:00,0.114964,9.68,159.9,5.2,3.3,2.70932,33.77192,37.92615,30.93335,6.0894,1.76358
13/02/2020,3:00:00,0.091971,12.5,155.6,6.3,3.8,2.49835,38.27342,42.10417,25.14582,7.6932,1.45495
13/02/2020,4:00:00,0.066103,10.335,157.4,6.5,3.8,1.93206,28.60289,31.56533,34.52561,6.2832,1.05815
13/02/2020,5:00:00,0.057481,9.98,157.4,6.8,3.4,1.36576,20.67178,22.76592,49.19401,11.26,0.79361
13/02/2020,6:00:00,0.074727,8.03,162.4,6.6,2.8,1.09927,13.71344,15.39897,61.01853,5.9404,0.72748
13/02/2020,7:00:00,0.089096,11.75,165.6,5.4,3.3,2.63159,29.5255,33.56055,46.05078,8.9168,1.25655
13/02/2020,8:00:00,0.132208,14.55,171.8,2.9,3.8,11.65895,58.14602,76.02283,21.35399,12.3336,1.32268
13/02/2020,9:00:00,0.28166,22.655,153,1.4,4.1,27.81493,73.17587,115.82483,11.62495,13.448,1.19042
13/02/2020,10:00:00,0.252919,18.22,136.5,0.4,5.1,39.34063,72.23248,132.55394,18.31055,9.1528,1.25655
13/02/2020,11:00:00,0.2328,18.36,295,1.8,6,16.08935,54.11544,78.78544,29.58625,10.7238,1.19042
13/02/2020,12:00:00,0.347763,22.255,327.1,2.5,7,22.7183,53.72264,88.55688,31.23271,13.9688,1.05815
13/02/2020,13:00:00,0.146577,29.18,4.8,4,6.4,18.25459,45.98648,73.97646,41.61035,22.397,1.05815
13/02/2020,14:00:00,0.126459,9.89,356.4,3.8,4.7,14.05737,38.19983,59.75415,47.64734,5.6124,1.05815
13/02/2020,15:00:00,0.0776,20.66,5.1,4.2,4.7,7.09531,23.03935,33.91867,61.16821,16.832,0.99201
13/02/2020,16:00:00,0.126459,10.18,1,4.6,4.3,10.19326,26.16777,41.79721,54.18326,6.4748,1.19042
13/02/2020,17:00:00,0.212682,13.795,14.3,4.7,4.4,16.8222,35.90452,61.69821,45.40218,5.416,0.85975
13/02/2020,18:00:00,0.189689,13.51,338.9,2.2,3.3,16.92214,43.57868,69.52559,37.81852,12.1466,1.05815
13/02/2020,19:00:00,0.183941,12.035,320.1,2.1,2,12.25856,43.20897,62.00516,37.07013,5.5378,0.85975
13/02/2020,20:00:00,0.16957,12.635,311,1.9,1.1,11.52571,42.6444,60.3169,35.62325,6.3714,1.19042
13/02/2020,21:00:00,0.227052,13.405,287.9,2.3,1.3,9.26054,40.95051,55.14981,35.12432,9.7356,0.92588
13/02/2020,22:00:00,0.241422,7.575,302.4,2.5,1.4,7.3618,38.23435,49.52228,37.2697,4.5802,0.99201
13/02/2020,23:00:00,0.270163,9.545,323.3,2.1,1.1,7.99471,42.07287,54.33126,29.58625,5.4152,1.05815
13/02/2020,24:00:00,0.183941,10.225,354.6,1.8,1.2,4.79683,30.80986,38.16489,34.77507,6.6934,1.52109
14/02/2020,1:00:00,0.193073,8.575,289.2,1.7,1.2,6.12979,37.87239,47.27126,26.8089,7.634,0.88182
14/02/2020,2:00:00,0.213244,18.69,265.8,1.5,0.4,18.30052,52.08928,80.14969,10.04502,11.9368,1.05818
14/02/2020,3:00:00,0.213244,19.295,254.2,1.8,0.6,12.35951,47.50504,66.45603,9.18022,11.5472,0.79364
14/02/2020,4:00:00,0.22189,17.115,249,1.8,0.7,13.42556,45.56349,66.14907,9.18022,10.6084,0.7275
14/02/2020,5:00:00,0.276642,23.725,227.6,1.6,-0.2,20.155,45.83516,76.73906,5.03914,21.7736,1.32273
14/02/2020,6:00:00,0.348684,30.405,197.5,2.1,-0.7,59.56553,56.15994,147.49248,1.19742,13.5756,1.52114
14/02/2020,7:00:00,0.368856,27.79,168.9,2.3,-0.8,66.39491,60.42227,162.22638,1.24731,14.8964,1.52114
14/02/2020,8:00:00,0.296814,26.345,168.1,2.8,0,55.30133,63.61916,148.41335,1.9957,12.1084,1.38887
14/02/2020,9:00:00,0.262234,22.935,165.2,3,1,43.77467,60.82938,127.9496,5.73764,12.3302,2.24864
14/02/2020,10:00:00,0.267997,19.695,221.2,3.9,5.4,38.34448,52.93803,111.73208,11.72474,9.8962,4.96024
14/02/2020,11:00:00,0.22189,21.765,223.3,6.3,7.3,32.91429,52.56712,103.03498,13.72044,9.585,3.76978
14/02/2020,12:00:00,0.138321,13.79,212.1,5.9,5.4,15.82418,34.97916,59.24256,39.71443,7.3554,2.24864
14/02/2020,13:00:00,0.187309,14.345,206.4,5.3,5.4,11.46004,44.27988,61.85168,26.94195,7.4532,2.38092
14/02/2020,14:00:00,0.13544,10,209.4,3.9,6.8,9.36125,28.97828,43.33199,49.14411,5.948,1.9841
14/02/2020,15:00:00,0.097977,9.24,212.7,4.7,8,7.22915,30.14991,41.23446,45.55185,7.468,1.32273
14/02/2020,16:00:00,0.13544,12.71,224,4.6,8.2,8.36183,35.88243,48.70373,39.76432,7.2614,0.59523
14/02/2020,17:00:00,0.190191,10.255,214.4,3.1,7.5,10.02753,44.89041,60.26574,34.87486,5.3,1.32273
14/02/2020,18:00:00,0.25647,16.905,222.9,2.2,5.9,16.65703,65.36979,90.91021,15.66625,9.8,1.25659
14/02/2020,19:00:00,0.152729,11.88,223.6,2.5,4.8,5.89659,39.3043,48.34561,43.05723,9,1.25659
14/02/2020,20:00:00,0.152729,15.34,228.9,3,5.4,5.56345,40.78714,49.31764,39.96389,11.1,1.19046
14/02/2020,21:00:00,0.13544,11.94,230.8,3.2,5.9,2.96495,27.83769,32.38388,50.74067,10.6,0.59523
14/02/2020,22:00:00,0.13544,12.155,233.3,3.4,6,2.86501,25.73992,30.13287,50.14196,12.7,1.25659
14/02/2020,23:00:00,0.123913,12.23,204.3,2.1,3.9,3.36472,28.45255,33.61171,47.64734,13.2,0.85977
14/02/2020,24:00:00,0.100859,12.295,228.2,3.4,4.7,2.56518,23.07893,27.01215,52.68648,13.3,0.79364
15/02/2020,1:00:00,0.122952,10.31,214.1,3.1,4.5,1.91016,23.1283,26.05718,48.42899,10.6,0.6173
15/02/2020,2:00:00,0.157533,8.325,202.9,2.4,3.8,7.90719,37.05702,49.18121,31.66511,9.7,0.79367
15/02/2020,3:00:00,0.118149,11.9,202.1,3,3.6,6.82995,29.12492,39.59736,43.2568,11,0.59525
15/02/2020,4:00:00,0.106622,9.6,200.3,3.3,3.6,1.89906,18.62625,21.5381,49.64304,13.5,0.8598
15/02/2020,5:00:00,0.141202,14.895,197.5,3.4,3.6,3.86475,34.69468,40.62054,31.03314,12.2,0.79367
15/02/2020,6:00:00,0.149848,10.205,196.2,4.6,5.3,1.86574,38.27137,41.13214,26.09378,8,1.05822
15/02/2020,7:00:00,0.244943,14.39,193.6,4.1,6.5,8.86227,47.49566,61.08429,16.76388,14.7,1.58733
15/02/2020,8:00:00,0.144084,14.16,197.9,5,7.2,2.9652,30.65108,35.19765,31.43228,12.9,1.32278
15/02/2020,9:00:00,0.233416,12.37,204.4,6.1,8.6,4.99752,38.17604,45.8388,27.09163,10.1,2.57941
15/02/2020,10:00:00,0.152729,6.615,202.3,6.5,10,7.82945,37.31265,49.31764,25.89421,5.6,1.65347
15/02/2020,11:00:00,0.149848,6.3,207.2,7.2,10.5,9.39534,35.52556,49.93155,24.34754,9.1,1.05822
15/02/2020,12:00:00,0.132557,5.8,206.7,8.4,11.1,8.39584,30.25391,43.12735,32.82927,5.8,1.1905
15/02/2020,13:00:00,0.12103,2.9,207.2,9,11,5.19742,21.70317,29.67244,44.80347,2.6,1.12436
15/02/2020,14:00:00,0.074923,4.5,207.6,10.1,11,4.49777,18.78552,25.68201,51.58885,5,1.45506
15/02/2020,15:00:00,0.072042,3.8,211.8,11.4,10.9,3.73148,15.50961,21.23114,58.5738,2.2,1.38892
15/02/2020,16:00:00,0.080687,3.3,211.9,11.9,11.1,2.59871,11.56781,15.55245,65.65853,6.9,1.12436
15/02/2020,17:00:00,0.080687,3.3,214.4,12.3,11.6,4.83094,20.47452,27.88186,51.68863,4.1,0.99208
15/02/2020,18:00:00,0.092214,6.6,222.1,12.6,12,5.69718,23.08558,31.82113,42.50841,7.7,1.1905
15/02/2020,19:00:00,0.080687,8.4,227.1,11.4,12.4,3.09846,11.9782,16.72912,55.77982,8.7,0.92594
15/02/2020,20:00:00,0.083569,4.775,231.1,11.6,11.9,1.76579,8.64987,11.35738,69.99918,2.7768,0.99208
15/02/2020,21:00:00,0.106622,6.4,235.9,11,11.4,1.53257,12.28167,14.63158,73.89079,6.5,1.1905
15/02/2020,22:00:00,0.095095,7.9,240.3,9.4,10.9,1.26604,10.13238,12.07361,75.68692,3.9,1.38892
15/02/2020,23:00:00,0.097977,4.5,236.7,9.1,10.6,1.56589,9.72377,12.12477,79.57854,5.1,0.99208
15/02/2020,24:00:00,0.109503,7.4,233.6,8.7,10.3,1.93238,15.81256,18.77549,70.89724,7.1,1.12436
16/02/2020,1:00:00,0.132557,2.7,228.9,7.1,10.8,4.9313,13.44823,21.00945,73.97395,1.7,1.14645
16/02/2020,2:00:00,0.115267,4.4,237.6,9.1,10.6,0.8441,7.30051,8.59478,84.81725,8.5,1.14645
16/02/2020,3:00:00,0.12103,6.3,233.3,9.5,10,0.96627,5.98768,7.46927,88.35962,6.1,1.19054
16/02/2020,4:00:00,0.118149,4.2,231.5,9.6,10.1,0.83299,4.70841,5.98565,91.1536,4.2,1.05826
16/02/2020,5:00:00,0.109503,3.9,236.8,9.3,9.9,0.66639,4.65691,5.67869,92.70027,3.5,1.1244
16/02/2020,6:00:00,0.083569,3.1,236.6,8.5,9.4,0.36652,3.22381,3.78579,93.74801,4.1,0.92598
16/02/2020,7:00:00,0.066279,2.1,239.2,8.8,9.1,0.43316,2.86584,3.53,92.99962,4.2,0.85984
16/02/2020,8:00:00,0.072042,1.3,240.4,8.5,8.5,0.59975,5.27068,6.19028,88.4594,3.9,1.1244
16/02/2020,9:00:00,0.072042,7.6,241.8,7.1,8.2,0.66639,5.52661,6.5484,87.8108,6,1.25668
16/02/2020,10:00:00,0.080687,2.3,251.7,6.6,7.7,1.06623,10.64339,12.27825,77.88219,4,0.92598
16/02/2020,11:00:00,0.112386,12.1,254.3,7.6,7.7,2.09913,16.98933,20.20795,70.04907,11,1.38896
16/02/2020,12:00:00,0.083569,17.5,252.3,7.1,7.8,1.59934,12.63973,15.09202,78.83015,13.8,1.19054
16/02/2020,13:00:00,0.083569,14.2,250.2,8.7,8.4,1.79926,14.99348,17.7523,77.93209,3.6,1.58739
16/02/2020,14:00:00,0.092214,12,246.3,8.8,8.1,2.19909,13.66418,17.03607,80.32693,6.6406,1.25668
16/02/2020,15:00:00,0.100859,2.2,245.3,8.2,7.6,3.16536,16.0707,20.92418,76.88434,3.7536,0.99212
16/02/2020,16:00:00,0.080687,10.1,241.3,7.1,6.3,1.89922,12.43572,15.34781,76.88434,5.9,1.1244
16/02/2020,17:00:00,0.092214,10,240.3,7.2,5.3,2.13245,14.53375,17.80346,69.00133,5.8,1.05826
16/02/2020,18:00:00,0.060515,7.9,238.4,7.5,4.6,1.66598,13.30494,15.85941,70.548,4.5,1.38896
16/02/2020,19:00:00,0.072042,6.7,238.7,7.6,4.3,1.6993,13.20269,15.80825,73.74112,3.1,0.85984
16/02/2020,20:00:00,0.074923,7.7,239.8,8.2,4.1,1.59934,12.43509,14.88738,74.24004,7.2,0.92598
16/02/2020,21:00:00,0.072042,8.4,241.5,8.9,3.9,1.43274,11.56503,13.76187,73.64133,6.4,1.19054
16/02/2020,22:00:00,0.080687,11.1,244.3,9.7,3.8,1.03291,11.00144,12.58521,71.74542,7.2,1.32282
16/02/2020,23:00:00,0.06916,10.7,244.6,10.6,3.9,1.06623,10.64339,12.27825,66.65638,5.5,1.65353
16/02/2020,24:00:00,0.066279,14.38,243.1,8,3.9,1.3661,9.92779,12.02245,69.25079,10,1.71967
17/02/2020,1:00:00,0.063397,17.8,245.1,9.3,4.7,0.79974,7.36853,8.59478,73.77438,12,1.94021
17/02/2020,2:00:00,0.057634,12.8,238.7,7.6,4.6,0.48873,5.04869,5.79806,76.56836,8.7,1.76383
17/02/2020,3:00:00,0.060515,10.5,241.8,8.3,4.6,0.49984,5.21924,5.98565,77.53295,4.8,1.91816
17/02/2020,4:00:00,0.072042,10.2,241,9.3,4.7,0.63312,4.094,5.06478,77.58284,4.1,1.12444
17/02/2020,5:00:00,0.06916,9.5,240.2,9.1,4.6,0.76641,5.936,7.11115,75.08821,5.9,0.59529
17/02/2020,6:00:00,0.063397,12.6,242,8.7,4.8,1.13296,8.18774,9.92492,75.38757,5,1.19058
17/02/2020,7:00:00,0.072042,10.7,244,7.9,4.9,1.66612,13.30473,15.85941,70.29853,5.2,1.0583
17/02/2020,8:00:00,0.106622,11.8,243.9,6.7,4.8,4.16529,26.35531,32.742,58.5738,7.6,1.19058
17/02/2020,9:00:00,0.126794,11.3,246.2,6.5,5.6,6.46454,32.75477,42.66692,49.04433,6.1,1.32287
17/02/2020,10:00:00,0.132557,12.2,252.4,6.1,6.4,8.09733,30.55814,42.97388,49.19401,7.6,1.32287
17/02/2020,11:00:00,0.129676,12,254.5,6.5,7.8,6.96437,21.44954,32.12809,56.32863,7.7,1.45516
17/02/2020,12:00:00,0.106622,16.9,257.6,6.4,8,6.29792,21.90865,31.56533,54.43272,6.8,1.65358
17/02/2020,13:00:00,0.100859,13.7,260.3,6.9,8.5,4.69845,18.32434,25.52853,62.16606,9.6,0.92601
17/02/2020,14:00:00,0.083569,16.8,262.5,6.7,8,4.16529,16.22575,22.61244,66.95574,8.2,1.25672
17/02/2020,15:00:00,0.112386,15.5,263.6,6.4,7.2,4.63181,17.71029,24.8123,66.25724,6,1.0583
17/02/2020,16:00:00,0.074923,15.2,265.9,6,6.4,5.69812,19.04254,27.77954,66.5067,6.9,1.45516
17/02/2020,17:00:00,0.08645,13.2,264.7,5.9,5.4,3.89871,17.09493,23.07288,62.86455,9.3,0.99215
17/02/2020,18:00:00,0.089333,9.9,263.6,6.1,4.5,3.39888,18.88452,24.09607,65.10971,3.6,1.0583
17/02/2020,19:00:00,0.092214,13.7,264.8,6.8,4.1,2.73243,18.78089,22.97056,64.01208,7.2,1.0583
17/02/2020,20:00:00,0.089333,15.9,264.2,7.3,4.1,3.06566,18.21879,22.9194,65.50885,7.7,0.99215
17/02/2020,21:00:00,0.092214,12.5,261.2,8.2,3.8,2.63247,13.86939,17.90578,71.24649,9.1,0.92601
17/02/2020,22:00:00,0.095095,10.7,266.1,8.9,3.8,1.86605,15.86309,18.72433,63.71272,4.3,0.92601
17/02/2020,23:00:00,0.089333,12.2,266.9,9.1,3.9,2.49918,11.97623,15.80825,66.00778,5.7,1.0583
17/02/2020,24:00:00,0.077806,13.2,271.1,9.1,3.7,1.73276,9.21211,11.86898,66.75617,6,0.79372
18/02/2020,1:00:00,0.076845,12.2,268.2,6,4,1.02197,7.98275,9.54975,67.05552,7.9,1.23472
18/02/2020,2:00:00,0.076845,11.8,258.5,5.6,3.5,0.84424,7.846,9.14047,67.92032,6.2,0.88194
18/02/2020,3:00:00,0.077806,13.4,256.4,6.1,3.4,0.6665,5.93572,6.95768,70.19875,7.3,0.99219
18/02/2020,4:00:00,0.083569,13,256.6,6.4,3.4,0.73315,7.47063,8.59478,67.15531,4.1,0.99219
18/02/2020,5:00:00,0.077806,10.8,258.5,6.6,4.2,1.13305,10.84788,12.58521,62.86455,8,1.19062
18/02/2020,6:00:00,0.083569,11.9,257.9,6.7,4.1,1.69958,13.20226,15.80825,63.01423,6.2,1.12448
18/02/2020,7:00:00,0.08645,12,253.5,6.5,4.1,2.63268,22.71963,26.75635,54.13336,6.3,1.32291
18/02/2020,8:00:00,0.118149,11.4,251.8,6.7,4.1,5.89854,42.37086,51.41517,36.72088,7.6,2.84427
18/02/2020,9:00:00,0.106622,11.5,254.9,7,4.8,6.69835,32.39626,42.66692,49.69293,7.3,1.98437
18/02/2020,10:00:00,0.100859,12,253.2,7.2,5.8,6.66502,25.08041,35.29997,58.37423,7.2,2.11666
18/02/2020,11:00:00,0.118149,8.8,253.8,7.3,6.9,6.33177,22.31719,32.02577,60.5196,1.4,2.05052
18/02/2020,12:00:00,0.089333,9.9,252.5,7,7.2,5.93187,19.14457,28.23998,65.05982,6,1.5875
18/02/2020,13:00:00,0.060515,11.6,249.8,6.6,7.4,4.03234,14.07628,20.25911,71.94499,7,1.19062
18/02/2020,14:00:00,0.097977,13.2,248.5,6.2,7.2,5.23204,20.52458,28.54693,64.5609,7.2,1.32291
18/02/2020,15:00:00,0.103741,6.8,252,6.1,7,4.33227,20.1648,26.80751,67.30498,7.2,1.38906
18/02/2020,16:00:00,0.123913,8.4,258.6,6.4,6.3,4.79882,24.92348,32.28157,60.76907,7.5,1.85208
18/02/2020,17:00:00,0.132557,4.5,259.8,5.7,5.3,4.79882,24.92348,32.28157,67.60434,8.2,0.66146
18/02/2020,18:00:00,0.149848,14.7,263.5,4.8,4.7,6.93162,33.72684,44.35518,58.67358,8.2,1.12448
18/02/2020,19:00:00,0.138321,9.5,275.9,6.2,4.6,5.26537,33.05869,41.13214,58.72347,6.2,1.25677
18/02/2020,20:00:00,0.15561,10.1,280.2,6.1,4.5,4.36559,30.80601,37.49982,58.17466,6.3,1.12448
18/02/2020,21:00:00,0.138321,11.8,279.8,6,4.1,2.73266,24.91967,29.10968,62.26584,7.2,0.92604
18/02/2020,22:00:00,0.138321,15.2,286.9,7,3.6,2.79931,27.1708,31.46302,59.871,7.8,1.19062
18/02/2020,23:00:00,0.12103,11.9,285.8,6.5,3.2,2.63268,21.44064,25.47737,63.76262,7.6,0.92604
18/02/2020,24:00:00,0.103741,12.9,284.5,6.4,2.9,1.76623,18.16484,20.87303,66.75617,7.3,0.85989
19/02/2020,1:00:00,0.066279,10.9,284.3,5.5,3.1,1.73305,11.87196,14.52926,68.7186,7.2,1.23476
19/02/2020,2:00:00,0.080687,9.4,281.3,4.8,2.8,1.59974,14.32738,16.78028,65.99115,6.4,0.97017
19/02/2020,3:00:00,0.077806,12.4,279.7,4.9,2.8,1.59974,16.0668,18.51969,65.05982,6.8,0.85993
19/02/2020,4:00:00,0.080687,11.4,283.1,5.2,2.8,1.36644,15.14553,17.24071,66.00778,7.5,0.52918
19/02/2020,5:00:00,0.066279,12,283.5,5.4,2.9,1.13315,12.7918,14.52926,66.5566,6.9,0.66148
19/02/2020,6:00:00,0.072042,14.8,286.5,5.1,2.8,2.033,19.1371,22.25433,59.72132,7.8,1.05837
19/02/2020,7:00:00,0.063397,13.6,275.1,4.2,2.7,3.19948,21.95288,26.85867,56.5781,8.3,1.12452
19/02/2020,8:00:00,0.112386,16.4,262.1,3.9,2.4,7.79872,37.41092,49.3688,42.95744,11.4,0.99222
19/02/2020,9:00:00,0.097977,16.2,262.4,4.5,3,6.79889,30.8608,41.28562,45.9011,10.5,1.19067
19/02/2020,10:00:00,0.115267,19,259,4.8,3.7,11.63143,37.11056,54.94517,35.82282,13.2,0.99222
19/02/2020,11:00:00,0.112386,19.2,254.4,4.7,4.2,10.73158,38.54148,54.99633,35.42368,12.7,0.85993
19/02/2020,12:00:00,0.146966,17.4,241.8,4.3,4.4,13.06453,45.29853,65.33052,27.09163,12.1,1.58755
19/02/2020,13:00:00,0.123913,19.4,228,4.5,4.6,11.49812,41.51004,59.14024,33.82712,11.8,1.71985
19/02/2020,14:00:00,0.112386,10.6,213.5,4.6,5.1,8.89854,37.36166,51.0059,39.76432,8.1,1.05837
19/02/2020,15:00:00,0.132557,10.1,216,5.6,5.9,8.23198,34.34211,46.96431,43.9054,7.5528,0.85993
19/02/2020,16:00:00,0.109503,6.6,229.5,5.5,6.6,8.23198,29.53313,42.15533,49.04433,6.5,0.85993
19/02/2020,17:00:00,0.123913,6.3,233.3,5.4,6.8,6.43228,31.8322,41.69489,50.24175,7.4,1.12452
19/02/2020,18:00:00,0.118149,6.9,230.8,5.5,6.9,5.69907,33.62152,42.35996,50.24175,5.2,0.59533
19/02/2020,19:00:00,0.109503,6.7,227.6,5.6,7.4,4.86587,30.55052,38.01142,53.13551,4.9,1.12452
19/02/2020,20:00:00,0.106622,8.3,229.8,5.3,7.8,2.46626,20.57031,24.35186,64.36133,5.9,0.85993
19/02/2020,21:00:00,0.095095,8.5,234.7,5.6,8,2.2663,17.7562,21.23114,66.80606,8,0.92607
19/02/2020,22:00:00,0.100859,6.5,232.3,5.6,8.2,1.46643,16.93628,19.18477,66.30713,5.1,1.05837
19/02/2020,23:00:00,0.089333,7,227.9,5.5,8.2,1.4331,13.04811,15.24549,70.89724,4.2,0.79378
19/02/2020,24:00:00,0.080687,7.3,224.9,6.3,8.3,1.26646,10.02942,11.97129,74.83875,1.1,0.99222
20/02/2020,1:00:00,0.08645,3.2,231.4,6.1,9,0.71105,8.32306,9.41333,76.36879,3.9,0.79381
20/02/2020,2:00:00,0.080687,2.2,227.3,6.6,8.9,0.79994,5.45828,6.68482,78.29796,3.9,0.88201
20/02/2020,3:00:00,0.077806,1.6,230.3,7.1,8.9,0.66661,4.70772,5.72985,80.07746,1,0.79381
20/02/2020,4:00:00,0.077806,1.9,230.5,7.2,9.1,0.89993,4.96389,6.34376,81.72392,2.6,1.05841
20/02/2020,5:00:00,0.083569,3.5,226.8,6.5,8.8,0.69994,6.1914,7.26463,81.12521,1.5,0.92611
20/02/2020,6:00:00,0.08645,3.2,222.7,6,8.7,0.7666,9.46571,10.64115,76.4852,1.8,0.99226
20/02/2020,7:00:00,0.074923,7.1,204.2,4.5,7.9,1.23323,12.53601,14.42694,74.58929,3.1,0.79381
20/02/2020,8:00:00,0.077806,4,226.1,6.7,8.6,2.43314,16.73299,20.46375,71.64563,3.2,1.19071
20/02/2020,9:00:00,0.06916,4.4,237.6,8,9.2,3.49972,19.90657,25.27273,66.95574,3.6,0.92611
20/02/2020,10:00:00,0.089333,4.4,278.2,6.7,8.4,4.36631,21.64737,28.34229,69.30068,1.5,1.25686
20/02/2020,11:00:00,0.115267,5.4,291.2,7,6.4,4.53297,31.72604,38.67649,72.39402,7.6,0.99226
20/02/2020,12:00:00,0.077806,2.1,300.1,7.1,5.8,4.5663,18.68045,25.68201,73.64133,4.8,1.25686
20/02/2020,13:00:00,0.089333,3.7,280.4,6.7,6.1,5.93285,19.19422,28.29113,73.14241,2.2,1.25686
20/02/2020,14:00:00,0.097977,8.6,286,8.2,6.5,8.36599,30.09505,42.92272,63.46326,5,1.19071
20/02/2020,15:00:00,0.080687,4.6,288.8,7.9,5.7,8.23267,20.42571,33.04896,62.81466,2.4,1.52146
20/02/2020,16:00:00,0.08645,10.1,285.3,7.2,4.8,7.66605,25.02915,36.78359,59.62154,8.1,1.05841
20/02/2020,17:00:00,0.138321,2.4,279.8,6.9,3.8,8.39932,29.27655,42.15533,55.72992,5,0.99226
20/02/2020,18:00:00,0.132557,9.4,278,7,3.6,7.3994,35.5164,46.86199,53.83401,4.4,0.99226
20/02/2020,19:00:00,0.112386,11.5,279.9,7.6,4.1,4.49964,27.78671,34.68606,57.37638,6.1,1.05841
20/02/2020,20:00:00,0.08645,10.7,275.3,6.6,4.1,2.66645,17.60308,21.69158,62.31573,7.9,1.05841
20/02/2020,21:00:00,0.089333,12.3,270.8,6.3,4.3,2.19982,15.91407,19.28708,63.11401,7.2,1.05841
20/02/2020,22:00:00,0.083569,14.5,267,7,4.2,1.76652,13.76469,16.47332,63.76262,10.2,0.72766
20/02/2020,23:00:00,0.077806,14.7,271.8,6.8,3.9,2.19982,16.47682,19.84984,66.05767,7,1.25686
20/02/2020,24:00:00,0.066279,14.7,268.3,6.1,3.6,1.26657,12.02447,13.96651,71.1966,7.7,1.32301
21/02/2020,1:00:00,0.061476,12.6,263.6,5.3,4.4,0.71111,7.29978,8.39014,72.57696,6.5,1.14665
21/02/2020,2:00:00,0.061476,16.1,256.9,5.6,4.4,0.66667,6.6858,7.70801,72.77653,7.1,1.05844
21/02/2020,3:00:00,0.092214,15.7,244.8,5.8,3.8,0.83334,8.85179,10.12956,67.80391,8.8,1.2569
21/02/2020,4:00:00,0.092214,13.7,244.7,5.3,3.4,0.93334,11.61455,13.04564,62.76477,9.2,1.45536
21/02/2020,5:00:00,0.08645,11.7,241.9,5.9,4,1.16667,12.89387,14.68274,62.41552,7.3,2.31535
21/02/2020,6:00:00,0.08645,11.8,238.9,6.3,4.6,1.43334,19.18687,21.38462,56.62799,5.7,2.18304
21/02/2020,7:00:00,0.080687,14.4,230.2,6.2,4.9,1.76667,22.05228,24.76114,57.27659,7.1,1.78612
21/02/2020,8:00:00,0.092214,13.6,230.2,6.6,5.6,2.86667,25.27694,29.67244,55.92949,8.9,1.65382
21/02/2020,9:00:00,0.112386,16.5,237.6,6.9,6.1,4.86668,31.47015,38.93228,50.64089,8.7,1.85227
21/02/2020,10:00:00,0.118149,13.1,244.1,6.7,6.7,6.73335,33.26347,43.58779,50.84046,9.5,1.58766
21/02/2020,11:00:00,0.083569,12.3,241.9,6.6,7.3,5.53335,21.23925,29.7236,65.90799,7.4,1.85227
21/02/2020,12:00:00,0.057634,10.7,241.4,6.8,7.9,4.80001,18.01514,25.37505,68.15316,7.5,2.05073
21/02/2020,13:00:00,0.063397,11.1,241.3,6.8,8.3,4.60001,19.03803,26.09128,66.65638,7.3,2.97687
21/02/2020,14:00:00,0.077806,11.4,242.8,7.6,8.6,4.90001,19.49891,27.01215,65.00993,8.2,3.17533
21/02/2020,15:00:00,0.095095,8.7,245,8.4,8.9,5.60001,22.77413,31.3607,60.86885,8.7,2.11689
21/02/2020,16:00:00,0.097977,7.3,245.4,8.8,8.5,4.53334,20.62388,27.5749,62.16606,5.4,1.78612
21/02/2020,17:00:00,0.115267,10.3,247.4,9.1,8.2,4.50001,23.28411,30.18403,58.5738,5.6,1.71997
21/02/2020,18:00:00,0.100859,5.9,249.9,9.1,8.3,3.26667,19.95695,24.96578,61.96649,5.1,1.32305
21/02/2020,19:00:00,0.109503,2.9,250.8,9.4,8.5,3.93334,19.34401,25.37505,61.26799,2.8,1.52151
21/02/2020,20:00:00,0.123913,10.2,249.6,9.6,8.5,2.96667,18.67752,23.22636,62.06627,10,1.2569
21/02/2020,21:00:00,0.12103,6.5,246,10,8.7,1.6,12.68987,15.14318,68.20305,3.2,1.1246
21/02/2020,22:00:00,0.126794,5.2,240.5,9.8,9,1.4,12.07567,14.22231,67.8538,4.5,0.85998
21/02/2020,23:00:00,0.13544,6,236.4,9.4,8.9,3.00001,12.38497,16.98491,67.50455,7.5,1.05844
21/02/2020,24:00:00,0.092214,2.6,239.8,9,8.9,2.23334,10.49095,13.91535,70.44821,2.1,1.2569
22/02/2020,1:00:00,0.123913,5.5,241.8,9.2,10,0.97786,7.50468,9.00405,72.9761,2.9,0.97027
22/02/2020,2:00:00,0.132557,2.8,240.9,9.2,10,1.33345,5.59521,7.6398,75.17137,4.4,1.49951
22/02/2020,3:00:00,0.118149,0.6,241.5,9.5,10,0.70006,3.78673,4.86014,76.88434,2.2,1.3231
22/02/2020,4:00:00,0.141202,1.1,249.1,9.5,10.4,0.90008,4.34975,5.72985,76.93424,1,1.25695
22/02/2020,5:00:00,0.138321,3.7,261.5,8.4,10.3,0.86674,6.34492,7.67391,75.08821,7.4,1.38926
22/02/2020,6:00:00,0.141202,7.4,264.9,9.6,9.3,0.93341,7.77748,9.20869,81.72392,3,1.52156
22/02/2020,7:00:00,0.118149,4.8,262.7,8.7,8.7,1.36678,12.48472,14.58042,82.97123,1.2,1.58772
22/02/2020,8:00:00,0.13544,3,264.6,8.6,8,2.03351,17.0388,20.15679,77.38327,3.8,1.52156
22/02/2020,9:00:00,0.129676,4.6,263.8,9,7.7,2.53355,17.90917,21.79389,75.93639,1.8,1.45541
22/02/2020,10:00:00,0.095095,6.7,268.8,8.7,7.4,2.00017,8.0347,11.10158,81.47445,5.7,1.52156
22/02/2020,11:00:00,0.083569,6.5,269.8,7.9,7.3,2.26686,8.54665,12.02245,81.8237,4.8,1.19079
22/02/2020,12:00:00,0.054752,10.4,270.1,8,7.3,2.66689,9.57037,13.65955,81.32478,7.5,1.38926
22/02/2020,13:00:00,0.083569,10.3,271,8.8,7.3,2.43354,11.71876,15.45013,79.57854,6.3,1.52156
22/02/2020,14:00:00,0.083569,11.5,268.4,8.6,6.8,2.00017,9.16021,12.22709,78.83015,4.7,1.58772
22/02/2020,15:00:00,0.080687,9.8,269.2,8.9,6.1,2.16685,10.18362,13.50608,77.43316,8.1,1.05848
22/02/2020,16:00:00,0.097977,11.2,271.1,7.8,5.6,2.4002,12.94654,16.6268,76.08606,4,1.78619
22/02/2020,17:00:00,0.097977,14.8,271.1,6.9,5.1,2.36687,13.61156,17.24071,73.64133,8.5,1.19079
22/02/2020,18:00:00,0.097977,12.6,271.1,6.6,5,1.66681,12.07584,14.63158,72.94284,9.5,1.25695
22/02/2020,19:00:00,0.115267,17.7,267.2,6.3,5.1,1.50013,12.68953,14.9897,69.8495,9.5,1.19079
22/02/2020,20:00:00,0.12103,13.3,268,6.1,5.1,1.80015,14.63399,17.39419,66.75617,8,1.19079
22/02/2020,21:00:00,0.12103,12.7,263.7,6,5.1,1.33345,11.97308,14.01767,67.50455,6.6,1.12464
22/02/2020,22:00:00,0.13544,9.1,259.9,6.2,5.2,1.50013,13.25229,15.55245,65.00993,5.1,1.12464
22/02/2020,23:00:00,0.13544,6.6,263.1,6.2,5.3,1.76682,16.32221,19.03129,61.01853,3.8,1.19079
22/02/2020,24:00:00,0.115267,3.5,260.6,5.9,5.4,1.60014,10.84793,13.30144,69.99918,3,1.19079
23/02/2020,1:00:00,0.112386,4.2,251.8,5.7,6.2,1.33356,12.34808,14.39284,68.7186,2.8,1.23494
23/02/2020,2:00:00,0.115267,1.6,246.3,4.9,5.8,1.02239,11.2563,12.82395,72.71,2.1,1.7642
23/02/2020,3:00:00,0.132557,7.6,241.4,4.2,5.5,1.40024,13.91705,16.06404,68.5523,5.3,1.19083
23/02/2020,4:00:00,0.146966,3.5,249.8,3.9,5.3,1.56693,21.48884,23.89143,58.5239,1.9,1.45546
23/02/2020,5:00:00,0.152729,4.8,265.6,2.4,5.1,1.33356,25.68362,27.72838,53.08562,6.2,1.58778
23/02/2020,6:00:00,0.161374,8,279.6,2.4,4.9,1.06685,23.94388,25.57969,52.08777,9.2,1.05852
23/02/2020,7:00:00,0.198836,5.5,289.1,3.6,5.4,5.76763,43.4413,52.28488,30.88346,6.4,1.3893
23/02/2020,8:00:00,0.181547,4.2,280.5,5.2,6.1,3.13386,38.01521,42.8204,38.41723,0.4,1.12468
23/02/2020,9:00:00,0.167137,5.2,298.3,5.9,6.2,3.63394,29.83032,35.40229,50.591,1,0.99236
23/02/2020,10:00:00,0.161374,3.1,302.2,6,5.8,3.23388,26.50448,31.46302,63.46326,6.2,1.12468
23/02/2020,11:00:00,0.097977,2.9,307.3,6.3,6.8,2.33372,8.75108,12.32941,73.34198,3.5,1.45546
23/02/2020,12:00:00,0.100859,2,302,7,7,3.0005,8.59841,13.19912,71.54585,1.8,1.25699
23/02/2020,13:00:00,0.08645,7.6,296.3,8.5,7.1,3.56727,9.05953,14.52926,75.53725,3.2,1.58778
23/02/2020,14:00:00,0.072042,6.8,300.4,8.7,6.8,3.50059,9.11061,14.4781,76.23574,2.4,1.12468
23/02/2020,15:00:00,0.077806,9.1,297.5,8.1,6.1,3.33389,11.46374,16.57564,77.13381,3,1.3893
23/02/2020,16:00:00,0.080687,9.6,293.3,6.8,5.5,3.53393,16.9892,22.40781,73.99058,5.2,1.25699
23/02/2020,17:00:00,0.089333,10,290.8,6,4.4,3.70062,20.92867,26.60288,71.49595,5.3,1.32315
23/02/2020,18:00:00,0.097977,12.3,289.5,5.5,3.7,3.30055,21.90021,26.96099,66.85595,6.3,1.45546
23/02/2020,19:00:00,0.115267,16.9,285.8,4.9,3.4,3.46725,21.90041,27.21679,65.70842,8.4,1.19083
23/02/2020,20:00:00,0.115267,13.5,283.6,3.7,3,2.60044,18.11357,22.10085,68.00348,8.5,1.45546
23/02/2020,21:00:00,0.12103,13.4,271.5,2.6,2.2,2.43374,25.83843,29.57012,60.5695,7.2,1.25699
23/02/2020,22:00:00,0.164256,16.2,273.4,2.7,1.7,2.03367,26.14491,29.26316,55.03143,7.6,1.45546
23/02/2020,23:00:00,0.167137,14.8,256.9,2.1,2.1,1.86698,27.32137,30.18403,50.19186,6,1.65393
23/02/2020,24:00:00,0.161374,15.4,236.6,1.7,1.9,2.10035,32.74455,35.96504,39.61465,10.9,1.05852
24/02/2020,1:00:00,0.199797,16.7,202.1,2,3.2,2.17832,37.72388,41.06392,30.06855,11,1.05855
24/02/2020,2:00:00,0.180586,11.5,199.8,2.5,3.4,1.82268,31.10688,33.90161,34.39256,4.8,1.41141
24/02/2020,3:00:00,0.187309,15.9,168.8,2.6,3.6,0.93357,20.87404,22.30549,45.55185,12.1,1.25703
24/02/2020,4:00:00,0.158493,11.7,171.3,4.6,2.4,0.66683,12.07434,13.0968,64.76047,10.6,1.38935
24/02/2020,5:00:00,0.118149,5.6,145.1,5.2,1.4,0.93357,14.83723,16.26868,64.71057,3.8,1.38935
24/02/2020,6:00:00,0.089333,1.1,141.8,6,1,1.16696,14.07009,15.85941,65.50885,3.2,1.38935
24/02/2020,7:00:00,0.060515,3.5,138.6,5.2,0.9,1.6004,14.7868,17.24071,64.5609,3.1,0.46312
24/02/2020,8:00:00,0.106622,6.8,148.2,4.8,2.2,3.63424,28.29508,33.86751,45.05293,6.2,1.12472
24/02/2020,9:00:00,0.167137,7.9,163.1,2.8,3.4,12.20306,49.63783,68.34893,20.6555,9.1,1.12472
24/02/2020,10:00:00,0.244943,12.3,242.6,5.6,7,26.80672,65.87119,106.97425,7.93291,11.7,1.32319
24/02/2020,11:00:00,0.328512,11.2,251.6,8.7,10.3,57.71446,68.05341,156.54769,6.73549,14.9,1.52167
24/02/2020,12:00:00,0.270878,13,258.5,9.1,11.3,48.34545,50.75138,124.88003,29.33679,9.5,1.25703
24/02/2020,13:00:00,0.118149,5.4,261.8,9.2,11.8,7.53522,23.18337,34.73722,50.24175,5,1.05855
24/02/2020,14:00:00,0.109503,5.4,265.3,9.5,11.6,5.86814,19.70272,28.70041,54.5824,4.9,1.19087
24/02/2020,15:00:00,0.103741,6.3,273.7,9.9,10.2,3.86764,16.78447,22.71476,59.82111,5.8,1.25703
24/02/2020,16:00:00,0.109503,6.8,272.1,9.7,7.4,3.13412,15.55585,20.36143,62.06627,7.4,1.52167
24/02/2020,17:00:00,0.12103,7.9,277.8,9.8,5.6,4.2344,18.06385,24.5565,58.12476,6.5,1.38935
24/02/2020,18:00:00,0.141202,5.9,283.3,10.1,4.6,2.86739,17.09034,21.48694,63.2138,5.3,1.25703
24/02/2020,19:00:00,0.12103,6.5,284.3,10.5,4.2,2.53397,16.42491,20.31027,66.40692,3,0.99239
24/02/2020,20:00:00,0.132557,4.8,287.2,10.8,4,3.16746,20.31371,25.17041,65.90799,5.5,1.05855
24/02/2020,21:00:00,0.141202,5.3,288,10.1,3.8,3.16746,22.30892,27.16563,63.11401,4.5,1.05855
24/02/2020,22:00:00,0.132557,5.6,292.9,7.9,3.9,2.8007,22.87128,27.16563,62.96434,2.9,1.19087
24/02/2020,23:00:00,0.132557,6.7,300.4,4.2,3.7,2.36726,19.95473,23.58447,67.50455,5,1.32319
24/02/2020,24:00:00,0.109503,5.3,140.8,2.1,2.2,1.80045,13.50803,16.26868,73.44176,4.7,0.59544
25/02/2020,1:00:00,0.048988,5.6,280.8,6.7,3.9,1.60053,15.34934,17.80346,74.90527,5,1.6761
25/02/2020,2:00:00,0.063397,9.8,281.1,5.7,3.6,1.68945,19.51039,22.10085,70.9804,5.4,1.05859
25/02/2020,3:00:00,0.048988,8.8,276.2,3.6,3.1,1.40047,12.17727,14.32463,72.29423,2.7,1.45556
25/02/2020,4:00:00,0.066279,1.6,266.8,2.4,2.4,1.16706,11.71661,13.50608,74.38972,3.1,1.19092
25/02/2020,5:00:00,0.060515,8.7,268.4,3.7,2.3,1.13371,11.66542,13.40376,72.34413,5.7,1.3894
25/02/2020,6:00:00,0.051871,8.9,263.6,4.4,2.4,1.73391,12.38223,15.04086,71.74542,4.3,0.92627
25/02/2020,7:00:00,0.060515,5,265.8,5.2,2.6,2.33411,17.65222,21.23114,69.25079,5.4,1.05859
25/02/2020,8:00:00,0.092214,4.4,261.3,5.7,3.3,4.36812,34.89488,41.59257,48.09637,2.7,1.19092
25/02/2020,9:00:00,0.129676,4.8,267.1,5.3,4.1,10.33678,45.23479,61.08429,38.5669,4.6,0.8601
25/02/2020,10:00:00,0.13544,5.6,269.6,5.2,4.8,11.80394,39.3017,57.40082,52.33723,2.8,1.25708
25/02/2020,11:00:00,0.077806,3.6,278.6,5.8,5.2,10.00334,28.30071,43.63895,65.2095,3.7,1.25708
25/02/2020,12:00:00,0.072042,6.2,276.8,5.5,5.3,8.76959,27.63446,41.08098,65.30928,5.9,1.12475
25/02/2020,13:00:00,0.100859,9.9,276.2,5.4,5.6,9.96999,28.04489,43.33199,65.80821,4.7,1.25708
25/02/2020,14:00:00,0.077806,5,274.5,5.1,5.4,7.03568,23.18194,33.96983,67.65423,2.3,0.99243
25/02/2020,15:00:00,0.106622,8.6,275,4.9,5.4,7.5025,33.15846,44.66213,54.88175,6.1,1.05859
25/02/2020,16:00:00,0.15561,8.5,268.1,4,4.6,9.03635,39.86181,53.71734,52.43702,5.5,1.05859
25/02/2020,17:00:00,0.201717,9.9,260.8,3,3.3,12.77093,50.25074,69.83255,38.96604,8.3,1.12475
25/02/2020,18:00:00,0.210363,8.5,244.7,2.8,2.2,10.57019,51.1695,67.3769,38.96604,9.7,1.12475
25/02/2020,19:00:00,0.236298,10.9,248.6,3,1.7,19.40647,75.73446,105.49063,16.21506,9.7,1.3894
25/02/2020,20:00:00,0.2046,8.7,264.2,3.6,2.1,11.4038,59.15116,76.63674,32.77937,8.8,1.45556
25/02/2020,21:00:00,0.161374,7.7,274,3.7,2.8,4.8016,32.79776,40.16011,53.38498,6,0.66162
25/02/2020,22:00:00,0.149848,7.7,283.8,4.7,2.7,3.66789,30.18754,35.81156,52.63659,6.5,0.66162
25/02/2020,23:00:00,0.158493,9.4,297.9,4.9,2.6,2.26742,34.12547,37.60214,45.95099,7.7,0.92627
25/02/2020,24:00:00,0.118149,8.4,298.4,4.8,2.4,2.80093,22.46165,26.75635,59.82111,5.5,1.12475
26/02/2020,1:00:00,0.152729,6.1,289.5,3.7,1.9,1.82298,16.03145,18.82665,62.89449,6,0.97041
26/02/2020,2:00:00,0.12103,7.4,295.6,4.9,1.8,1.2005,11.39249,13.23322,68.95343,4.1,0.97041
26/02/2020,3:00:00,0.112386,5.4,298.9,4.8,1.8,1.03376,9.00491,10.58999,72.60856,4.3,1.05863
26/02/2020,4:00:00,0.115267,7.1,296.8,4.5,1.6,1.30054,14.17223,16.16636,67.6198,5.1,0.99246
26/02/2020,5:00:00,0.100859,0.9,298.4,5,1.8,1.2005,10.02823,11.86898,73.44825,2.6,0.9263
26/02/2020,6:00:00,0.118149,3.6,302.5,4.6,1.8,1.66736,14.42833,16.98491,66.0886,4,1.19096
26/02/2020,7:00:00,0.138321,4.3,296.4,4.8,2.1,4.56857,24.0487,31.05374,60.16137,5.3,1.19096
26/02/2020,8:00:00,0.152729,5.4,295.8,4.8,2.6,8.30346,34.48831,47.2201,51.46811,4.6,1.38945
26/02/2020,9:00:00,0.167137,4.9,299.4,4.9,3.9,12.40516,38.32867,57.34966,51.02356,2.4,0.72781
26/02/2020,10:00:00,0.149848,5.1,303.9,5.7,5.2,10.70446,26.8164,43.22967,61.74197,2.8,0.86014
26/02/2020,11:00:00,0.12103,2.3,304.9,6.3,6,8.17007,20.57285,33.10012,68.01495,4.2,1.32328
26/02/2020,12:00:00,0.08645,5.3,308.8,7.7,6.1,7.23635,22.00454,33.10012,67.6198,5.3,1.25712
26/02/2020,13:00:00,0.12103,8.8,320.7,7.2,5.9,9.13714,23.2851,37.29518,68.01495,3.4,1.05863
26/02/2020,14:00:00,0.129676,10.1,306.7,7.6,6.2,6.80283,19.0881,29.51896,69.00282,5.3,1.38945
26/02/2020,15:00:00,0.149848,9.6,300.3,7.1,5.6,8.00333,20.77735,33.04896,67.27405,3.7,1.12479
26/02/2020,16:00:00,0.13544,13.9,296.6,6.2,4.8,8.47019,22.61948,35.60693,65.3477,8,1.52178
26/02/2020,17:00:00,0.253588,15.9,286.5,4.7,3.6,10.43768,31.01125,47.01547,56.85201,8.6,1.32328
26/02/2020,18:00:00,0.527348,16.5,269.3,3.5,2.5,11.70487,42.36968,60.3169,40.50273,6.9,1.05863
26/02/2020,19:00:00,0.54752,14.7,252.5,3.2,2,9.87078,42.26584,57.40082,38.77396,9.1,0.9263
26/02/2020,20:00:00,0.435134,16.5,252.7,3.6,1.9,8.47019,49.01772,62.00516,32.45158,8.4,1.19096
26/02/2020,21:00:00,0.244943,14.9,264.2,3.6,2.7,5.20217,46.2524,54.22894,29.43857,9,0.99246
26/02/2020,22:00:00,0.270878,15.1,229.5,2.7,2.2,6.83618,57.09954,67.58153,18.52259,10.9,0.99246
26/02/2020,23:00:00,0.22189,11.1,234.4,4.4,1.8,7.33639,48.55634,59.80531,23.51134,5.4,1.45561
26/02/2020,24:00:00,0.198836,11.5,239.5,4,2.6,4.73531,35.20158,42.46228,37.93427,6.1,1.05863
27/02/2020,1:00:00,0.142163,9.1,228.2,3.2,2,2.44567,20.80653,24.5565,50.84245,6.5,1.23511
27/02/2020,2:00:00,0.115267,8.7,233.7,3,2.1,1.11167,12.89295,14.59748,59.00886,6,1.32333
27/02/2020,3:00:00,0.115267,8.5,225,2.5,1.3,1.36735,13.0466,15.14318,58.92654,5.4,0.9925
27/02/2020,4:00:00,0.115267,6.3,238.2,2.6,2,1.4007,11.40953,13.55723,60.65531,4.8,0.86017
27/02/2020,5:00:00,0.118149,5.9,248.6,2.5,2.2,1.334,16.88353,18.92897,51.71507,5.4,0.86017
27/02/2020,6:00:00,0.13544,4.8,271.7,2.3,1.8,2.4679,26.86041,30.64447,40.0088,6.2,0.86017
27/02/2020,7:00:00,0.158493,3.3,277.9,1.9,1.5,6.77005,35.40705,45.78764,32.40219,3.9,0.9925
27/02/2020,8:00:00,0.250707,8.4,280.7,2,0.6,20.41019,55.88039,87.17558,24.15346,9.5,1.25716
27/02/2020,9:00:00,0.201717,7.1,300.3,2.3,1.4,16.50824,43.75288,69.06516,38.97153,5,1.191
27/02/2020,10:00:00,0.144084,6.2,325.2,4.6,4.2,14.34049,31.06383,53.05227,52.75234,4.2,1.191
27/02/2020,11:00:00,0.097977,7.4,327.3,4.6,4.6,10.63864,24.25703,40.56938,61.74197,4.2,1.05867
27/02/2020,12:00:00,0.072042,10.8,321,6.1,5.8,8.43754,18.42331,31.3607,66.53315,5.5,0.66167
27/02/2020,13:00:00,0.095095,9.3,310.8,6.6,6.2,7.0702,15.81322,26.65403,71.37372,6.5,0.86017
27/02/2020,14:00:00,0.100859,11.8,306.2,7.2,6.2,5.63615,13.5612,22.20317,74.97945,7.9,0.92633
27/02/2020,15:00:00,0.097977,10.2,304.3,7,5.7,5.83625,14.738,23.68679,74.53491,7.4,1.05867
27/02/2020,16:00:00,0.126794,8.6,299.5,6.3,5,6.7367,17.34777,27.67722,70.38584,7.3,0.86017
27/02/2020,17:00:00,0.201717,6.3,295.8,5.6,4,8.03735,26.50621,38.82997,62.58166,6.6,0.66167
27/02/2020,18:00:00,0.244943,12.6,294.9,5.2,3.2,10.03834,35.92094,51.31285,50.48023,5.5,0.86017
27/02/2020,19:00:00,0.242062,10.8,293.6,5,2.9,8.0707,36.1242,48.49909,51.56689,7.3,1.191
27/02/2020,20:00:00,0.293931,11,288.1,4.3,2.7,6.4699,36.32771,46.24808,51.17174,5.5,0.86017
27/02/2020,21:00:00,0.334276,12.2,276.5,4,2.3,6.36985,39.653,49.41996,44.10846,7.6,0.66167
27/02/2020,22:00:00,0.53023,10.6,283.4,5,2.5,8.004,39.80762,52.08024,38.62578,7.3,0.92633
27/02/2020,23:00:00,0.593627,11.7,281.4,4.6,2.7,9.70484,35.46027,50.34083,39.91001,7.8,0.9925
27/02/2020,24:00:00,0.32563,11.8,264.4,3.7,2.4,7.0035,38.3233,49.06184,37.34154,8.8,0.794
28/02/2020,1:00:00,0.118149,13.1,234.8,2.7,0.6,4.71386,35.81428,43.04209,38.92214,7.4,1.32338
28/02/2020,2:00:00,0.095095,14.3,242.6,3.1,0.5,1.6454,27.0131,29.53601,38.06598,10.6,1.32338
28/02/2020,3:00:00,0.080687,12.8,250.3,3.5,1,1.33411,20.618,22.6636,44.10846,10.8,2.77909
28/02/2020,4:00:00,0.057634,9.6,244.9,4,1.8,0.96723,15.04141,16.52448,51.07296,7.3,2.51442
28/02/2020,5:00:00,0.054752,6.2,241.8,3.9,2.2,1.70099,21.48792,24.09607,41.88575,5.2,1.25721
28/02/2020,6:00:00,0.077806,9.2,229.2,3.4,2.3,6.43708,48.91207,58.78212,18.17684,6.3,0.92636
28/02/2020,7:00:00,0.187309,11.3,204.9,3.4,2.4,8.77177,53.92704,67.3769,15.11443,9.6,2.05124
28/02/2020,8:00:00,0.164256,13.3,193.4,4.3,2.6,13.94145,56.38566,77.76225,12.59536,11,3.90396
28/02/2020,9:00:00,0.175783,16.1,186.2,4.9,2.8,27.24919,61.9697,103.75121,8.19933,10.8,3.30844
28/02/2020,10:00:00,0.15561,15.5,177.5,5.8,2.9,22.47975,57.41377,91.88224,16.99139,12.6,3.30844
28/02/2020,11:00:00,0.12103,11.2,167,7,3,14.40838,47.9958,70.08834,27.95676,11,3.44078
28/02/2020,12:00:00,0.149848,11.8,172.1,7.3,2.8,11.47334,49.27309,66.8653,28.35191,10.2,3.90396
28/02/2020,13:00:00,0.12103,9.5,181.8,8.3,3.6,11.07311,44.66851,61.64705,32.40219,7.2,3.37461
28/02/2020,14:00:00,0.146966,9.1,187.5,7.1,5.2,9.33877,46.76505,61.08429,32.3034,9.6,1.98507
28/02/2020,15:00:00,0.201717,11.5,203.6,4.9,7.1,17.10996,63.03821,89.27311,16.29988,12.1,1.32338
28/02/2020,16:00:00,0.233416,10.9,211.5,3.6,8,19.57806,63.50006,93.51934,15.75655,10,1.38955
28/02/2020,17:00:00,0.250707,11.2,223.4,4.6,8.6,20.37853,63.44937,94.696,9.92811,8.9,1.9189
28/02/2020,18:00:00,0.527348,10.1,231,5.9,9.6,39.85653,68.42305,129.53554,9.43417,9.7,2.31591
28/02/2020,19:00:00,0.242062,5.6,229.9,4.8,9,7.00408,34.33198,45.07141,37.19336,5.8,0.92636
28/02/2020,20:00:00,0.285287,6.1,215.6,4.1,8.3,5.77003,29.67576,38.52301,45.04694,7.6,1.52188
28/02/2020,21:00:00,0.161374,6.6,213.4,4.6,8.2,3.16851,21.84688,26.70519,50.03569,5,1.45572
28/02/2020,22:00:00,0.095095,5.6,207.8,4.6,8.3,2.10122,17.3954,20.61723,53.88839,4.5,1.38955
28/02/2020,23:00:00,0.077806,3.8,203.3,5,9.1,2.16793,14.58167,17.90578,56.65443,4.3,1.32338
28/02/2020,24:00:00,0.115267,6,197.6,5.7,9.4,5.20303,28.24297,36.22084,43.46635,7.3,1.25721
29/02/2020,1:00:00,0.12103,4.9,191.8,5.4,9.8,3.86924,28.03708,33.96983,43.00534,5.8,1.14697
29/02/2020,2:00:00,0.112386,5,198,6.7,10.2,1.69001,14.87108,17.4624,51.76447,3.1,1.32342
29/02/2020,3:00:00,0.100859,3.6,200.7,7.1,10.3,1.46764,11.61384,13.86419,53.44385,2.3,1.12491
29/02/2020,4:00:00,0.112386,5.4,209.7,8.1,10.3,1.501,11.51153,13.81303,53.0487,5.8,1.12491
29/02/2020,5:00:00,0.097977,4.2,216.3,7.1,9.9,1.8012,11.66515,14.42694,53.54264,3.4,1.78662
29/02/2020,6:00:00,0.109503,5,247.4,5.6,8.8,1.03402,12.48335,14.06883,74.04097,5,1.19108
29/02/2020,7:00:00,0.109503,3.3,258,5.4,7.6,1.36758,13.86481,15.96173,79.22729,5.2,1.45577
29/02/2020,8:00:00,0.29105,4.7,268.3,5.5,6.4,3.86924,20.15853,26.09128,69.24979,4.1,1.25725
29/02/2020,9:00:00,0.331394,10.2,264.7,5.6,5.7,4.90326,24.40522,31.92345,59.66744,6.9,1.25725
29/02/2020,10:00:00,0.308341,5.2,255.1,5.3,5.5,5.70379,22.41037,31.15606,68.4101,5.1,1.19108
29/02/2020,11:00:00,0.299695,9.6,252.4,6.7,6.8,6.53768,19.95509,29.97939,66.28618,7.4,1.65428
29/02/2020,12:00:00,0.181547,8.2,246.4,7.1,6.5,5.50366,12.74116,21.17998,69.84252,1.4,1.45577
29/02/2020,13:00:00,0.138321,10.8,244.3,7.5,6.5,5.1701,14.42927,22.35665,68.75586,6.4,1.19108
29/02/2020,14:00:00,0.129676,6.7,236.5,7.8,6,5.13675,12.02476,19.901,70.92917,4.5,1.12491
29/02/2020,15:00:00,0.06916,6.6,230.7,7.5,5.4,4.20279,9.82449,16.26868,74.04097,6,0.72788
29/02/2020,16:00:00,0.146966,6.9,221.8,6.6,4.4,4.63642,13.50816,20.61723,71.67008,1.9,1.32342
29/02/2020,17:00:00,0.103741,6.6,219.8,6.2,3.7,3.63575,12.94496,18.51969,72.01583,3.3,0.9264
29/02/2020,18:00:00,0.097977,8.6,215.2,6.9,3.2,2.96864,14.58176,19.13361,71.42311,6.3,0.79406
29/02/2020,19:00:00,0.126794,7.8,224,8.7,3.6,5.70379,22.51269,31.25838,61.74197,6.7,0.59554
29/02/2020,20:00:00,0.158493,5.4,231.7,9.4,3.6,5.67044,22.05224,30.74678,64.16225,3.3,0.86023
29/02/2020,21:00:00,0.181547,5.6,238.5,9.5,3.9,3.26884,13.04711,18.05926,71.27493,5.8,0.99257
29/02/2020,22:00:00,0.216127,11.3,244.7,9.5,4.1,3.63575,12.79148,18.36622,69.10161,4.8,1.12491
29/02/2020,23:00:00,0.22189,16.4,248.5,9.8,4.3,3.86924,13.1497,19.08245,68.60768,9.8,0.99257
29/02/2020,24:00:00,0.126794,17.6,250,9.6,4.2,3.36891,11.41005,16.57564,69.59555,10.1,1.45577
1/3/2020,1:00:00,0.092214,15,247.1,8.4,4.5,1.42329,10.84625,13.02859,72.24634,10.1,1.49993
1/3/2020,2:00:00,0.088372,15.4,245.6,8.2,4.1,1.02299,9.68651,11.25506,73.30007,8.5,1.49993
1/3/2020,3:00:00,0.089333,14.7,247.7,8.4,3.7,1.23426,9.3114,11.2039,72.21341,8.2,1.78669
1/3/2020,4:00:00,0.097977,13,247.7,8.7,3.4,1.10082,9.05556,10.74347,71.42311,7.4,1.72051
1/3/2020,5:00:00,0.080687,10.2,247.4,7.9,3.7,0.90067,8.85086,10.23188,71.12675,7.1,1.72051
1/3/2020,6:00:00,0.063397,9.3,248,6.8,3.4,1.03411,9.15786,10.74347,70.33645,3,1.52199
1/3/2020,7:00:00,0.063397,10.2,248.6,6.9,3.5,0.73388,9.72052,10.84579,69.29919,6.9,1.78669
1/3/2020,8:00:00,0.167137,10,246.6,7.6,3.5,2.86881,10.13048,14.52926,69.15101,5.9,1.2573
1/3/2020,9:00:00,0.178664,9.8,253,8.5,4.1,3.33583,9.77252,14.88738,69.34858,5.5,1.38964
1/3/2020,10:00:00,0.227653,12.3,249.7,8.1,5.3,4.16978,10.69365,17.08723,68.90404,5.7,1.32347
1/3/2020,11:00:00,0.201717,10.6,248.6,8.3,6.2,4.03635,8.90303,15.09202,72.95431,6.2,1.32347
1/3/2020,12:00:00,0.193073,10.8,251.9,8.3,6.6,4.00299,8.90302,15.04086,75.96732,6.2,1.19112
1/3/2020,13:00:00,0.22189,8.8,253.6,8.1,6.7,4.57008,10.43799,17.44535,73.794,6.8,0.9926
1/3/2020,14:00:00,0.259351,5.8,252.1,7.7,6.7,5.40404,13.20086,21.48694,72.11462,1.7,1.12495
1/3/2020,15:00:00,0.219008,7.1,240.4,7.1,5.6,5.13717,11.87063,19.74752,73.44825,5.9,0.72791
1/3/2020,16:00:00,0.244943,5.2,244,6.2,5.1,5.27061,12.8427,20.92418,72.55916,4.8,0.46322
1/3/2020,17:00:00,0.15561,8.5,246.7,5.5,4.4,3.66941,19.44174,25.06809,65.24891,4.8,1.05878
1/3/2020,18:00:00,0.207481,10.9,245.4,5.4,4,4.50337,23.38128,30.28635,61.24803,5,0.86026
1/3/2020,19:00:00,0.144084,13.9,242.3,4.4,3.5,2.90217,29.31526,33.76519,57.93866,7.9,1.05878
1/3/2020,20:00:00,0.219008,7.1,245,3.9,3.2,4.00299,23.43228,29.57012,62.2853,4,1.2573
1/3/2020,21:00:00,0.262234,5.6,239.9,4.6,2.7,4.33658,28.85528,35.50461,54.62929,6.1,0.52939
1/3/2020,22:00:00,0.244943,9.9,236,4.1,2.6,4.10307,38.57549,44.86677,40.25576,8.4,1.05878
1/3/2020,23:00:00,0.216127,10.9,232.4,3.9,2,4.73688,35.55729,42.8204,39.81122,6.3,1.32347
1/3/2020,24:00:00,0.193073,11.4,231.6,3,1.4,3.36919,32.94772,38.11373,43.91089,6.8,1.19112
2/3/2020,1:00:00,0.095095,8.1,212.3,2.5,0.6,1.51237,26.17211,28.49104,47.28612,8,0.88234
2/3/2020,2:00:00,0.06916,9.1,225.5,2.3,-0.1,0.84515,15.62068,16.91655,57.23069,5.1,1.23528
2/3/2020,3:00:00,0.066279,7.6,230.7,1.9,-1.2,0.63386,17.41714,18.38905,51.91265,7,0.59558
2/3/2020,4:00:00,0.06916,10,244.1,2.4,-1.5,1.13428,20.70777,22.44697,45.83724,7.8,0.99264
2/3/2020,5:00:00,0.06916,11.3,253.5,2.4,-1.5,2.30191,25.59501,29.12455,42.13272,11.5,0.86029
2/3/2020,6:00:00,0.092214,14.6,259.2,2.1,-2.2,3.36947,29.76248,34.92892,34.67429,13.6,0.86029
2/3/2020,7:00:00,0.112386,17.1,261.3,2,-2.5,6.63885,42.93308,53.1125,20.64651,15.2,1.05881
2/3/2020,8:00:00,0.262234,17.5,266.3,2.5,-0.8,28.85729,60.59089,104.83812,8.94024,15.3,1.78675
2/3/2020,9:00:00,0.386145,18,277.4,3.5,3.4,36.86394,58.79288,115.3168,13.63263,17.5,1.6544
2/3/2020,10:00:00,0.348684,17.3,274.6,4.3,5.2,27.75638,47.58824,90.14743,29.241,15.2,1.6544
2/3/2020,11:00:00,0.296814,15.6,275.3,4.9,6.4,15.27935,37.18393,60.61195,45.78784,12.8,1.52204
2/3/2020,12:00:00,0.267997,13.5,270.9,4.7,6.8,16.64716,36.42218,61.94746,46.57814,7.5,1.58822
2/3/2020,13:00:00,0.2529024,16.515,272.3,5.3,7.3,6.379206,25.031534,34.812848,61.66713,10.445,1.535056
2/3/2020,14:00:00,0.1686616,12.26,265.5,5.3,5.9,5.16192,21.402456,29.317294,62.354848,7.34,1.062696
2/3/2020,15:00:00,0.1646316,10.21,266,5.2,6.1,4.595782,19.438908,26.485678,60.319234,5.9612,0.995854
2/3/2020,16:00:00,0.2266632,12.545,266.1,4.4,4.6,7.583306,32.163768,43.791342,44.334476,8.2154,0.92931
2/3/2020,17:00:00,0.2492416,11.735,267.5,3.9,4,16.045826,36.730674,61.33393,41.986202,8.1916,1.361486
2/3/2020,18:00:00,0.2111452,17.11,258.6,3.5,2.7,10.541924,38.187318,54.351378,28.069524,12.7584,0.987174
2/3/2020,19:00:00,0.1689876,12.145,248.5,3.6,2.2,6.778722,38.129856,48.523748,28.1247,10.198,1.0579
2/3/2020,20:00:00,0.1799158,12.665,233.2,3,1.6,4.017464,36.014354,42.174372,34.011086,8.2728,1.211544
2/3/2020,21:00:00,0.216527,13.205,231.6,2.7,1.3,4.84999,34.688126,42.12467,36.914296,8.7682,1.188778
2/3/2020,22:00:00,0.1010272,16.295,242.4,2.9,1.1,2.677468,30.069608,34.175,23.993702,13.073,1.004818
2/3/2020,23:00:00,0.0909768,14.885,242.2,3.2,1.3,2.145124,25.751322,29.040466,31.223324,11.7498,1.018698
2/3/2020,24:00:00,0.1077646,11.245,239.4,3.2,1.3,6.508588,36.211684,46.191378,22.496596,9.3658,1.162436
3/3/2020,1:00:00,0.2289512,11.33,232.1,3.8,2,7.091388,41.37171,52.245016,31.702194,6.929,1.227494
3/3/2020,2:00:00,0.2057522,10.96,249.3,3.8,1.9,7.45564,35.996104,47.427922,39.929964,8.44,1.428932
3/3/2020,3:00:00,0.1047374,11.55,243.7,3.3,1.2,4.407694,33.773756,40.532126,28.814116,9.9728,1.362052
3/3/2020,4:00:00,0.1753154,13.485,239,2.9,0.8,6.960676,38.434064,49.106948,27.046792,9.7724,1.135596
3/3/2020,5:00:00,0.1224772,13.18,245.2,2.8,0.4,4.12491,32.893096,39.217872,29.707792,11.2584,1.388248
3/3/2020,6:00:00,0.11387,13.8,246.4,2.8,0.1,2.97737,27.135586,31.700824,32.930248,11.559,1.092258
3/3/2020,7:00:00,0.1753154,13.485,238.6,3.6,0.4,6.960676,38.434064,49.106948,27.046792,9.7724,1.135596
3/3/2020,8:00:00,0.178838,13.575,247.7,3.9,1.8,7.76096,41.245558,53.145526,25.421226,11.0802,1.06227
3/3/2020,9:00:00,0.1211712,14.085,255.7,4.3,4.2,3.934794,21.906968,27.94023,49.429764,8.863,1.060226
3/3/2020,10:00:00,0.18262,16.32,263.3,3.8,5.3,18.41506,46.17446,74.41049,32.69855,11.5,2.31623
3/3/2020,11:00:00,0.279636,13.42,270.7,4.6,6.5,14.66441,40.57542,63.06053,34.6249,7.2342,1.78681
3/3/2020,12:00:00,0.433722,5.9,281.9,5.1,7.3,18.99917,43.48921,72.62087,29.33978,3.585,1.85299
3/3/2020,13:00:00,0.236834,6.275,288.4,5.6,7.9,13.58841,29.93341,50.76867,52.75234,1.934,2.05152
3/3/2020,14:00:00,0.148378,4.7,297.2,5.8,7.7,7.87021,23.53652,35.60401,56.35807,2.005,1.5221
3/3/2020,15:00:00,0.077043,3.75,297.5,6.2,7.1,6.18667,22.637164,32.123264,51.56689,1.863,1.67651
3/3/2020,16:00:00,0.128622,8.625,297.9,5.9,6.4,6.55851,23.72675,33.78299,56.06171,3.609,0.992058
3/3/2020,17:00:00,0.176913,15.075,298.5,5.9,5.7,7.0094,25.60993,36.35753,61.59379,6.675,2.44859
3/3/2020,18:00:00,0.188327,18.45,297,4,4.6,6.30232,28.71921,38.38262,58.33381,8.066,1.38974
3/3/2020,19:00:00,0.219715,19.675,294.3,3.9,4,6.48677,37.71414,47.66039,54.82687,8.75,1.45592
3/3/2020,20:00:00,0.40804,19.975,294,4,3.6,8.70027,42.04378,55.38401,45.83724,9.057,1.65445
3/3/2020,21:00:00,0.402334,17.925,294.4,3.7,3.2,6.7942,44.58961,55.00725,42.03393,9.08,1.38974
3/3/2020,22:00:00,0.196887,17.7,284.3,2.9,2.4,3.5047,39.2254,44.5992,45.44209,9.057,1.32356
3/3/2020,23:00:00,0.253955,15.925,286.9,2.5,1.7,3.87362,33.0554,38.99486,51.17174,8.255,1.25738
3/3/2020,24:00:00,0.185473,15.475,279.8,2.4,1.2,2.30573,27.78294,31.31834,53.98718,7.689,0.92649
4/3/2020,1:00:00,0.091309,15.625,259,2.3,0.3,1.18943,28.20801,30.03177,50.38145,8.113,0.97052
4/3/2020,2:00:00,0.125551,17.3,260.4,2.3,-0.1,1.88668,27.89285,30.78571,46.3641,9.269,1.58812
4/3/2020,3:00:00,0.131258,17.575,265,2,-0.7,1.56881,25.77287,28.17835,42.57726,11.321,1.78663
4/3/2020,4:00:00,0.131258,18.2,276.3,1.6,-1.4,2.39936,36.6566,40.33556,26.87011,11.651,1.32343
4/3/2020,5:00:00,0.148378,19.1,263.2,1.7,-1.9,5.10633,43.24955,51.07915,17.33715,13.066,1.32343
4/3/2020,6:00:00,0.142672,18.025,298.6,1,-2.4,10.12038,42.58248,58.10017,16.05291,12.618,1.19109
4/3/2020,7:00:00,0.179766,18.125,347.6,1.3,-2.7,24.85491,53.72848,91.8388,7.55722,13.255,1.78663
4/3/2020,8:00:00,0.373799,20.925,321.2,0.1,-2.6,103.08018,80.94356,238.99763,2.2721,15.118,2.58069
4/3/2020,9:00:00,0.522177,24.75,249.1,0.6,-0.6,126.95073,77.42149,272.07656,4.14906,16.274,2.97772
4/3/2020,10:00:00,0.559272,37.15,331.6,1.1,1.9,201.97686,91.49452,401.18805,5.58147,21.368,4.36732
4/3/2020,11:00:00,0.393773,49.3,225.6,1.1,4.1,115.07698,78.56986,255.01876,9.38478,23.302,8.00676
4/3/2020,12:00:00,0.18262,40.925,188.8,1.4,5.5,35.22137,57.15305,111.1584,23.65952,17.83,9.0655
4/3/2020,13:00:00,0.102723,29.9,166.5,1.5,6.2,13.90398,35.79149,57.11063,46.38057,11.816,9.13167
4/3/2020,14:00:00,0.094163,20.6,144.9,1.8,6.3,9.01298,28.35357,42.17328,58.58078,7.759,6.35247
4/3/2020,15:00:00,0.10843,21.925,126,2.3,6,10.1819,37.30484,52.91687,48.89964,9.929,4.30115
4/3/2020,16:00:00,0.079897,23.525,117.6,2.9,5.2,6.95199,37.87504,48.53461,46.28178,8.609,3.7056
4/3/2020,17:00:00,0.11699,23.825,113.6,2.7,4.4,8.82841,44.32786,57.86457,40.94727,8.703,2.64686
4/3/2020,18:00:00,0.119844,22.8,120.8,2.6,3.9,5.04481,47.16068,54.89595,35.46459,9.057,2.97772
4/3/2020,19:00:00,0.145525,18.825,123.6,2.3,3.6,5.41394,55.78328,64.08454,26.77132,9.717,2.58069
4/3/2020,20:00:00,0.151232,21.65,108.3,2.2,3.3,3.29143,53.38323,58.43002,24.94376,11.226,1.91898
4/3/2020,21:00:00,0.216861,30.35,103.8,2.3,3,5.32166,61.53217,69.69193,15.65776,15.33,3.04389
4/3/2020,22:00:00,0.242541,32.075,100.9,1.8,2.7,8.45928,67.79465,80.76537,8.54509,17.642,4.49966
4/3/2020,23:00:00,0.242541,29.575,88.4,1.8,1.7,5.66003,64.87727,73.55586,8.54509,18.986,3.83795
4/3/2020,24:00:00,0.222568,30.95,76.2,1.8,0.9,11.16625,69.15718,86.27852,4.14906,19.811,3.24241
5/3/2020,1:00:00,0.342412,40.7,23.9,1.7,-0.6,35.70369,73.87137,128.61626,1.58059,23.632,3.79346
5/3/2020,2:00:00,0.425161,37.05,33.3,1.8,-1.3,40.79249,65.44002,127.98764,1.77817,24.316,3.0877
5/3/2020,3:00:00,0.39092,30.125,33,2.1,-1.8,25.42349,57.29147,96.27361,1.67938,22.099,2.11728
5/3/2020,4:00:00,0.388066,28.35,33.5,2.1,-2.1,31.5793,54.73612,103.15703,1.62999,21.368,2.31577
5/3/2020,5:00:00,0.231127,23.9,17.7,2.1,-2.5,8.12567,42.46675,54.92593,8.4957,19.269,1.19097
5/3/2020,6:00:00,0.222568,25.5,19.8,2.6,-2.1,3.72426,24.84062,30.55108,15.75655,22.571,1.05864
5/3/2020,7:00:00,0.194034,21.325,17.4,2.6,-1.7,9.60306,31.29071,46.0152,15.55898,19.387,0.92631
5/3/2020,8:00:00,0.214008,21.575,23.5,2.6,-0.7,20.06794,38.48813,69.25854,16.10231,18.939,1.38946
5/3/2020,9:00:00,0.214008,26.2,31,2.6,0.9,18.55976,38.58473,67.04264,22.17772,20.967,0.52932
5/3/2020,10:00:00,0.154085,25.525,35.3,2.9,1.9,12.43473,27.9861,47.05243,39.71243,19.717,1.05864
5/3/2020,11:00:00,0.122697,26.725,39.3,3,2.5,9.6954,20.21109,35.07716,52.60416,17.972,1.05864
5/3/2020,12:00:00,0.09987,23.7,40,3.3,3.5,6.34048,15.17153,24.89347,65.44649,13.703,1.98495
5/3/2020,13:00:00,0.097016,21.625,30.2,3.6,3.8,5.69412,15.50255,24.23342,67.57041,9.906,1.78645
5/3/2020,14:00:00,0.07419,12.625,33.5,3.5,5.1,4.30907,12.67587,19.28301,75.52278,5.094,1.52179
5/3/2020,15:00:00,0.065629,11.975,46.7,3.9,6.7,5.04776,15.31495,23.05475,73.34946,4.67,1.05864
5/3/2020,16:00:00,0.09987,12.925,47.9,3.9,6.4,4.83231,16.35251,23.76195,73.34946,4.882,1.45563
5/3/2020,17:00:00,0.125551,11.95,49.1,2.8,5.1,8.27956,24.45647,37.15162,67.37284,5.047,1.3233
5/3/2020,18:00:00,0.162646,13.475,65.2,1.9,2.7,8.12567,32.61308,45.07227,55.22202,5.377,1.05864
5/3/2020,19:00:00,0.17406,13.725,54.9,1.7,1.3,6.92528,40.67701,51.29564,46.52875,5.991,0.99247
5/3/2020,20:00:00,0.199741,19.5,350.6,2.5,0.4,7.01762,47.08883,57.84903,37.48972,8.278,0.86014
5/3/2020,21:00:00,0.28249,32.85,338.2,2.2,0,17.42094,64.51718,91.22891,23.70892,14.929,1.12481
5/3/2020,22:00:00,0.28249,26.375,343.3,2,-0.5,21.69922,74.50573,107.77741,13.23748,15.354,0.92631
5/3/2020,23:00:00,0.356679,38.7,340.4,2.2,-1.2,20.68352,71.30131,103.01559,11.06416,24.01,1.52179
5/3/2020,24:00:00,0.542152,42.375,340.1,2.3,-1.8,35.18044,71.51483,125.45743,5.23572,28.326,1.52179
6/3/2020,1:00:00,0.402334,39.75,325.6,1.8,-1.9,45.7439,71.00033,141.14,2.56847,28.255,1.32317
6/3/2020,2:00:00,0.325291,34.2,323.8,1.8,-2.8,13.46858,52.24564,72.89718,10.14215,28.561,1.32317
6/3/2020,3:00:00,0.288197,34.275,318.6,2.1,-3.2,17.40034,50.21096,76.89111,10.47144,27.594,0.86006
6/3/2020,4:00:00,0.251102,29.775,305.4,1.8,-3.7,3.66485,34.99613,40.61549,21.09106,25.189,1.12469
6/3/2020,5:00:00,0.248248,29.775,310,1.8,-4.1,19.74092,41.62185,71.89083,11.40992,24.175,1.05853
6/3/2020,6:00:00,0.256809,28.725,308.8,1.9,-4.4,14.62861,43.89427,66.32448,11.11355,22.594,1.19085
6/3/2020,7:00:00,0.28249,27.175,299.4,2,-4.7,29.16482,54.48492,99.20369,3.90209,21.179,1.32317
6/3/2020,8:00:00,0.425161,31.6,301.8,1.2,-3,85.33866,74.30224,205.15303,3.21058,20.543,1.45548
6/3/2020,9:00:00,0.487937,30.2,313.1,1.1,0.9,55.06515,58.26464,142.6967,11.11355,21.462,1.78628
6/3/2020,10:00:00,0.245395,29.2,329,0.6,4,23.22099,40.53134,76.13635,38.67517,16.415,1.78628
6/3/2020,11:00:00,0.162646,21.85,42.5,0.5,5.8,8.59238,24.42165,37.59645,64.16225,7.877,1.85243
6/3/2020,12:00:00,0.154085,24.725,3,0.2,6.9,13.79709,33.84786,55.00309,55.07384,9.505,1.32317
6/3/2020,13:00:00,0.128404,23.4,277.2,0.9,7.8,10.31702,26.87187,42.69108,64.35983,9.882,1.38933
6/3/2020,14:00:00,0.114137,23.7,295.2,1.2,8.3,6.3134,20.793,30.47341,74.68309,14.929,1.85243
6/3/2020,15:00:00,0.094163,21.6,310,0.9,8.4,7.76086,21.35677,33.25659,71.4725,14.009,1.12469
6/3/2020,16:00:00,0.154085,24.125,310.3,0.3,8.1,9.4239,31.07165,45.52142,66.48375,15.637,1.32317
6/3/2020,17:00:00,0.196887,23.75,273.1,1.8,7.1,8.46919,36.30931,49.29522,56.45686,14.882,1.38933
6/3/2020,18:00:00,0.256809,32.975,277.4,2.5,5.1,9.17753,49.42213,63.49413,40.45334,22.146,1.65396
6/3/2020,19:00:00,0.222568,29.175,243.9,1.8,4,10.10144,50.08107,65.56972,36.65003,19.245,1.38933
6/3/2020,20:00:00,0.462256,30.225,253.3,2.4,3.8,13.45832,60.45366,81.08946,26.27738,20.425,1.65396
6/3/2020,21:00:00,0.413747,25.325,271.9,2.6,2.3,9.82426,57.91214,72.9758,24.69679,15.896,1.85243
6/3/2020,22:00:00,0.313878,22.425,272.7,3.3,1.9,6.74456,49.426,59.76751,28.50009,14.434,1.52164
6/3/2020,23:00:00,0.259662,17.1,274.9,3.3,2,6.00543,30.8884,40.09659,43.0218,11.793,0.99238
6/3/2020,24:00:00,0.151232,12.425,278.9,3.8,2.5,7.14492,37.06618,48.02157,36.60064,8.514,0.66158
7/3/2020,1:00:00,0.144574,10.025,238.6,2.4,1.8,3.53346,34.10273,39.52063,40.56859,7.241,1.296848
7/3/2020,2:00:00,0.167401,13.05,246.6,2.9,1.7,6.24519,32.46204,42.03786,38.1977,9.811,0.88202
7/3/2020,3:00:00,0.168353,19.275,245.6,2.5,1.4,1.66401,24.06833,26.61979,41.88575,14.198,1.05843
7/3/2020,4:00:00,0.139818,24.975,241.7,2.7,1.2,1.54076,22.69979,25.06225,41.58939,19.01,1.05843
7/3/2020,5:00:00,0.131258,16.575,219.3,2.3,0.7,1.54076,25.0125,27.37496,36.1067,11.769,1.19073
7/3/2020,6:00:00,0.111284,12.725,208.3,2.2,1.8,1.91054,28.69335,31.62279,32.79733,9.08,1.52149
7/3/2020,7:00:00,0.102723,9.7,201,2.3,2.6,1.75646,26.1449,28.8381,40.50273,5.943,1.71995
7/3/2020,8:00:00,0.216861,9.025,204.8,2.6,3.5,5.79324,34.7283,43.61114,36.05731,4.646,1.38919
7/3/2020,9:00:00,0.339559,7.2,226.1,3,4.7,6.7485,24.15432,34.50188,46.67693,4.34,1.05843
7/3/2020,10:00:00,0.156939,9.025,243.5,4.5,6.6,6.68687,29.06304,39.3161,44.45422,5.071,1.52149
7/3/2020,11:00:00,0.211154,18.675,248.1,5.4,6.9,6.62524,21.60582,31.76439,57.09897,7.453,1.25688
7/3/2020,12:00:00,0.185473,24.175,250.1,5.1,7.7,5.73161,18.35063,27.13897,60.35895,9.198,1.12458
7/3/2020,13:00:00,0.176913,22.975,247.1,5.7,8.6,6.1322,20.47388,29.87646,60.95167,8.609,1.32303
7/3/2020,14:00:00,0.145525,18.575,242,5.9,9.7,4.499,17.21991,24.11828,67.52102,6.816,1.58764
7/3/2020,15:00:00,0.17406,16.275,236.1,6.3,9.7,5.14612,18.1156,26.00621,64.31044,6.509,1.38919
7/3/2020,16:00:00,0.162646,12.05,231.8,5.7,8.9,4.22167,18.68351,25.15664,63.91529,5.377,1.71995
7/3/2020,17:00:00,0.159792,14.1,230.9,5.2,8.4,4.43737,16.84242,23.6463,66.78011,5.943,1.58764
7/3/2020,18:00:00,0.136965,15.3,232.7,5.1,8.2,3.42048,16.74971,21.99436,65.64406,6.863,1.32303
7/3/2020,19:00:00,0.114137,15.375,228.5,5.7,8.1,2.68091,15.71257,19.82324,68.50889,7.524,1.19073
7/3/2020,20:00:00,0.122697,15.35,228.9,6.5,7.5,2.71173,12.45584,16.61377,71.91705,7.642,1.45534
7/3/2020,21:00:00,0.071336,15.875,223.6,6.6,7.3,1.41749,9.76768,11.94115,75.42399,7.877,1.45534
7/3/2020,22:00:00,0.062776,9.35,219.4,7.7,7.6,1.38668,8.39899,10.5252,76.31307,5.33,1.25688
7/3/2020,23:00:00,0.068483,8.25,217.3,8.4,8.2,1.6332,9.95612,12.46033,73.0531,5.047,1.32303
7/3/2020,24:00:00,0.071336,6.675,215.7,8.7,8.5,1.60238,10.85294,13.30989,70.92917,3.868,1.05843
8/3/2020,1:00:00,0.051362,3.95,215.6,7.7,9.7,1.1511,6.98717,8.75217,73.82693,1.84,0.948162
8/3/2020,2:00:00,0.054216,2.6,220.7,8,9.5,1.06888,6.48359,8.12252,74.61723,1.533,0.88193
8/3/2020,3:00:00,0.07419,2.2,230.9,7.3,9.5,1.17166,7.97884,9.77536,73.10249,1.321,0.79374
8/3/2020,4:00:00,0.057069,2.05,229.5,6.8,9.3,0.95583,6.75139,8.21697,81.05486,1.156,0.66145
8/3/2020,5:00:00,0.071336,1.875,245.3,6.4,8.8,0.555,4.76867,5.61965,84.66059,1.108,0.79374
8/3/2020,6:00:00,0.062776,3.575,255.3,5.8,8.2,0.33917,4.62737,5.14741,83.67272,2.193,0.85989
8/3/2020,7:00:00,0.071336,2.275,256.8,5.5,7.7,0.67833,11.47425,12.51434,81.59819,1.179,0.79374
8/3/2020,8:00:00,0.208301,4.2,255.7,5.2,7,2.18915,10.71608,14.07273,74.43612,2.382,0.59531
8/3/2020,9:00:00,0.245395,7.725,254.7,6.4,7.9,3.26831,8.49471,13.50605,73.30007,4.41,0.99218
8/3/2020,10:00:00,0.165499,7.95,251.8,6.6,8.8,3.23748,10.85596,15.82002,69.15101,4.859,1.3229
8/3/2020,11:00:00,0.156939,10.85,249.8,6.5,9.5,2.95998,11.23423,15.7728,68.01495,5.731,1.19061
8/3/2020,12:00:00,0.222568,9.2,248.7,6.1,10,4.1933,12.17659,18.60623,69.34858,4.245,1.12447
8/3/2020,13:00:00,0.114137,7.2,248.9,6.5,10.4,2.99081,15.72045,20.30629,67.6198,3.538,1.19061
8/3/2020,14:00:00,0.194034,8.4,245.4,6.4,10.2,4.90246,15.85884,23.37585,67.42223,4.387,1.12447
8/3/2020,15:00:00,0.11699,9.05,246.1,5.8,9.9,2.65165,10.29028,14.35608,73.89279,3.703,1.19061
8/3/2020,16:00:00,0.245395,4.8,244.7,5,9,4.06997,15.19914,21.43967,68.11374,2.618,0.85989
8/3/2020,17:00:00,0.145525,7.25,240.9,3.7,7.6,2.58998,14.91833,18.88958,67.02708,3.609,0.66145
8/3/2020,18:00:00,0.339559,9.375,238.9,3.6,6.1,5.08746,26.57836,34.37903,52.35719,4.859,0.85989
8/3/2020,19:00:00,0.214008,4.85,248.5,4.5,6.2,3.17581,27.57334,32.44285,56.85201,2.83,0.99218
8/3/2020,20:00:00,0.330998,3.9,253.1,4.9,5.7,4.9333,28.13702,35.7013,55.17262,2.382,0.99218
8/3/2020,21:00:00,0.136965,6.1,258.5,4.9,5,2.28165,26.77206,30.27055,51.81386,3.538,0.85989
8/3/2020,22:00:00,0.165499,8.05,261.8,5.3,4.8,1.66499,21.48404,24.03699,54.28354,5.142,1.05832
8/3/2020,23:00:00,0.162646,10.125,260.8,4.6,4.4,1.75749,26.11183,28.8066,45.93603,8.278,0.59531
8/3/2020,24:00:00,0.159792,11.95,252.9,2.6,3.7,1.72665,20.77558,23.42307,47.71419,8.75,0.85989
9/3/2020,1:00:00,0.125551,7.125,247.4,4.5,4.8,1.64539,16.31397,18.83687,54.26707,4.953,1.05822
9/3/2020,2:00:00,0.102723,6.6,253.5,4.4,4.5,0.37021,10.52027,11.08793,59.99673,4.434,1.1464
9/3/2020,3:00:00,0.097016,4.825,268.9,4.7,4.7,0.21596,8.36281,8.69394,63.91529,3.278,0.99208
9/3/2020,4:00:00,0.085602,2.45,287.8,4.9,5.2,0.77128,11.43305,12.61567,70.08948,1.627,0.92594
9/3/2020,5:00:00,0.079897,3.925,286.9,4.4,4.8,0.80213,12.28349,13.51341,68.55828,2.382,0.66139
9/3/2020,6:00:00,0.065629,6.625,287.8,4,5.2,1.54256,15.35341,17.71863,66.68133,3.844,0.59525
9/3/2020,7:00:00,0.088456,9.475,282,2.9,4.3,4.53512,28.62526,35.57901,51.5175,4.882,0.99208
9/3/2020,8:00:00,0.325291,12.1,288.9,5.5,6.1,10.27343,41.23075,56.98311,38.57638,6.085,0.8598
9/3/2020,9:00:00,0.416601,11.175,289.4,6,7.4,12.21705,42.64479,61.37733,39.51486,5.307,1.25663
9/3/2020,10:00:00,0.211154,12.175,287.2,6.2,8.4,11.22981,31.96811,49.18691,53.34506,6.061,1.1905
9/3/2020,11:00:00,0.279636,14.2,286.3,6.4,9.1,9.87236,29.27729,44.4147,56.80261,6.958,0.8598
9/3/2020,12:00:00,0.239688,16.55,279.9,6.1,9.2,9.00853,23.56161,37.3745,62.23591,6.84,1.05822
9/3/2020,13:00:00,0.305317,16.975,266.5,5.3,8.4,7.80534,21.95726,33.92527,58.67957,7.571,1.05822
9/3/2020,14:00:00,0.265369,19.575,253.7,4.9,8.1,6.84895,21.15571,31.65728,58.97593,9.198,1.52119
9/3/2020,15:00:00,0.242541,20.625,238.7,4.2,8.1,7.65108,30.32072,42.05221,48.89964,9.458,1.12436
9/3/2020,16:00:00,0.179766,11.825,222.6,4.3,7.3,5.4915,25.74133,34.16152,62.82863,6.109,1.25663
9/3/2020,17:00:00,0.128404,7.5,218.6,5.1,6.9,9.31704,38.86996,53.15589,46.72632,4.269,1.1905
9/3/2020,18:00:00,0.136965,7.7,215.2,5.8,6.7,8.17555,41.18722,53.72288,37.6873,5.259,1.45505
9/3/2020,19:00:00,0.142672,7.625,209.9,6.3,7.1,7.80534,44.96785,56.93586,30.57462,5.778,1.05822
9/3/2020,20:00:00,0.176913,3.6,221.6,6.1,8,6.72555,36.03958,46.35194,42.77484,2.642,0.72753
9/3/2020,21:00:00,0.151232,1.2,240.4,6.7,8.7,4.35001,17.71091,24.38083,59.32168,0.873,0.59525
9/3/2020,22:00:00,0.114137,1,250.8,5.7,9.5,2.22128,15.25771,18.66362,60.90228,0.708,0.72753
9/3/2020,23:00:00,0.119844,0.975,259.3,6.3,10.5,1.69681,10.25017,12.85191,61.34682,0.708,0.99208
9/3/2020,24:00:00,0.10843,1.575,264.9,6.9,11,1.29575,10.77063,12.75741,58.18563,0.991,1.05822
10/3/2020,1:00:00,0.057069,3.45,272.9,7.6,11.6,0.82318,12.03796,13.30015,65.59467,2.241,1.110186
10/3/2020,2:00:00,0.057069,4.35,271.9,5.7,11,1.11129,15.44127,17.14522,65.79224,2.877,1.05811
10/3/2020,3:00:00,0.051362,2.775,259.4,2.6,10.2,0.55565,7.42122,8.2732,66.23678,1.958,0.99198
10/3/2020,4:00:00,0.079897,1.975,140.9,1.9,8.2,0.61738,8.65027,9.59691,69.74373,1.439,1.25651
10/3/2020,5:00:00,0.102723,0.75,155.2,1.5,7.6,0.8026,9.78454,11.01517,66.97769,0.519,1.12424
10/3/2020,6:00:00,0.085602,1.275,176.8,2,7.4,0.74086,8.08274,9.21871,64.11286,0.896,0.99198
10/3/2020,7:00:00,0.071336,2.95,231,1.2,6.9,1.41998,11.29622,13.47349,66.18739,1.934,0.72745
10/3/2020,8:00:00,0.233981,2.45,272.4,7.2,9.8,4.72298,19.42153,26.66334,48.89964,1.509,1.05811
10/3/2020,9:00:00,0.239688,4.25,272.8,10.6,11.6,5.95775,20.60116,29.73624,50.67781,2.571,1.12424
10/3/2020,10:00:00,0.239688,3.825,273.8,11.4,11.9,7.37773,20.64583,31.95818,49.78872,1.958,1.05811
10/3/2020,11:00:00,0.202594,3.45,274.2,10.1,11.8,7.93337,18.13921,30.30354,48.20813,1.651,1.19038
10/3/2020,12:00:00,0.208301,2.425,270.1,10.3,11.8,7.71729,17.05227,28.88528,48.10934,0.967,1.12424
10/3/2020,13:00:00,0.29105,3.225,271.4,10.2,11.6,7.65555,21.0708,32.80914,45.93603,1.132,0.99198
10/3/2020,14:00:00,0.194034,7.475,275,10,11.7,5.61819,17.05612,25.67055,66.03921,4.104,1.32264
10/3/2020,15:00:00,0.128404,10.525,275.6,9.4,11.2,4.16734,14.12771,20.51753,72.80613,5.9802,1.58717
10/3/2020,16:00:00,0.062776,13.025,273.9,9,10.2,2.0991,12.52414,15.74271,73.34946,7.146,1.19038
10/3/2020,17:00:00,0.156939,11.65,273.7,8.4,9.4,5.83427,24.52524,33.471,63.96468,6.863,1.19038
10/3/2020,18:00:00,0.268222,13.525,271.5,7.7,8.4,6.85295,30.00732,40.51503,58.4326,7.335,1.19038
10/3/2020,19:00:00,0.333852,14.075,271.8,7.4,7.9,6.69861,32.27683,42.54788,54.03657,7.406,1.52103
10/3/2020,20:00:00,0.328145,12.175,271.7,7.4,7.5,5.89601,31.94737,40.98779,54.43172,6.415,1.38877
10/3/2020,21:00:00,0.262515,12.2,272.2,7.8,7.3,5.0008,24.62132,32.28911,55.56777,6.958,1.12424
10/3/2020,22:00:00,0.151232,13.725,273.9,7.7,7,3.88951,30.62734,36.59117,55.81474,6.769,1.52103
10/3/2020,23:00:00,0.168353,13,275.2,7.7,6.6,3.88951,26.278,32.24184,55.81474,6.84,1.58717
10/3/2020,24:00:00,0.142672,12.8,276.7,7.6,6.4,3.51908,29.63523,35.03109,45.68906,6.25,1.4549
11/3/2020,1:00:00,0.09987,9.35,256.3,3.5,4.6,3.74764,28.12132,33.86763,51.2376,4.811,0.7935
11/3/2020,2:00:00,0.071336,8.875,243.7,1.7,3.2,1.07076,15.38662,17.02842,62.23591,4.623,1.32251
11/3/2020,3:00:00,0.079897,8.125,181,2.6,2.6,0.77218,12.39144,13.57543,63.96468,4.623,1.25638
11/3/2020,4:00:00,0.125551,10.1,183.2,2.7,2.4,0.9575,10.68825,12.1564,63.27317,5.071,1.58701
11/3/2020,5:00:00,0.088456,11.225,200.4,2.7,2.3,1.76057,21.23488,23.93439,49.34418,5.684,0.92575
11/3/2020,6:00:00,0.085602,11.925,226,2.8,2.5,1.94589,27.14718,30.13084,39.11971,6.887,1.12413
11/3/2020,7:00:00,0.105577,11.075,257.5,5.2,4.4,3.92267,34.144,40.15868,36.05731,6.132,1.71926
11/3/2020,8:00:00,0.236834,13,263.9,7.9,6.6,9.51325,39.38384,53.97062,34.92126,6.226,1.58701
11/3/2020,9:00:00,0.259662,13.9,264.5,8.3,7.8,11.49003,31.4808,49.0986,47.71419,5.991,1.58701
11/3/2020,10:00:00,0.17406,12.65,262.7,8.7,8.8,9.42059,23.68003,38.12473,59.56865,4.599,1.38863
11/3/2020,11:00:00,0.165499,9.525,258.7,8.8,9.9,7.50558,18.57514,30.08354,65.10073,3.868,1.25638
11/3/2020,12:00:00,0.159792,8.275,256.1,8.5,10.4,6.70252,16.54271,26.81976,67.81738,2.972,1.32251
11/3/2020,13:00:00,0.171206,6.875,254.1,7.9,10.4,6.39365,15.02966,24.83311,70.7316,2.547,1.45476
11/3/2020,14:00:00,0.19118,9.3,248.1,7.1,10.5,6.94961,17.39366,28.04959,69.59555,3.679,1.38863
11/3/2020,15:00:00,0.151232,9.975,234.5,6.5,10.2,7.2276,16.116,27.19817,69.10161,3.278,1.25638
11/3/2020,16:00:00,0.233981,7.9,237.1,6.7,10.3,6.51719,23.54363,33.53652,60.26016,3.915,1.12413
11/3/2020,17:00:00,0.251102,6.85,235.9,6.7,9.2,6.57897,29.36156,39.44916,55.56777,3.396,0.85963
11/3/2020,18:00:00,0.208301,5.55,232.8,6.4,8.3,6.11566,37.45093,46.82814,49.78872,3.184,1.19026
11/3/2020,19:00:00,0.168353,4.35,232.1,6.4,8,3.8609,28.27878,34.19874,56.40746,2.783,1.32251
11/3/2020,20:00:00,0.151232,4.875,234.6,7,7.6,3.21227,17.92105,22.84646,66.28618,3.208,1.05801
11/3/2020,21:00:00,0.097016,5.05,243,7.4,7.7,1.79146,10.82857,13.57543,74.23854,2.972,1.25638
11/3/2020,22:00:00,0.088456,2.325,248,7.8,7.2,1.4517,10.97112,13.19702,77.69609,1.368,1.05801
11/3/2020,23:00:00,0.11699,2.05,259.5,7.7,6.3,1.82234,10.2136,13.00782,80.85728,1.297,1.25638
11/3/2020,24:00:00,0.11699,4.2,269.3,8.2,5,1.85323,10.78115,13.62273,82.38848,1.958,0.99188
12/3/2020,1:00:00,0.09987,2.65,272,8.3,4.8,1.64828,13.1221,15.64943,79.42487,1.439,1.32237
12/3/2020,2:00:00,0.071336,2.225,274.2,8,4,1.44224,14.38456,16.59597,75.20995,1.392,0.96974
12/3/2020,3:00:00,0.07419,5.2,273.6,7.7,3.2,1.08168,11.92426,13.58282,74.43612,2.712,1.12402
12/3/2020,4:00:00,0.068483,10.075,267.4,6.8,2.7,2.13246,13.57865,16.84838,70.33645,4.292,1.19014
12/3/2020,5:00:00,0.062776,9.725,259,7.8,2.7,1.97793,14.33618,17.36897,67.17526,4.434,1.12402
12/3/2020,6:00:00,0.057069,5.35,260,8.8,2.6,1.32892,7.94832,9.98598,68.21253,3.042,0.52895
12/3/2020,7:00:00,0.065629,8.15,256.9,7.8,2.6,1.45254,8.09006,10.31726,66.58254,4.222,1.0579
12/3/2020,8:00:00,0.18262,8.075,254.6,6.5,3.7,4.82121,15.41915,22.81156,60.16137,4.08,0.92566
12/3/2020,9:00:00,0.231127,9.55,251.8,5.8,4.9,10.1369,26.3886,41.93163,48.99843,4.363,1.12402
12/3/2020,10:00:00,0.202594,10.85,245.6,7,5.8,10.60048,22.60154,38.85538,54.28354,4.057,1.45461
12/3/2020,11:00:00,0.205448,17.175,251.2,8.4,7,8.3444,17.7786,30.57317,60.7047,4.741,1.58685
12/3/2020,12:00:00,0.17406,16,255.6,9.5,7.5,6.5519,14.04328,24.08939,64.95255,5.377,1.32237
12/3/2020,13:00:00,0.17406,14.275,256.5,9.9,7.7,5.74837,12.1991,21.01314,66.82951,5.849,0.72731
12/3/2020,14:00:00,0.131258,14.7,253.6,8.7,6.7,5.53203,10.2118,18.69412,69.84252,5.967,0.99178
12/3/2020,15:00:00,0.145525,14.15,248,8.6,7.4,6.11923,12.19838,21.58107,68.21253,6.085,1.0579
12/3/2020,16:00:00,0.176913,18.65,246.9,8.1,7,5.71746,16.93185,25.6985,63.56953,6.533,1.3885
12/3/2020,17:00:00,0.242541,14.575,249.1,7.8,5.8,6.70643,22.18321,32.46625,56.95079,6.745,1.19014
12/3/2020,18:00:00,0.196887,8.525,258.9,8.6,5.6,4.57397,14.80438,21.8177,68.50889,4.434,0.66119
12/3/2020,19:00:00,0.231127,8.45,272.3,8.7,5.3,4.35763,15.60936,22.29097,66.18739,4.623,1.0579
12/3/2020,20:00:00,0.245395,9.4,276.1,9,5,3.95586,14.00103,20.0666,69.89191,5.212,0.92566
12/3/2020,21:00:00,0.265369,8.55,278.7,8.4,4.5,3.61591,13.33912,18.88343,70.28706,4.811,0.85955
12/3/2020,22:00:00,0.142672,8.025,286.8,6.4,4.6,2.16336,13.29463,16.61174,72.41098,3.868,0.79343
12/3/2020,23:00:00,0.128404,10.5,285,8,5,2.31789,16.2286,19.78264,71.96644,5.212,1.12402
12/3/2020,24:00:00,0.085602,10.75,289.9,7.3,5.1,2.10155,20.10982,23.33216,71.67008,5.165,1.12402
13/03/2020,1:00:00,0.114137,11.225,282.1,6.4,4.7,1.44308,17.86482,20.07752,72.24634,5.283,0.8815
13/03/2020,2:00:00,0.102723,10.175,279.9,5.8,4.6,0.94831,13.31996,14.77402,73.49764,4.976,0.5289
13/03/2020,3:00:00,0.091309,10.825,283.1,4.8,4.5,1.60801,17.23312,19.6987,71.37372,5.071,1.32224
13/03/2020,4:00:00,0.11699,10.675,284.8,4.6,4.4,1.3297,18.22809,20.26693,70.87978,5.236,1.19002
13/03/2020,5:00:00,0.10843,6.35,286.7,4.6,4.2,1.20601,16.61835,18.46753,67.96556,3.514,0.92557
13/03/2020,6:00:00,0.111284,3.425,297,4.2,3.8,1.82447,17.37474,20.17222,63.66832,2.052,1.19002
13/03/2020,7:00:00,0.122697,4.325,307.7,3.8,3.2,4.14371,22.38945,28.74305,51.91265,2.5,1.19002
13/03/2020,8:00:00,0.136965,4.575,310.5,3.5,4.1,10.05005,28.48604,43.89589,45.3433,2.571,1.58669
13/03/2020,9:00:00,0.128404,4.65,322.5,3.5,5.7,10.17374,25.83404,41.43356,50.67781,1.792,0.99168
13/03/2020,10:00:00,0.088456,7.175,358.6,3.2,7.3,8.93681,22.52185,36.22477,56.25928,1.91,0.99168
13/03/2020,11:00:00,0.088456,7.425,14.1,2.6,8.4,5.5971,17.79332,26.37542,63.0262,1.981,0.99168
13/03/2020,12:00:00,0.11699,8.225,29.8,2.3,9.2,6.55572,20.34842,30.40039,59.37108,2.217,1.45447
13/03/2020,13:00:00,0.105577,6.425,44,2.4,9.6,6.64849,16.74944,26.94365,63.71771,1.958,1.45447
13/03/2020,14:00:00,0.094163,5,61.9,2.1,9.5,4.11279,15.19191,21.4981,67.07648,1.863,2.51226
13/03/2020,15:00:00,0.105577,7.325,107.1,2.2,9.4,5.50433,19.26143,27.70129,61.69258,2.877,1.91725
13/03/2020,16:00:00,0.139818,7.825,129.5,2.6,8.9,7.51434,23.61383,35.13565,59.91441,2.783,1.38836
13/03/2020,17:00:00,0.148378,7.525,132.2,2.5,8.1,6.55572,25.79398,35.84594,59.42047,3.443,1.12391
13/03/2020,18:00:00,0.142672,12.95,117.8,2.7,6.8,4.14371,23.19444,29.54804,61.84076,6.274,0.72724
13/03/2020,19:00:00,0.136965,14.35,118.1,3.6,5.3,2.81401,25.09123,29.40599,60.11198,7.5,0.72724
13/03/2020,20:00:00,0.134111,13.35,130.3,4.1,4.7,1.7317,23.62548,26.28071,57.09897,7.618,0.92557
13/03/2020,21:00:00,0.134111,13.425,138,3.9,4.7,1.02047,21.02251,22.58721,56.01231,8.632,1.12391
13/03/2020,22:00:00,0.168353,14.1,142.5,4.1,4.9,0.89677,21.25953,22.63456,48.4551,10.259,1.65281
13/03/2020,23:00:00,0.222568,10.675,142.1,3.5,4.6,1.51524,27.41412,29.73746,40.60152,7.783,2.1817
13/03/2020,24:00:00,0.128404,9.05,155.7,3.8,4.4,0.804,24.95322,26.18601,41.19424,6.981,1.71892
14/03/2020,1:00:00,0.111284,8.65,143.5,3.1,2.8,0.70133,22.80334,23.8787,40.96374,6.604,1.58653
14/03/2020,2:00:00,0.111284,9.725,151.7,2.8,2.6,1.40267,30.44559,32.59632,28.51656,7.028,1.58653
14/03/2020,3:00:00,0.131258,13.55,156.5,2.9,2.4,1.08294,22.31297,23.97346,32.40219,9.033,1.45432
14/03/2020,4:00:00,0.154085,15,166.4,3.6,3.5,2.13495,28.56473,31.83827,19.41168,10.896,1.38822
14/03/2020,5:00:00,0.159792,14.325,165.9,4.2,3.9,2.07306,25.20099,28.37965,24.35103,10.425,1.12379
14/03/2020,6:00:00,0.151232,12.175,165,4.7,3.9,1.17577,17.81183,19.61465,34.92126,8.962,1.05769
14/03/2020,7:00:00,0.154085,13.075,172.6,4.5,3.9,1.54706,20.74852,23.12065,34.52611,9.175,1.25601
14/03/2020,8:00:00,0.18262,15.475,177.9,4.9,4.5,4.45554,32.11329,38.94502,24.30164,10.542,1.32211
14/03/2020,9:00:00,0.145525,12,178,4.6,5.2,4.54836,28.22807,35.20213,32.254,10.401,1.45432
14/03/2020,10:00:00,0.156939,13.4,185.1,4.2,5.8,6.83801,30.73438,41.21919,31.16735,11.014,1.91706
14/03/2020,11:00:00,0.17406,14.225,193.4,4.4,6.5,10.61284,40.43911,56.71191,22.96801,10.189,2.04927
14/03/2020,12:00:00,0.159792,11.775,211.7,4.7,10.4,9.43708,30.34996,44.81994,44.00968,6.863,1.52043
14/03/2020,13:00:00,0.119844,7.65,229.1,4.8,11.8,3.46542,18.18611,23.49967,66.97769,4.41,1.71874
14/03/2020,14:00:00,0.114137,8.225,234.6,5.6,11.7,4.0533,20.17478,26.38975,64.11286,4.717,1.65264
14/03/2020,15:00:00,0.102723,6.625,231.5,4.9,10.5,2.75377,14.68158,18.90397,70.13888,3.538,1.32211
14/03/2020,16:00:00,0.077043,6.725,237.6,4.6,9.8,2.97036,13.73357,18.28805,70.97857,3.514,1.45432
14/03/2020,17:00:00,0.094163,5.325,230,4,8.7,2.38248,16.81438,20.46746,64.90316,3.42,1.38822
14/03/2020,18:00:00,0.159792,6.1,223.5,4,6.9,5.75507,37.18008,46.0044,42.2809,4.646,1.38822
14/03/2020,19:00:00,0.185473,9.025,216.4,4.8,7.4,6.49766,42.29541,52.25835,32.59976,7.005,1.38822
14/03/2020,20:00:00,0.125551,4.775,216.7,5.4,7.9,2.50624,13.78191,17.62476,65.00195,3.042,1.1899
14/03/2020,21:00:00,0.102723,6.275,210.1,5,7.8,2.07306,14.35135,17.53,67.81738,4.033,1.12379
14/03/2020,22:00:00,0.102723,9.925,213.2,5.3,7.3,2.16589,19.70491,23.02589,65.94042,5.778,1.58653
14/03/2020,23:00:00,0.079897,11.2,212.8,5.5,7.4,2.41342,21.41002,25.11054,63.42135,6.462,1.38822
14/03/2020,24:00:00,0.065629,8,211.7,5.8,8.1,1.4233,8.90418,11.08654,74.73248,4.929,1.32211
15/03/2020,1:00:00,0.054216,5.175,213,7.1,9.5,0.9907,6.50805,8.0271,76.52711,3.585,1.07168
15/03/2020,2:00:00,0.065629,4.075,220.8,6.8,9.4,1.23837,5.68585,7.58466,74.94652,2.594,0.96945
15/03/2020,3:00:00,0.077043,4.025,224.3,7,9.3,0.74302,5.07065,6.20994,76.01671,2.854,1.32198
15/03/2020,4:00:00,0.088456,2.9,229,6.8,9.1,0.89782,5.87619,7.25283,75.72035,2.264,1.52028
15/03/2020,5:00:00,0.091309,1.7,233.7,6,8.8,0.49535,4.97638,5.7359,80.7091,0.991,0.92539
15/03/2020,6:00:00,0.125551,1.325,239.3,4.8,8.6,0.24767,4.50286,4.88262,82.83303,0.66,1.12368
15/03/2020,7:00:00,0.11699,1.175,233.8,4.3,7.7,0.27863,5.54569,5.97292,82.83303,0.566,1.25588
15/03/2020,8:00:00,0.094163,2.05,239.4,4.9,8.1,0.55727,6.54058,7.39504,82.09212,1.014,1.18978
15/03/2020,9:00:00,0.102723,3.15,241.4,5.8,8.3,0.92878,7.06123,8.48534,81.64758,1.651,1.12368
15/03/2020,10:00:00,0.091309,5.25,252,5.9,8.7,1.05262,7.58241,9.1964,80.21517,2.877,1.58638
15/03/2020,11:00:00,0.094163,7.95,252.8,6,8.8,1.30029,8.67218,10.66593,77.84427,3.868,1.65248
15/03/2020,12:00:00,0.102723,8.075,253.1,6.3,9.3,1.60988,10.33066,12.79911,74.97945,4.104,1.78467
15/03/2020,13:00:00,0.094163,5.825,259.7,6.6,10,2.69346,12.84076,16.97067,73.8434,3.042,1.38808
15/03/2020,14:00:00,0.077043,7.375,265.6,6.4,9.9,2.01235,10.3298,13.41536,73.39885,3.774,1.18978
15/03/2020,15:00:00,0.097016,8.2,268.4,6.6,9.6,3.25072,16.63191,21.61627,72.16401,4.151,1.12368
15/03/2020,16:00:00,0.077043,6.925,288.9,5.3,8.9,2.63154,13.07792,17.11288,75.07823,3.561,1.32198
15/03/2020,17:00:00,0.114137,8.25,289.4,4.7,7.7,3.59127,20.18649,25.69303,69.89191,4.292,1.25588
15/03/2020,18:00:00,0.11699,7.675,279.3,4.1,6.3,2.81729,20.70958,25.02937,70.08948,3.962,1.32198
15/03/2020,19:00:00,0.11699,8.6,286.9,4.3,5.4,2.22907,24.835,28.25285,70.63281,4.269,1.38808
15/03/2020,20:00:00,0.114137,12.925,294.9,4.8,5,3.31264,24.26383,29.34315,66.33557,5.943,1.32198
15/03/2020,21:00:00,0.10843,12.925,298.5,4.8,4.8,2.41482,15.40118,19.10386,70.23766,6.698,1.52028
15/03/2020,22:00:00,0.10843,11.9,305.3,4.1,4.4,1.8266,14.59657,17.39731,69.9413,6.109,1.12368
15/03/2020,23:00:00,0.111284,9.325,313,3.4,3.8,1.45509,10.80503,13.03613,70.68221,5.189,1.52028
15/03/2020,24:00:00,0.091309,9.15,313.5,2.7,3,1.14549,7.62962,9.38602,69.49676,4.693,1.52028
16/03/2020,1:00:00,0.091309,7.775,290.9,2.2,3.5,0.78476,5.24718,6.45046,71.06089,4.222,1.256652
16/03/2020,2:00:00,0.106528,8.3,288.9,2.1,3,0.90867,6.25875,7.65202,66.78011,4.481,1.1456
16/03/2020,3:00:00,0.111284,9.35,293.2,2.3,3.7,0.43368,6.1175,6.78247,65.64406,4.835,1.7184
16/03/2020,4:00:00,0.131258,8.525,296.4,2.2,3.4,0.43368,5.73806,6.40303,63.47074,4.788,1.18966
16/03/2020,5:00:00,0.131258,7.825,286.2,2.5,3,0.40271,8.20448,8.82195,55.96292,4.953,1.12357
16/03/2020,6:00:00,0.168353,9.55,294.1,2.7,2.3,1.14616,18.73228,20.4897,43.51574,5.708,0.92529
16/03/2020,7:00:00,0.145525,10.1,293.9,2.2,2.1,5.29712,31.4818,39.60393,33.34066,6.061,1.32185
16/03/2020,8:00:00,0.228274,12.575,282.8,2.4,2.9,18.24562,47.76925,75.74547,19.11531,7.359,1.52012
16/03/2020,9:00:00,0.159792,11.375,274.7,2.6,3.3,12.42189,41.09442,60.14105,39.61365,5.991,1.7184
16/03/2020,10:00:00,0.114137,11.375,268.6,2.6,4.3,8.08507,26.30583,38.70276,58.33381,5.472,1.45403
16/03/2020,11:00:00,0.07419,13.225,261.5,3.3,6.6,4.95637,14.73981,22.33946,65.59467,5.991,0.99139
16/03/2020,12:00:00,0.068483,13.025,254.6,4.1,7.6,4.49171,16.02143,22.90862,65.49588,5.731,1.7845
16/03/2020,13:00:00,0.102723,12.175,254.2,4.4,8.4,5.85471,18.20021,27.1773,64.80437,5.472,1.65231
16/03/2020,14:00:00,0.071336,12.15,252.1,4.7,8.6,6.16448,17.39323,26.8453,68.11374,4.646,1.32185
16/03/2020,15:00:00,0.085602,13.725,247,4.3,8,6.10252,21.99406,31.35113,62.97681,6.533,1.7184
16/03/2020,16:00:00,0.091309,14.525,240.8,4,8.6,4.73952,21.14331,28.41048,62.13712,5.731,1.52012
16/03/2020,17:00:00,0.119844,13.025,234.5,3.6,7.4,6.04057,26.12059,35.38267,56.25928,5.236,1.38794
16/03/2020,18:00:00,0.131258,10.6,226.4,3,6.3,3.90314,25.46126,31.44599,56.45686,4.057,1.65231
16/03/2020,19:00:00,0.119844,10.425,230.6,3.7,5.3,3.06675,28.11917,32.82146,53.0487,3.986,1.65231
16/03/2020,20:00:00,0.10843,8.525,232.8,4.2,4.8,1.85864,21.14964,23.99951,59.51926,3.774,0.8592
16/03/2020,21:00:00,0.102723,7.925,238.6,4.5,4.9,1.33202,15.88608,17.92849,64.11286,3.514,1.12357
16/03/2020,22:00:00,0.088456,7.675,250,5.3,5.2,1.05323,11.23856,12.85349,67.71859,3.538,0.79311
16/03/2020,23:00:00,0.10843,7.925,247.1,6.1,5.5,0.9603,10.24274,11.71517,66.38497,3.868,1.25576
16/03/2020,24:00:00,0.097016,7.8,238.6,6.2,5.5,0.77443,8.44082,9.62826,68.01495,3.797,1.12357
17/03/2020,1:00:00,0.07419,6.8,225.9,4.1,6.1,0.9092,6.13554,7.52962,69.87544,3.42,1.32172
17/03/2020,2:00:00,0.088456,6.4,241,5.2,7,0.74389,6.38901,7.52962,69.21686,3.561,1.14549
17/03/2020,3:00:00,0.079897,5.325,243.5,5.2,7.3,0.46493,4.93433,5.64722,70.18827,3.278,0.79303
17/03/2020,4:00:00,0.085602,4.225,242.7,5.1,7.6,0.55792,6.59507,7.45053,65.69346,2.783,0.99129
17/03/2020,5:00:00,0.105577,3.85,243,5.1,8.1,0.71289,8.68277,9.77585,62.63105,2.925,1.32172
17/03/2020,6:00:00,0.105577,3.525,242.4,5.5,8.4,1.08484,12.09873,13.76212,57.88927,2.665,1.25563
17/03/2020,7:00:00,0.122697,5.375,246.7,4.7,8.7,2.13868,22.63149,25.91075,47.02268,3.774,1.25563
17/03/2020,8:00:00,0.142672,10.8,249.5,4.3,8.7,5.98209,34.202,43.37441,35.51398,6.816,1.32172
17/03/2020,9:00:00,0.148378,16.225,253.5,3.9,8.8,9.70153,39.08154,53.95701,32.35279,7.005,1.25563
17/03/2020,10:00:00,0.128404,20.8,257.5,4.2,9.6,7.03593,30.45063,41.23891,43.8121,7.5,1.45389
17/03/2020,11:00:00,0.097016,19.3,248.7,4.7,10,6.32304,24.52029,34.21548,51.61629,7.783,1.58606
17/03/2020,12:00:00,0.082749,21,238.9,4.7,9.9,6.602,23.618,33.74092,54.67869,7.547,1.58606
17/03/2020,13:00:00,0.071336,17.625,233.8,4.4,9.9,5.33119,22.24465,30.41903,58.18563,8.019,1.45389
17/03/2020,14:00:00,0.062776,14,221.8,3.1,10.3,4.74228,19.58847,26.85986,64.80437,5.377,1.91649
17/03/2020,15:00:00,0.068483,16.125,220.8,2.7,10.3,4.24636,18.4032,24.91419,66.33557,3.868,1.51997
17/03/2020,16:00:00,0.079897,14.125,202,3.2,10.3,4.18437,21.91505,28.33099,63.17438,3.726,1.45389
17/03/2020,17:00:00,0.07419,12.8,202.6,5.4,10.4,3.22351,17.5513,22.49395,65.39709,2.382,1.3878
17/03/2020,18:00:00,0.082749,10.025,223.1,6.4,10.8,2.51062,16.03433,19.88389,63.52014,1.745,1.32172
17/03/2020,19:00:00,0.068483,7.35,231.4,7.4,10.7,2.47962,14.27854,18.08058,62.48287,1.557,1.78432
17/03/2020,20:00:00,0.054216,6.375,230.4,7.6,10.7,1.45678,9.86748,12.10118,66.18739,1.675,1.65215
17/03/2020,21:00:00,0.054216,5.7,232.5,7.8,10.5,0.86787,8.20786,9.53857,67.81738,2.288,1.3878
17/03/2020,22:00:00,0.059923,4.75,237.7,7.4,10.5,0.58891,6.12044,7.02343,69.39797,2.547,1.45389
17/03/2020,23:00:00,0.062776,8.15,241.9,6.9,10.6,0.46493,5.97836,6.69124,67.96556,4.906,1.3878
17/03/2020,24:00:00,0.057069,4.325,243.8,6.6,10.6,0.37194,4.60236,5.17266,66.0886,2.288,1.05737
18/03/2020,1:00:00,0.048509,2.675,259,6,11.3,0.33081,4.43083,4.93806,64.01407,1.627,1.32158
18/03/2020,2:00:00,0.057069,2.475,276,4,10.4,0.33081,6.01354,6.52077,60.72117,1.792,1.40969
18/03/2020,3:00:00,0.065629,0.95,292.3,3.3,9.4,0.58925,10.11216,11.01567,65.59467,0.448,1.51982
18/03/2020,4:00:00,0.059923,0.5,292.9,3.1,8.5,0.34115,5.74445,6.26754,64.90316,0.377,1.5859
18/03/2020,5:00:00,0.068483,1.325,282,1.6,6.8,0.49621,5.64913,6.40998,65.19952,0.755,1.65198
18/03/2020,6:00:00,0.085602,2.225,269.2,2.2,7.1,1.3956,8.97074,11.11063,59.91441,1.698,1.71806
18/03/2020,7:00:00,0.09987,4.625,292.5,2.8,6.7,4.09376,20.78735,27.06436,52.75234,2.311,1.71806
18/03/2020,8:00:00,0.134111,3,300.3,2.6,6.5,7.28813,29.80141,40.97639,49.59115,1.887,1.9163
18/03/2020,9:00:00,0.139818,7.775,296.6,2.8,6.8,7.62928,36.25808,47.95614,45.3433,3.561,1.71806
18/03/2020,10:00:00,0.11699,9.8,291.8,3,7.3,5.52037,29.66306,38.12751,55.71595,4.198,1.5859
18/03/2020,11:00:00,0.097016,6.525,285.7,3.2,7.9,6.54381,29.70817,39.74187,57.39533,3.231,1.71806
18/03/2020,12:00:00,0.097016,8.625,283.4,3.2,8.2,6.60584,30.89506,41.02387,57.34594,4.175,1.32158
18/03/2020,13:00:00,0.105577,7.9,283.5,3.5,8,7.25712,30.32378,41.4512,57.49412,4.245,1.45374
18/03/2020,14:00:00,0.09987,7.35,286.8,3.4,7.5,6.60584,29.18573,39.31454,58.77835,3.962,1.65198
18/03/2020,15:00:00,0.111284,9.425,289.2,3.5,7.4,7.2261,30.9411,42.02098,56.25928,4.552,1.51982
18/03/2020,16:00:00,0.09987,12.3,287,3,6.5,5.89253,26.76583,35.80092,61.59379,5.495,2.18061
18/03/2020,17:00:00,0.105577,15.025,281.1,2.1,5.5,5.76848,26.71864,35.56352,59.51926,6.061,1.51982
18/03/2020,18:00:00,0.10843,15.55,276,1.8,4.4,4.80706,25.48635,32.85708,59.1735,6.274,1.71806
18/03/2020,19:00:00,0.134111,16.575,264.1,0.9,3.3,4.652,31.56432,38.69728,51.17174,7.311,1.32158
18/03/2020,20:00:00,0.136965,17.575,55,0.3,2.8,3.84565,26.67561,32.57219,52.15962,7.948,1.25551
18/03/2020,21:00:00,0.128404,16.35,301,1.1,3.3,3.2564,24.73024,29.72331,51.02356,7.854,1.71806
18/03/2020,22:00:00,0.09987,14.55,282.3,1.7,3,1.45763,19.70138,21.93637,54.82687,7.076,1.45374
18/03/2020,23:00:00,0.111284,13.775,274.5,2.1,2.3,2.01587,20.03246,23.12341,52.2584,7.052,1.5859
18/03/2020,24:00:00,0.11699,13.175,273.1,2,1.4,1.58168,18.13421,20.55942,51.07296,7.028,1.45374
19/03/2020,1:00:00,0.144574,12.15,293.9,1.5,2,0.86888,15.39023,16.72249,52.15962,6.509,1.40955
19/03/2020,2:00:00,0.136965,12.975,290.9,1.7,1,0.95163,14.50323,15.96238,49.85458,6.958,1.32145
19/03/2020,3:00:00,0.145525,12.125,309.9,2.2,0.3,1.95497,16.90788,19.90546,44.65179,7.146,1.32145
19/03/2020,4:00:00,0.154085,12.725,304.4,2,-0.1,1.05507,17.43259,19.05033,40.10758,7.193,1.32145
19/03/2020,5:00:00,0.142672,13.325,324.3,1.9,-0.5,1.21022,17.33721,19.19286,39.46547,7.901,1.38752
19/03/2020,6:00:00,0.154085,14.25,337.3,1.5,-0.9,2.76179,20.84905,25.08373,33.8346,8.066,1.51967
19/03/2020,7:00:00,0.242541,18.6,327.3,1.5,-1.1,15.26742,42.19754,65.60726,13.78081,10.542,1.65182
19/03/2020,8:00:00,0.225422,19.25,334.1,1.6,0.4,24.91817,46.73531,84.94264,14.96625,9.198,1.4536
19/03/2020,9:00:00,0.231127,17.025,330.7,1,3.1,21.81503,42.56206,76.01131,21.83196,8.939,1.85003
19/03/2020,10:00:00,0.139818,13.625,5.9,1.3,4.9,8.59568,24.63576,37.81563,45.98542,6.745,1.85003
19/03/2020,11:00:00,0.065629,10.3,30,1.5,5.7,5.2443,18.13525,26.1764,61.59379,4.717,1.4536
19/03/2020,12:00:00,0.057069,9.35,24.3,0.8,6.6,4.53058,13.33873,20.28552,71.37372,3.939,0.99109
19/03/2020,13:00:00,0.062776,7.975,32.9,1,6.9,5.52358,14.47654,22.94591,71.71947,3.467,0.92502
19/03/2020,14:00:00,0.054216,7.525,56.5,1.5,7.2,4.90295,13.33785,20.8556,72.75674,3.561,0.92502
19/03/2020,15:00:00,0.062776,8.675,72.8,1.4,7.3,4.71676,15.52362,22.75589,71.17614,3.703,0.92502
19/03/2020,16:00:00,0.094163,9.25,47.4,1.8,7.4,5.2443,20.03553,28.07668,68.60768,4.316,1.12324
19/03/2020,17:00:00,0.131258,9.7,37.5,1.3,6.1,5.33739,19.13268,27.31657,65.24891,4.316,0.85894
19/03/2020,18:00:00,0.185473,11.25,334.8,1.4,4.3,5.7408,26.30529,35.10772,58.08684,4.788,0.85894
19/03/2020,19:00:00,0.17406,11.7,313,2,2.9,5.39945,34.23978,42.51883,48.20813,5.024,0.79287
19/03/2020,20:00:00,0.256809,18.925,334.3,2.1,1.9,10.14725,57.0319,72.5908,23.61013,9.292,1.32145
19/03/2020,21:00:00,0.185473,17.225,356.3,2.4,1.8,3.63067,30.91848,36.48543,42.57726,9.741,1.18931
19/03/2020,22:00:00,0.19118,16.25,12.1,2.4,1.6,2.73076,26.02739,30.2145,42.57726,9.41,0.66073
19/03/2020,23:00:00,0.154085,16.4,22.9,2.3,1.4,1.70672,16.57592,19.19286,49.14661,10.071,1.05716
19/03/2020,24:00:00,0.134111,16.325,14.7,2.1,0.8,0.83785,10.30705,11.59172,55.61717,11.958,1.18931
20/03/2020,1:00:00,0.128404,14.1,357.4,2,1.3,0.95218,9.631,11.09099,52.75234,9.811,1.00468
20/03/2020,2:00:00,0.119844,12.25,9.1,2.3,0.8,0.74518,8.93436,10.07696,53.2792,8.373,0.61662
20/03/2020,3:00:00,0.11699,12.175,12.3,2.7,0.5,0.77624,8.93428,10.12449,50.52963,8.703,1.45345
20/03/2020,4:00:00,0.122697,12.775,19.8,3.1,0.6,0.80728,7.46069,8.6985,50.28266,9.151,1.32132
20/03/2020,5:00:00,0.151232,14.35,22.6,3.5,0.6,0.90043,9.36177,10.74242,45.24452,11.462,1.45345
20/03/2020,6:00:00,0.156939,14,26.6,3.4,0.4,1.64562,11.78413,14.30737,40.45334,10.991,0.85886
20/03/2020,7:00:00,0.17406,15.35,26.5,3.6,0.5,8.10388,22.27317,34.69895,30.08069,11.344,0.92492
20/03/2020,8:00:00,0.168353,14.2,25.6,3.8,2.3,8.78697,23.17463,36.64779,34.32854,9.882,1.18919
20/03/2020,9:00:00,0.154085,13.05,32.3,4.3,3.9,7.4208,17.75921,29.13761,43.0712,8.538,1.38739
20/03/2020,10:00:00,0.094163,11.025,38.3,4.6,5.6,5.55784,12.34501,20.8669,56.1605,6.014,1.45345
20/03/2020,11:00:00,0.065629,8.65,62.1,5.6,8,4.00537,9.54435,15.68583,66.53315,3.491,1.84985
20/03/2020,12:00:00,0.057069,8.45,69.4,5.9,8.5,4.12957,10.16197,16.49388,69.10161,3.396,1.32132
20/03/2020,13:00:00,0.082749,9.425,70.7,5.9,8.7,5.65098,13.3905,22.05522,66.78011,3.514,0.99099
20/03/2020,14:00:00,0.071336,9.75,68.7,6,8.5,5.34049,10.72942,18.91806,71.32432,3.255,1.38739
20/03/2020,15:00:00,0.07419,8.375,70.2,5.7,8.1,3.44648,11.87482,17.15934,71.71947,3.16,1.12312
20/03/2020,16:00:00,0.068483,8.825,67.2,5.4,7.4,3.32228,11.06706,16.16116,72.90492,3.561,1.38739
20/03/2020,17:00:00,0.079897,8.125,69,4.8,6.4,3.35333,12.06517,17.20688,73.30007,3.42,0.99099
20/03/2020,18:00:00,0.094163,7.15,68.5,4,4.6,2.60815,12.92258,16.92168,73.15189,3.821,0.92492
20/03/2020,19:00:00,0.119844,9.525,63.1,3.7,3.6,2.5771,20.33777,24.28926,63.91529,4.175,0.92492
20/03/2020,20:00:00,0.139818,9.575,60.1,3.4,3,2.11136,18.72279,21.96016,62.03833,4.976,1.25525
20/03/2020,21:00:00,0.125551,8,59.1,3.3,2.4,1.17988,14.3045,16.11362,66.68133,4.599,1.18919
20/03/2020,22:00:00,0.131258,8.975,61.9,3.4,2,1.14883,11.40508,13.16659,65.00195,5.047,1.12312
20/03/2020,23:00:00,0.139818,9.45,63.2,3.2,1.7,1.08673,11.73796,13.40425,61.59379,5.401,1.12312
20/03/2020,24:00:00,0.139818,9.675,64.3,3.2,1.5,1.02463,12.49864,14.06971,60.90228,5.401,0.99099
21/03/2020,1:00:00,0.114137,9.45,55.1,2.4,0.5,0.86989,10.3973,11.73111,61.64318,5.495,0.88079
21/03/2020,2:00:00,0.091309,8.8,59.2,2.8,0.3,0.74562,10.08055,11.22382,60.9846,4.67,0.88079
21/03/2020,3:00:00,0.088456,8.325,62.5,2.9,0.4,0.49708,6.75207,7.51425,61.14925,4.434,1.12301
21/03/2020,4:00:00,0.077043,8.5,64.6,2.8,0.2,0.55921,7.27506,8.13251,62.18651,4.175,0.72666
21/03/2020,5:00:00,0.065629,8.95,64.6,2.8,0,0.52815,5.80083,6.61064,62.68045,4.127,0.59454
21/03/2020,6:00:00,0.085602,9.375,65.2,2.9,0.2,0.49708,6.94231,7.70449,60.30956,4.505,1.12301
21/03/2020,7:00:00,0.09987,10.65,71.7,3.1,0.7,1.02522,8.98601,10.558,56.35807,5.047,0.72666
21/03/2020,8:00:00,0.097016,13.55,97.5,4,3.4,2.88927,14.49815,18.9283,50.57902,6.226,0.79271
21/03/2020,9:00:00,0.091309,16.85,107.9,5,5.4,2.98247,11.69197,16.26502,56.80261,8.302,0.26424
21/03/2020,10:00:00,0.057069,16.65,118.9,6,6.8,1.80191,8.36581,11.1287,64.85376,8.09,1.45331
21/03/2020,11:00:00,0.048509,12.225,118.4,6.3,7.6,1.67764,7.22472,9.79706,68.55828,5.637,1.65149
21/03/2020,12:00:00,0.048509,9.925,114.6,6.5,8,1.6155,6.46393,8.94101,71.32432,4.434,1.32119
21/03/2020,13:00:00,0.057069,11.7,112.3,6.5,8,2.01938,8.2226,11.31893,71.76886,5.236,2.77449
21/03/2020,14:00:00,0.065629,13.775,112.2,6.5,7.7,2.05045,8.93589,12.07987,73.34946,6.368,2.57632
21/03/2020,15:00:00,0.071336,15.675,112,6.2,7.2,2.36112,10.88502,14.50536,73.0531,6.769,2.64238
21/03/2020,16:00:00,0.054216,11.75,111.7,6.1,6.3,1.80191,10.60106,13.36395,75.47338,5.59,4.8884
21/03/2020,17:00:00,0.065629,13.925,112.2,5.8,5,1.4291,11.7434,13.93466,75.17702,6.392,4.16174
21/03/2020,18:00:00,0.077043,15,112.8,4.8,3.5,1.02522,11.26882,12.84081,76.01671,7.193,2.4442
21/03/2020,19:00:00,0.091309,13.225,113.2,4.1,2.8,0.71455,9.17702,10.27265,75.81914,6.368,1.32119
21/03/2020,20:00:00,0.091309,14.7,111,3.3,2.3,0.62135,10.0333,10.98602,70.23766,7.571,1.05695
21/03/2020,21:00:00,0.119844,14.625,104.8,2.6,1.5,0.59028,11.41258,12.31766,65.3477,7.759,1.7836
21/03/2020,22:00:00,0.17406,14.55,85.5,2.1,0.7,0.65242,12.07825,13.0786,63.27317,8.208,2.57632
21/03/2020,23:00:00,0.142672,15.375,70.3,2.1,0.1,0.68348,14.17074,15.21873,59.2229,8.538,2.4442
21/03/2020,24:00:00,0.125551,15.15,79.4,2.2,0.4,0.65242,17.49992,18.50027,53.14749,8.962,2.17996
22/03/2020,1:00:00,0.079897,15.325,31.4,2.1,-1.1,0.53881,15.98695,16.81312,52.75234,9.481,2.02562
22/03/2020,2:00:00,0.060874,15.4,49.8,2.3,-1.8,0.58026,15.73306,16.62278,52.48891,9.198,2.20176
22/03/2020,3:00:00,0.057069,14.875,60.6,2.3,-1.8,0.77714,18.65106,19.84265,51.36932,9.151,2.04764
22/03/2020,4:00:00,0.068483,15.275,73,2.2,-2,0.52845,15.08287,15.89315,54.62929,8.962,1.45316
22/03/2020,5:00:00,0.065629,14.95,83.5,2.5,-1.9,0.62171,16.55774,17.51102,53.69082,8.726,1.58527
22/03/2020,6:00:00,0.051362,14.675,109.5,2.6,-1.6,0.65279,13.79778,14.79871,55.76535,9.009,1.58527
22/03/2020,7:00:00,0.09987,19.3,114.6,2.7,-0.9,0.71497,9.13436,10.23062,59.51926,11.981,1.51921
22/03/2020,8:00:00,0.105577,20.325,139.7,4.1,2.8,1.30559,8.94251,10.94439,57.24715,12.665,1.65132
22/03/2020,9:00:00,0.062776,18.1,142.3,4.6,4.5,2.73552,12.60285,16.79725,55.46899,10.943,1.58527
22/03/2020,10:00:00,0.062776,17.575,144.3,4.6,5.6,3.48157,12.36303,17.70135,57.79048,10.967,2.04764
22/03/2020,11:00:00,0.079897,23.4,133.4,4.4,6.7,3.79242,11.88639,17.70135,58.58078,15.519,2.04764
22/03/2020,12:00:00,0.077043,23.025,132,4.3,7.7,5.81297,14.30803,23.22113,56.9014,15.024,2.04764
22/03/2020,13:00:00,0.091309,19.125,130,4.4,8.3,3.2018,9.98453,14.89388,64.26104,12.311,2.44395
22/03/2020,14:00:00,0.111284,17.425,128.2,4.4,8.7,2.39358,7.75013,11.42023,69.59555,11.392,2.97238
22/03/2020,15:00:00,0.111284,20.1,123.7,4.4,8.6,2.61117,9.46261,13.46635,70.13888,11.84,3.56685
22/03/2020,16:00:00,0.082749,21,126.3,4.2,8.2,2.73552,11.79392,15.98832,66.73072,12.665,3.5008
22/03/2020,17:00:00,0.09987,18.15,126.1,4.2,7.2,2.05164,11.89084,15.03663,66.78011,11.722,3.96317
22/03/2020,18:00:00,0.097016,18.875,123.7,3.6,5.1,1.39884,15.50891,17.65377,64.21165,11.132,3.5008
22/03/2020,19:00:00,0.094163,18.175,125.9,3.1,3.6,0.99473,20.31595,21.84119,57.83988,10.92,3.96317
22/03/2020,20:00:00,0.114137,19.125,131.4,2.7,2.5,0.87039,21.45829,22.79287,54.43172,11.769,3.89711
22/03/2020,21:00:00,0.111284,19.575,136.8,2.8,1.7,0.90148,19.69759,21.07984,55.02444,12.123,2.77422
22/03/2020,22:00:00,0.159792,21.05,142,2.6,1.1,0.83931,21.93421,23.22113,50.03569,12.146,2.17974
22/03/2020,23:00:00,0.171206,22.8,137.7,1.9,0.1,1.11908,30.45109,32.16698,41.4906,12.783,2.51001
22/03/2020,24:00:00,0.168353,21.525,111.3,1.4,-0.9,1.21233,22.78978,24.64866,43.51574,12.995,1.78343
23/03/2020,1:00:00,0.179766,23.075,158.6,0.2,-1.8,1.28561,23.80165,25.77289,37.86841,13.962,1.33372
23/03/2020,2:00:00,0.145525,20.1,123.6,1.8,-2.2,1.24414,22.02432,23.93197,36.94639,12.83,0.52837
23/03/2020,3:00:00,0.162646,19.825,74.9,1.6,-2.7,2.17724,38.22516,41.56355,20.7947,12.925,0.59442
23/03/2020,4:00:00,0.17406,20.425,85.7,1.6,-3.2,1.86621,33.46497,36.32645,21.73317,13.609,0.66046
23/03/2020,5:00:00,0.156939,20.8,49.6,1,-3.7,2.27055,23.18015,26.66161,29.14221,13.703,0.72651
23/03/2020,6:00:00,0.196887,21.2,27.9,1.4,-3.9,7.40262,30.97479,42.32531,20.59712,13.561,0.72651
23/03/2020,7:00:00,0.171206,19.55,39.8,1.2,-3.3,6.50062,33.07199,43.03946,24.69679,12.689,0.52837
23/03/2020,8:00:00,0.239688,31.325,169.1,2.7,0.4,34.80474,51.56597,104.93249,12.20021,15.212,1.65116
23/03/2020,9:00:00,0.194034,31.425,173,3.9,3.3,17.51123,39.42298,66.27315,21.38742,15.142,1.84929
23/03/2020,10:00:00,0.19118,32.225,169.3,4.3,5.3,16.26709,37.23616,62.17869,27.21586,15.708,4.75533
23/03/2020,11:00:00,0.134111,28.1,174,4.8,6.8,13.12565,27.24626,47.37197,42.87362,14.033,6.1423
23/03/2020,12:00:00,0.114137,25.875,172.8,4.8,7.5,9.79758,22.54156,37.56431,50.97417,13.16,5.61393
23/03/2020,13:00:00,0.105577,26.65,170.8,4.8,8.1,8.42903,20.73596,33.66029,56.06171,13.632,5.21765
23/03/2020,14:00:00,0.097016,26,171.1,4.7,8.1,7.71365,20.92826,32.7557,59.91441,12.854,5.01951
23/03/2020,15:00:00,0.059923,24.525,172.4,4.6,8.4,6.50062,21.93124,31.89872,60.45774,12.052,5.34974
23/03/2020,16:00:00,0.065629,24.95,172.2,4.8,8.8,7.06048,28.02386,38.84978,54.67869,12.571,7.72741
23/03/2020,17:00:00,0.085602,27.525,171.9,4.5,8.1,7.74475,30.92629,42.80141,49.14661,13.137,8.05764
23/03/2020,18:00:00,0.085602,22.85,172.7,3.4,6.4,5.22538,32.55161,40.56374,49.09721,11.863,5.67997
23/03/2020,19:00:00,0.154085,28.125,167.1,3.7,5.2,3.5769,39.69742,45.18191,41.58939,13.208,4.68928
23/03/2020,20:00:00,0.171206,26.35,167.6,3.6,4.2,2.76821,37.46186,41.70638,39.31729,13.113,4.82137
23/03/2020,21:00:00,0.176913,27.325,165.5,3.5,3.3,3.82572,42.12488,47.9909,29.93251,13.656,9.51065
23/03/2020,22:00:00,0.185473,30.675,166.7,3.4,2.4,4.44779,42.7898,49.60964,24.44982,16.132,13.0111
23/03/2020,23:00:00,0.194034,35.225,167,3.3,1.8,3.48358,39.79288,45.1343,25.3389,17.854,16.24737
23/03/2020,24:00:00,0.214008,35.025,165.9,3.2,1.3,5.412,46.40564,54.70392,16.54685,19.316,14.39807
24/03/2020,1:00:00,0.216861,37.375,181.5,1.9,0.5,4.19102,46.48131,52.90745,14.42292,22.382,5.245394
24/03/2020,2:00:00,0.205448,33.3,165.2,2.6,-0.3,2.57271,42.92883,46.87359,15.14736,20.425,4.05043
24/03/2020,3:00:00,0.222568,30.525,169.3,2.5,-0.2,2.95654,46.77042,51.30372,12.00264,19.646,2.50951
24/03/2020,4:00:00,0.251102,31.525,169.9,2.7,-0.1,6.44214,47.8091,57.68691,7.16207,20.283,3.69822
24/03/2020,5:00:00,0.219715,34.225,164.5,2.4,-0.3,6.97121,48.14113,58.83017,6.1742,21.227,4.95297
24/03/2020,6:00:00,0.265369,38.025,161.8,2.9,0,6.69111,44.80738,55.06694,9.03902,22.618,5.74545
24/03/2020,7:00:00,0.268222,43.35,159.5,2.8,0.2,15.74745,48.35587,72.50163,6.22359,23.491,8.18891
24/03/2020,8:00:00,0.262515,46.725,166.4,3,2.2,22.81202,48.00355,82.9815,9.73053,23.797,9.24555
24/03/2020,9:00:00,0.265369,46.9,182.7,3,6.7,26.07977,44.04105,84.02948,13.78081,25.142,11.02861
24/03/2020,10:00:00,0.236834,55,184.1,4,10.2,30.0322,42.45852,88.50725,20.49833,26.934,13.40604
24/03/2020,11:00:00,0.196887,50.225,188.9,5,12.1,21.34931,36.09852,68.83368,32.10582,26.156,10.8305
24/03/2020,12:00:00,0.136965,46.575,194.2,5.5,12.7,13.53783,29.73619,50.49391,43.26877,23.585,10.30218
24/03/2020,13:00:00,0.11699,47.625,200.9,6,13.4,9.08746,24.84159,38.77551,53.74021,24.34,6.80208
24/03/2020,14:00:00,0.09987,44.25,201.1,6,13.7,7.34466,21.70229,32.96395,59.2229,22.783,3.36802
24/03/2020,15:00:00,0.077043,39.15,201.1,5.4,13.4,5.13504,19.80276,27.67638,62.08772,21.84,2.11327
24/03/2020,16:00:00,0.102723,40.525,196,4.7,12.6,5.91308,24.32608,33.39267,61.00107,20.778,1.65099
24/03/2020,17:00:00,0.102723,39.375,191.9,4.6,11.9,5.72635,33.18683,41.96711,57.6917,22.028,1.45287
24/03/2020,18:00:00,0.136965,38.575,184.8,4.2,11.5,5.01055,35.23708,42.91982,52.90052,23.514,0.92455
24/03/2020,19:00:00,0.142672,40.3,184.3,3.5,9.8,2.36523,30.86166,34.48829,52.2584,26.745,1.45287
24/03/2020,20:00:00,0.148378,39.75,186.6,3.2,8.7,2.14738,34.53019,37.8228,43.56513,27.076,1.51891
24/03/2020,21:00:00,0.205448,48.025,188.4,3.1,7.8,3.7657,44.86283,50.63682,27.36404,33.892,1.45287
24/03/2020,22:00:00,0.205448,48.25,188,2.8,7,3.33,38.3379,43.44382,32.40219,35.189,1.18871
24/03/2020,23:00:00,0.168353,38.65,180.8,2.7,6,2.98766,31.5269,36.10791,37.93427,27.783,1.45287
24/03/2020,24:00:00,0.159792,37.75,172.1,2.9,5.4,3.36112,30.335,35.48864,36.20549,25.826,0.85852
25/03/2020,1:00:00,0.178815,36.675,193.5,2.7,6.5,2.03445,26.11295,29.23239,41.09545,24.717,1.336844
25/03/2020,2:00:00,0.205448,35.5,186.1,2.4,5.3,1.61925,26.36828,28.8511,37.07811,24.764,0.26413
25/03/2020,3:00:00,0.196887,37.55,184.7,1.8,4.3,1.21444,23.63679,25.4989,39.81122,24.458,0.5943
25/03/2020,4:00:00,0.222568,41.1,159,1.8,3.2,1.89951,43.79573,46.70827,17.23836,25.236,1.12256
25/03/2020,5:00:00,0.233981,39.625,162.6,2.2,2.6,6.25903,44.78472,54.38177,13.38566,25.236,0.9905
25/03/2020,6:00:00,0.288197,42.75,165.5,1.9,2,19.11964,53.94828,83.26464,3.16119,26.274,0.7924
25/03/2020,7:00:00,0.328145,40.6,150.2,2.3,1.9,28.2435,55.59152,98.89762,5.03815,25.543,0.9905
25/03/2020,8:00:00,0.362386,53.9,178.5,1.5,4.9,48.67099,57.96648,132.5943,6.22359,28.632,1.65083
25/03/2020,9:00:00,0.348119,61.675,186.7,1.4,7.7,51.78494,57.67201,137.07448,11.95325,29.717,5.87694
25/03/2020,10:00:00,0.228274,50.975,198.6,1.7,10.4,26.84222,44.96683,86.12433,27.90737,26.769,8.98049
25/03/2020,11:00:00,0.18262,41.95,189.5,1.9,12.4,18.09203,35.69673,63.43746,36.1067,24.127,6.14107
25/03/2020,12:00:00,0.145525,46.65,175.8,2.3,13.7,15.66315,33.41561,57.43211,42.23151,23.231,5.48074
25/03/2020,13:00:00,0.09987,41.2,166.5,2.7,14.3,9.99577,29.47518,44.80181,55.3702,21.462,4.29215
25/03/2020,14:00:00,0.082749,38.6,160.8,2.9,14.5,7.4112,24.23947,35.60314,65.15013,20.684,4.29215
25/03/2020,15:00:00,0.065629,39.175,159.6,3.2,14.2,4.23497,17.81384,24.30737,76.16489,20.943,1.51876
25/03/2020,16:00:00,0.091309,40.675,159.9,3.4,13.3,3.67446,18.72094,24.35503,75.52278,22.123,1.45273
25/03/2020,17:00:00,0.091309,35.625,161.5,3.1,12,2.92711,18.8183,23.30648,78.09124,19.198,0.85843
25/03/2020,18:00:00,0.085602,33.7,152.9,2.2,9.9,2.24204,19.53509,22.97284,73.94218,19.693,1.1886
25/03/2020,19:00:00,0.114137,36.175,141.5,2.2,7.6,1.86837,29.11608,31.98087,61.98894,22.571,1.12256
25/03/2020,20:00:00,0.156939,56.325,145.9,2.1,6,2.39774,32.59392,36.2704,55.12323,40.472,1.12256
25/03/2020,21:00:00,0.176913,56.15,153.8,1.9,4.9,2.14862,40.79238,44.08689,45.29391,38.137,1.84892
25/03/2020,22:00:00,0.196887,63.85,150.1,1.6,3.9,1.89951,40.65008,43.56261,39.9594,47.878,3.10355
25/03/2020,23:00:00,0.205448,56.45,139.6,1.7,3.3,1.80609,31.97594,34.74524,39.9594,38.184,2.77339
25/03/2020,24:00:00,0.251102,54.35,162.5,1.2,3.6,3.64332,38.78651,44.37286,26.1786,37.618,1.65083
26/03/2020,1:00:00,0.216861,46.125,141.8,0.5,2.5,2.61723,33.2466,37.25963,29.43857,32.689,1.516038
26/03/2020,2:00:00,0.208301,44.95,58.5,0.9,1.6,1.74482,27.59015,30.2655,29.10928,31.604,1.23249
26/03/2020,3:00:00,0.202594,41.025,65.5,1.9,0.7,1.55788,23.60084,25.98955,29.58675,30.472,0.72629
26/03/2020,4:00:00,0.194034,40.75,64.9,0.6,1,1.90061,22.07389,24.98811,27.51222,30.283,0.59424
26/03/2020,5:00:00,0.194034,44.3,24.2,0.8,0.1,2.4926,21.4523,25.27424,24.44982,32.241,0.66027
26/03/2020,6:00:00,0.216861,45.25,348.3,1.5,-0.9,5.2033,27.11953,35.09781,18.22623,32.901,0.33013
26/03/2020,7:00:00,0.293903,46.475,9.8,1.4,-0.3,34.67829,38.86374,92.03637,4.00088,33.42,0.46219
26/03/2020,8:00:00,0.276783,49.2,45.3,1,2.6,31.06402,37.87239,85.50322,9.48357,34.67,0.79232
26/03/2020,9:00:00,0.276783,52.05,82.3,1.4,5.6,32.93347,37.24724,87.74452,18.4238,36.085,1.65066
26/03/2020,10:00:00,0.165499,47.975,92.7,1.9,7.9,14.27013,28.3341,50.21466,36.40307,32.995,2.385538
26/03/2020,11:00:00,0.065629,37.45,103.3,2.6,9.3,5.51488,15.43528,23.89131,62.43348,27.264,5.10775
26/03/2020,12:00:00,0.122697,33.05,104,2.9,10.2,3.80121,13.29414,19.12258,76.60944,24.623,4.078652
26/03/2020,13:00:00,0.194034,26.25,104.3,2.8,10.7,4.95404,15.86603,23.46212,79.9682,18.868,6.93277
26/03/2020,14:00:00,0.242541,32.925,105.8,2.8,11.2,7.38433,23.9184,35.24087,71.4725,22.642,13.79952
26/03/2020,15:00:00,0.162646,30.975,98.1,2.6,11.3,5.48372,19.96566,28.37391,76.16489,21.061,7.65907
26/03/2020,16:00:00,0.156939,30.775,90.8,2.7,11,3.42733,16.25179,21.50695,85.00634,21.627,4.09364
26/03/2020,17:00:00,0.176913,35.275,85.9,2.6,10.1,3.36501,18.63632,23.79593,86.38936,24.717,2.64106
26/03/2020,18:00:00,0.17406,39.275,84.3,2.1,8.2,2.4926,18.97257,22.7945,83.7715,27.005,1.38656
26/03/2020,19:00:00,0.176913,40.4,87.7,2.3,6,2.43028,24.64752,28.37391,72.50977,27.712,1.71669
26/03/2020,20:00:00,0.17406,47.4,101.2,2.3,4.6,1.33977,16.78217,18.83646,73.0037,34.033,1.38656
26/03/2020,21:00:00,0.188327,50.15,104.6,2.1,3.3,1.21514,17.64089,19.50408,67.32344,37.311,1.12245
26/03/2020,22:00:00,0.194034,44.775,69.1,2,2.5,1.12167,15.35216,17.07203,72.01583,33.326,1.05642
26/03/2020,23:00:00,0.199741,44.925,52.8,1.7,3.1,1.05935,13.20641,14.83073,74.23854,33.42,0.85834
26/03/2020,24:00:00,0.176913,43.475,38.6,2.2,2.9,1.05935,11.77579,13.40012,73.10249,32.807,0.46219
27/03/2020,1:00:00,0.102723,45.25,352.9,1.8,-0.2,0.99762,13.35679,14.88645,65.39709,34.34,0.61619
27/03/2020,2:00:00,0.097016,45.95,357.3,2.2,-0.9,0.87291,9.34926,10.68771,63.75064,34.835,0.26408
27/03/2020,3:00:00,0.10843,44.675,7.2,2.2,-1.4,0.93527,9.92164,11.35569,62.77923,35.307,0.52816
27/03/2020,4:00:00,0.102723,46.825,21.1,2.2,-1.7,0.99762,8.34693,9.87659,58.48199,38.302,0.72622
27/03/2020,5:00:00,0.097016,52.675,13.4,2.5,-1.6,0.87291,7.10675,8.4452,60.55652,44.269,0.59418
27/03/2020,6:00:00,0.082749,46.575,10,2.5,-1.7,1.24702,7.9168,9.82887,62.63105,40.378,0.46214
27/03/2020,7:00:00,0.09987,43.075,12.3,2.5,-0.5,2.24464,12.44669,15.88842,61.29743,36.958,0.3301
27/03/2020,8:00:00,0.125551,45.225,23.6,2.4,2.4,3.14873,18.74223,23.57021,61.74197,37.052,1.12234
27/03/2020,9:00:00,0.136965,43.15,48.7,2.8,5.1,3.61636,16.1644,21.70941,69.79312,34.623,0.79224
27/03/2020,10:00:00,0.134111,36.375,59.2,3.4,6.9,2.89932,9.86833,14.31389,89.50116,27.995,1.38642
27/03/2020,11:00:00,0.119844,35.125,59.3,3.7,8.1,2.43169,9.82195,13.55049,94.29234,26.462,0.92428
27/03/2020,12:00:00,0.119844,32.15,63.3,4,9.2,2.55639,7.76993,11.68968,96.36687,24.977,1.12234
27/03/2020,13:00:00,0.102723,31.725,60.9,4.1,10,2.21346,7.96176,11.35569,96.56444,24.293,1.51846
27/03/2020,14:00:00,0.105577,27.55,59.4,4.2,10.2,2.30699,8.10463,11.64197,102.44228,19.717,1.3204
27/03/2020,15:00:00,0.094163,22.25,57.7,4.4,9.9,1.90171,6.81754,9.73345,104.07226,16.58,1.51846
27/03/2020,16:00:00,0.062776,21.45,56.6,4.5,9.2,1.71465,7.39063,10.01973,106.59134,14.906,1.45244
27/03/2020,17:00:00,0.059923,22.325,59,4.2,8,2.27581,9.53611,13.02564,102.44228,15.425,1.25438
27/03/2020,18:00:00,0.068483,25.45,60.5,3.3,6.1,1.74583,9.72847,12.40537,102.49167,18.373,1.51846
27/03/2020,19:00:00,0.059923,25.125,54.4,3,4.5,1.15349,6.86738,8.63605,104.71438,18.561,1.51846
27/03/2020,20:00:00,0.105577,30.925,42.1,3.2,3.5,1.30937,10.87483,12.8825,99.13291,24.269,1.58448
27/03/2020,21:00:00,0.105577,31.25,31.7,3.2,2.7,1.15349,9.39617,11.16484,94.48991,24.528,1.45244
27/03/2020,22:00:00,0.105577,37.025,28.7,3.7,2.3,0.99762,8.15608,9.68574,86.98209,30.307,1.05632
27/03/2020,23:00:00,0.10843,41.075,28.1,3.8,2.2,0.99762,7.05868,8.58834,81.54879,34.623,0.92428
27/03/2020,24:00:00,0.088456,40.2,26.5,4,2.1,0.90409,6.96352,8.34977,77.94306,33.939,0.92428
28/03/2020,1:00:00,0.125551,37.2,30.7,4.4,3.6,0.74864,5.79012,6.93803,81.20304,31.344,1.05621
28/03/2020,2:00:00,0.121746,28.925,25,4.7,3.8,0.70705,5.40833,6.49247,77.44913,24.293,0.79216
28/03/2020,3:00:00,0.07419,11.35,24.5,4.9,3.8,0.87342,2.43214,3.77136,75.76974,8.396,1.45229
28/03/2020,4:00:00,0.062776,6.625,29,5.2,3.8,0.967,1.52483,3.00754,78.3876,4.009,0.92419
28/03/2020,5:00:00,0.057069,6.35,31.4,4.8,3.6,1.06058,2.09742,3.72362,78.28882,3.609,1.25425
28/03/2020,6:00:00,0.059923,6.075,31.1,4.8,3.5,1.21655,2.43114,4.29649,77.15276,3.774,0.85817
28/03/2020,7:00:00,0.065629,6,31.8,5.5,4.1,1.55968,4.96029,7.35176,73.0037,3.892,1.25425
28/03/2020,8:00:00,0.054216,6.3,32.5,5.8,5.3,1.52848,4.2443,6.58794,76.9058,3.325,1.18824
28/03/2020,9:00:00,0.059923,6.725,37,6.4,6.8,1.55968,3.38492,5.77639,79.9188,3.585,0.92419
28/03/2020,10:00:00,0.054216,7.275,37.8,6.5,7.9,1.34132,2.43077,4.48744,83.91968,3.585,1.12222
28/03/2020,11:00:00,0.057069,7.3,36.5,6.8,8.6,1.37252,2.19199,4.29649,86.58694,3.585,1.05621
28/03/2020,12:00:00,0.059923,5.425,38.9,6.6,8.7,1.65326,2.14343,4.67839,87.32784,2.5,0.9902
28/03/2020,13:00:00,0.062776,6.8,36.6,6.7,8.4,1.55968,3.2417,5.63317,84.80877,3.208,1.05621
28/03/2020,14:00:00,0.054216,9.025,34.2,7.4,7.9,1.80923,3.09776,5.87186,85.84603,4.67,1.18824
28/03/2020,15:00:00,0.057069,10.325,33.1,7.4,7.4,1.68445,3.62325,6.20603,86.53754,5.377,1.18824
28/03/2020,16:00:00,0.051362,10.35,37.1,7.1,6.7,1.65326,3.95751,6.49247,86.29058,4.835,1.18824
28/03/2020,17:00:00,0.054216,8.175,36.3,5.7,5.7,1.68445,3.28907,5.87186,86.78451,3.726,1.32026
28/03/2020,18:00:00,0.065629,9.5,28.5,5.8,4.6,1.4661,4.14901,6.39699,83.22817,4.528,1.32026
28/03/2020,19:00:00,0.062776,12.825,23,4.8,3.5,1.62206,5.15106,7.63819,81.00546,6.226,1.12222
28/03/2020,20:00:00,0.062776,9.325,25.9,5.6,3.2,1.49729,4.33987,6.63568,81.25243,4.953,1.05621
28/03/2020,21:00:00,0.065629,9.675,23.1,4.8,2.9,1.34132,3.91067,5.96734,81.94394,5.094,1.05621
28/03/2020,22:00:00,0.071336,11.075,25.5,6,2.7,1.4661,4.96056,7.20855,77.30095,5.967,1.25425
28/03/2020,23:00:00,0.065629,12.425,22.9,5.3,2.6,1.21655,3.52913,5.39448,80.01759,6.439,1.12222
28/03/2020,24:00:00,0.057069,13.1,33.4,5.3,2.2,1.15416,2.76549,4.53518,80.90668,6.816,1.25425
29/03/2020,1:00:00,0.051362,11.35,24.9,4.9,1.1,1.29008,2.35255,4.33064,82.91535,5.873,1.67217
29/03/2020,2:00:00,0.051362,10.6,26.1,5.9,1.1,1.16523,3.49927,5.28593,82.98121,5.731,1.76018
29/03/2020,3:00:00,0.054216,7.425,26.5,6.4,1.1,1.12362,2.2416,3.96445,83.17878,4.104,2.04621
29/03/2020,4:00:00,0.059923,9.9,24.2,5.8,1,1.06119,2.33731,3.96445,81.20304,4.835,1.05611
29/03/2020,5:00:00,0.065629,10.6,22.4,5.2,0.8,1.18604,2.3847,4.20327,82.78363,5.354,1.32013
29/03/2020,6:00:00,0.065629,10.55,25.6,5.8,1.3,1.31089,3.48292,5.49291,79.67184,5.212,1.32013
29/03/2020,7:00:00,0.065629,9.975,23.9,5.6,1.7,1.43573,4.05572,6.25714,80.41274,4.976,1.12211
29/03/2020,8:00:00,0.068483,9.675,26.9,5.4,2.5,1.43573,3.1482,5.34962,82.53666,5.094,1.18812
29/03/2020,9:00:00,0.057069,9.525,32.8,6.1,3.3,1.3421,2.76636,4.82421,82.88242,5.189,0.79208
29/03/2020,10:00:00,0.059923,9.225,35.5,6.3,3.9,1.46694,2.57493,4.82421,83.42575,4.646,1.18812
29/03/2020,11:00:00,0.062776,9.075,37,6.6,4.4,1.40452,2.193,4.34657,84.06787,4.363,1.25413
29/03/2020,12:00:00,0.071336,11.1,35.1,6.5,4.9,1.52937,3.24345,5.58844,84.21605,5,1.05611
29/03/2020,13:00:00,0.062776,8.6,32.8,6.3,5.1,1.56058,2.86124,5.25409,85.10513,4.269,0.85809
29/03/2020,14:00:00,0.057069,8.475,33.1,5.9,5.3,1.84148,4.43663,7.2602,82.63545,4.245,1.18812
29/03/2020,15:00:00,0.057069,7.6,29.4,5.7,5.1,1.46694,3.2914,5.54068,84.06787,3.703,1.12211
29/03/2020,16:00:00,0.068483,6.1,25.3,5.3,4.5,1.68542,4.38933,6.97361,81.45001,3.561,1.05611
29/03/2020,17:00:00,0.062776,7.25,21.8,4.7,4.4,1.52937,3.95991,6.30491,82.88242,3.797,1.05611
29/03/2020,18:00:00,0.068483,10.525,16.5,3,3.2,1.71664,4.91465,7.54678,80.80789,5.071,1.05611
29/03/2020,19:00:00,0.071336,11.525,358,2.1,1.7,1.56058,6.58687,8.97972,76.70822,5.684,1.05611
29/03/2020,20:00:00,0.091309,13.775,330,2,0.6,1.87269,12.03109,14.90251,65.79224,6.132,1.45215
29/03/2020,21:00:00,0.097016,12.025,294.1,2.1,0.2,1.84148,12.50883,15.33239,64.26104,6.627,1.38614
29/03/2020,22:00:00,0.131258,11.55,290.6,2.4,0.2,1.84148,12.60435,15.42792,59.2229,7.311,1.38614
29/03/2020,23:00:00,0.10843,8.5,301.1,2.8,0.5,1.59179,10.79005,13.23076,60.55652,5.283,1.71617
29/03/2020,24:00:00,0.091309,7.15,316.1,2.6,0.6,1.49815,8.92751,11.22465,63.27317,4.599,1.71617
30/03/2020,1:00:00,0.082749,5.8,296.6,2.3,-0.7,1.3741,7.51483,9.62176,63.28963,3.75,1.408
30/03/2020,2:00:00,0.068483,5.25,303.4,2.6,-0.7,1.20754,4.71165,6.56319,70.20474,3.066,1.232
30/03/2020,3:00:00,0.065629,4.475,313.9,2.7,-0.5,1.12427,3.62865,5.3525,70.28706,2.807,1.122
30/03/2020,4:00:00,0.07419,4.625,324.1,2.7,-0.4,1.18672,4.63206,6.45168,63.8165,3.137,1.056
30/03/2020,5:00:00,0.088456,5.425,340.3,3.3,0.5,1.78009,7.92779,10.65721,58.18563,3.231,1.188
30/03/2020,6:00:00,0.088456,5.2,344.7,3.1,0.9,3.43525,17.38524,22.65255,47.86237,3.066,1.122
30/03/2020,7:00:00,0.111284,4.95,358.3,3.9,2.6,4.90304,22.58993,30.10782,49.49236,2.807,1.386
30/03/2020,8:00:00,0.111284,5.025,4.4,5.1,4.8,4.62198,18.05071,25.13764,53.14749,2.877,0.726
30/03/2020,9:00:00,0.091309,7.075,14.1,5.4,6.1,3.62263,11.4109,16.96552,68.06435,3.703,1.122
30/03/2020,10:00:00,0.077043,8.375,22.4,5.4,7.1,3.02927,8.16296,12.80777,71.37372,4.717,0.99
30/03/2020,11:00:00,0.085602,10.25,27.7,4.9,6.7,3.02927,6.72925,11.37407,75.47338,5.236,1.056
30/03/2020,12:00:00,0.094163,8.025,29.4,5.4,8.9,1.99869,4.6296,7.69422,83.37636,4.198,1.32
30/03/2020,13:00:00,0.079897,9.675,31.1,6,8.5,2.49837,5.15378,8.98456,85.3521,4.882,1.188
30/03/2020,14:00:00,0.062776,8.8,30,6.2,8.3,1.87378,5.25125,8.12433,86.48815,4.481,1.188
30/03/2020,15:00:00,0.07419,8.425,31.7,5.6,8.1,2.68574,6.73029,10.84838,84.11726,3.844,1.056
30/03/2020,16:00:00,0.07419,6.85,32.3,4.6,7.5,2.43591,6.44431,10.17931,83.47514,3.467,1.32
30/03/2020,17:00:00,0.071336,6.45,28.4,3.9,6.7,2.15484,5.48935,8.7934,84.85816,3.113,1.122
30/03/2020,18:00:00,0.062776,6.825,25,3.4,5.9,1.59271,4.82199,7.26411,86.19179,3.609,1.518
30/03/2020,19:00:00,0.077043,7.4,24.7,3.3,4.7,1.6864,5.72972,8.3155,84.01847,4.175,1.386
30/03/2020,20:00:00,0.088456,10.05,23,3.6,4.1,1.56148,9.36215,11.75639,76.75762,5.354,1.32
30/03/2020,21:00:00,0.085602,14.575,22.2,3.4,3.6,1.1555,6.8305,8.60224,79.32608,8.491,0.99
30/03/2020,22:00:00,0.09987,13.95,15.8,3.1,3.1,1.28041,6.16106,8.12433,75.76974,8.09,1.188
30/03/2020,23:00:00,0.10843,13.225,7.9,2.7,2.6,0.87443,5.20649,6.54726,73.69521,8.255,1.254
30/03/2020,24:00:00,0.094163,7.15,358,2.5,2,0.78074,3.72527,4.92239,75.57217,4.764,0.924
31/03/2020,1:00:00,0.114137,6.475,351.8,2.6,1.5,0.74994,2.86664,4.01654,74.8148,4.033,0.96791
31/03/2020,2:00:00,0.110332,5.025,1.5,2.8,1.7,0.70828,4.07811,5.16412,72.11462,2.925,1.0559
31/03/2020,3:00:00,0.091309,4.375,17.5,2.9,1.6,0.68745,2.96247,4.01654,74.88066,2.453,1.71583
31/03/2020,4:00:00,0.088456,5.8,21.7,3.2,2.2,0.6562,2.62785,3.63401,80.65971,2.712,1.31987
31/03/2020,5:00:00,0.082749,3.675,17.4,3.4,2.2,0.81244,4.34874,5.59446,77.10337,2.075,1.51785
31/03/2020,6:00:00,0.102723,3.4,17.8,3.3,2.2,2.31232,14.05075,17.59626,61.39621,1.981,1.51785
31/03/2020,7:00:00,0.131258,5,22.2,3.2,2.2,5.78081,29.53242,38.3962,44.20725,2.618,1.45186
31/03/2020,8:00:00,0.119844,4.825,30.9,2.7,2.5,6.09328,19.01195,28.35485,57.04958,2.759,1.64984
31/03/2020,9:00:00,0.0770112,4.85,33.3,2.2,3.1,2.02912,6.393598,9.504866,71.4725,2.382,1.67183
31/03/2020,10:00:00,0.0829818,5.275,0.7,1.8,3.5,1.79153,10.64149,13.38846,77.49852,2.335,0.872714
31/03/2020,11:00:00,0.09987,6.975,357.6,2.1,4.8,3.281,15.29098,20.32177,70.08948,2.594,1.91381
31/03/2020,12:00:00,0.082749,7.3,32,2.4,7.5,1.43739,9.9891,12.19306,75.3252,2.948,1.51785
31/03/2020,13:00:00,0.091309,7.5,37,2.4,8.6,2.5623,13.23711,17.16592,71.12675,3.09,1.31987
31/03/2020,14:00:00,0.071336,6.225,27.8,2.1,9.3,2.0311,9.84382,12.95812,74.68309,2.901,1.78182
31/03/2020,15:00:00,0.07419,5.725,34.4,1.5,9.7,2.84353,11.03671,15.39673,74.09036,2.854,1.64984
31/03/2020,16:00:00,0.10843,5.35,35.7,0.7,9.6,2.78104,13.52333,17.78753,73.39885,3.208,1.64984
31/03/2020,17:00:00,0.136965,7.2,298.3,0.5,9,2.12484,15.39018,18.64821,70.58342,3.632,1.64984
31/03/2020,18:00:00,0.136965,8.525,261.4,1.3,8,1.28115,21.41759,23.38199,62.38409,4.292,1.38586
31/03/2020,19:00:00,0.148378,10.575,238.9,1.3,7.2,2.12484,28.0614,31.31944,53.59203,5.849,2.0458
31/03/2020,20:00:00,0.165499,12.05,309.8,2.8,6.3,1.65612,26.67618,29.21554,53.49324,7.311,1.78182
31/03/2020,21:00:00,0.185473,15.25,320.4,2.8,5,1.3124,27.49011,29.50243,50.03569,10.778,2.11179
31/03/2020,22:00:00,0.216861,19.075,309.3,2.3,3.7,1.2499,35.5712,37.48769,36.74882,13.821,1.78182
31/03/2020,23:00:00,0.248248,23.95,302.8,2.4,2.7,1.18741,28.82935,30.65001,39.2185,17.311,1.78182
31/03/2020,24:00:00,0.188327,14.5,299.1,3,2.7,0.71869,16.87681,17.97879,50.43084,11.038,1.84782
1/4/2020,1:00:00,0.162618,10.35,248.4,1.5,2.8,0.54189,8.9283,9.75918,57.8753,7.311,1.14403
1/4/2020,2:00:00,0.159765,8.775,257.1,2.3,1.8,0.41684,8.4184,9.05754,60.13709,6.557,0.61601
1/4/2020,3:00:00,0.159765,8.575,278.1,2.3,1.3,0.43768,7.93995,8.61104,60.41982,6.25,0.92402
1/4/2020,4:00:00,0.148354,8.05,290,2.4,1.2,0.46894,8.1312,8.85024,62.11616,5.731,1.05602
1/4/2020,5:00:00,0.156912,9.15,293,2.5,0.7,1.87576,16.45088,19.327,52.28734,6.604,0.85802
1/4/2020,6:00:00,0.176883,11.5,292.3,2.8,0.9,1.5944,15.20793,17.65264,51.43917,8.137,1.18803
1/4/2020,7:00:00,0.194001,13.15,296.2,2.9,2.2,3.97036,22.80702,28.89483,45.35228,9.292,0.92402
1/4/2020,8:00:00,0.216824,11.3,311.2,3.2,4.8,3.87658,22.08973,28.03372,49.34368,7.193,0.59401
1/4/2020,9:00:00,0.248206,8.425,331,3.8,7.1,5.15835,23.04256,30.95191,53.93379,5.519,1.38603
1/4/2020,10:00:00,0.131236,8,338.2,3.7,8.2,3.00122,12.33324,16.93505,66.95574,4.292,1.32003
1/4/2020,11:00:00,0.085588,5.625,331,3.9,9.2,2.46975,8.3164,12.1033,77.33338,2.83,1.18803
1/4/2020,12:00:00,0.079883,4.225,321.2,4.4,9.7,2.5948,9.0336,13.01224,85.21639,1.675,1.05602
1/4/2020,13:00:00,0.211118,4.8,309.7,4.7,9.9,4.50183,16.5863,23.48901,77.48305,2.075,0.66002
1/4/2020,14:00:00,0.094148,4.8,306.4,4.6,9.5,2.18839,8.50862,11.8641,82.92134,2.123,0.99002
1/4/2020,15:00:00,0.145501,5.125,311,5,9,2.90743,13.48167,17.93967,80.32693,2.311,0.79202
1/4/2020,16:00:00,0.168325,6.4,304.5,4.7,8.2,3.06374,13.05064,17.74831,79.02972,2.925,1.05602
1/4/2020,17:00:00,0.17403,6.2,295.2,4.1,7.7,2.00081,11.14035,14.20822,78.5308,3.184,1.05602
1/4/2020,18:00:00,0.196853,9.95,291.2,4,6.6,2.28218,13.77063,17.26992,75.63703,5.142,1.18803
1/4/2020,19:00:00,0.211118,10.725,290.6,3.9,5.3,1.96955,15.39813,18.41806,74.38972,5.873,1.05602
1/4/2020,20:00:00,0.248206,11.025,294.1,3.8,4.8,1.71945,21.7615,24.39795,68.70197,6.179,0.99002
1/4/2020,21:00:00,0.233942,11.575,284.7,3.4,4.5,1.65692,20.99627,23.53685,69.15101,6.745,1.05602
1/4/2020,22:00:00,0.225383,11.825,286,3.4,4.2,1.68819,14.82492,17.41344,71.29638,6.958,1.25403
1/4/2020,23:00:00,0.211118,12,295.8,4.1,5.2,1.40682,16.3088,18.4659,72.44391,7.005,0.92402
1/4/2020,24:00:00,0.159765,8.1,296.6,4.1,5.1,0.5002,10.37955,11.14652,76.38542,4.976,0.39601
2/4/2020,1:00:00,0.105542,7.475,275.7,2.9,4.3,1.04259,13.39824,14.99686,76.23574,4.929,0.79211
2/4/2020,2:00:00,0.096984,5.625,280,3.2,4.4,0.37533,8.93314,9.50864,73.70785,4.198,0.88013
2/4/2020,3:00:00,0.102689,6.05,281,3.2,4.2,0.46917,10.04964,10.76902,72.64348,4.34,0.85812
2/4/2020,4:00:00,0.096984,5.875,273.3,2.4,3.3,0.50045,10.8632,11.63054,73.94069,4.269,0.92413
2/4/2020,5:00:00,0.096984,4.425,283.4,3.3,3.7,2.40839,26.02968,29.72249,63.96219,2.736,1.18817
2/4/2020,6:00:00,0.096984,7.875,290.9,4.8,4.9,6.75601,37.79041,48.14948,53.43487,3.561,0.92413
2/4/2020,7:00:00,0.231051,6.725,292.5,6.2,6.6,7.10006,30.94504,41.83165,59.52175,3.797,0.99014
2/4/2020,8:00:00,0.18541,6.05,289.5,6.2,7.6,3.31545,23.25087,28.33448,68.00348,3.538,0.92413
2/4/2020,9:00:00,0.256722,9.8,286.5,5.4,6.8,4.94189,20.85275,28.43021,71.09681,4.104,0.92413
2/4/2020,10:00:00,0.21964,5.825,281.1,5,7.6,4.41017,22.19453,28.95669,69.15101,2.335,1.12216
2/4/2020,11:00:00,0.188263,5.95,290.6,6.8,9.8,4.75423,21.42767,28.71738,69.99918,2.642,0.92413
2/4/2020,12:00:00,0.154033,6.525,294.3,7.2,10.3,3.59695,16.98004,22.49528,71.39617,3.255,1.05615
2/4/2020,13:00:00,0.151181,11.9,297.2,9,10.4,4.41017,13.19641,19.95858,80.42671,4.269,1.25418
2/4/2020,14:00:00,0.102689,14.675,298,9.7,10.7,3.03395,10.80754,15.45952,82.97123,4.387,0.99014
2/4/2020,15:00:00,0.071312,13.1,294.1,7.9,10.4,2.5335,7.55444,11.43909,85.91489,4.976,0.7261
2/4/2020,16:00:00,0.054197,10.65,291.6,7.1,9.5,2.22072,5.64091,9.04598,84.96693,5.047,0.79211
2/4/2020,17:00:00,0.062754,6.75,293.5,6.6,8.5,2.09561,6.83786,10.05108,84.11876,4.057,0.79211
2/4/2020,18:00:00,0.074164,8.225,290.4,5.6,6.9,1.56389,7.89246,10.2904,81.77381,4.575,1.25418
2/4/2020,19:00:00,0.099837,14.1,293.5,4.8,5.7,1.34495,11.57854,13.64076,76.93424,7.005,0.85812
2/4/2020,20:00:00,0.091279,15.475,298.3,4.4,5,0.90706,11.00554,12.39634,76.98413,8.538,1.3862
2/4/2020,21:00:00,0.088427,16.125,296.2,4,4.4,0.71939,7.41644,8.51949,80.17725,8.632,0.7261
2/4/2020,22:00:00,0.079869,17.2,294.5,3.7,3.8,0.75067,9.04366,10.19467,81.47445,9.41,0.92413
2/4/2020,23:00:00,0.06846,16.625,292.2,3.5,3.3,0.43789,5.45496,6.12637,81.32478,9.151,1.12216
2/4/2020,24:00:00,0.06846,13.725,296.6,3.2,2.8,0.25022,4.40256,4.78623,80.12736,7.83,0.52807
3/4/2020,1:00:00,0.064646,12.8,280.8,2.4,1.5,0.25034,5.55395,5.9378,79.36234,7.241,1.49639
3/4/2020,2:00:00,0.068448,12.5,292.2,3.1,1.6,0.1669,4.91573,5.17163,79.828,6.557,1.23232
3/4/2020,3:00:00,0.079856,10.075,293.1,2.4,1,0.40681,5.64924,6.273,80.72607,5.637,0.99026
3/4/2020,4:00:00,0.082708,10.65,290.1,2.4,0.4,0.37552,5.79299,6.36877,81.57424,5.448,1.25433
3/4/2020,5:00:00,0.074151,12.125,298.5,2.4,0.4,0.68844,8.32996,9.38556,80.02757,5.802,0.85823
3/4/2020,6:00:00,0.068448,9.575,286.3,2.3,-0.1,1.53335,13.92996,16.28107,74.73897,5.094,0.92424
3/4/2020,7:00:00,0.185379,8.175,287.1,2.4,1,3.72386,27.23538,32.94522,62.36563,4.387,1.25433
3/4/2020,8:00:00,0.17112,8.55,297.3,3.1,4.2,3.69256,27.13971,32.80156,61.71702,4.292,1.32035
3/4/2020,9:00:00,0.159712,14.675,293.6,4.3,6.6,3.37963,22.11269,27.29473,61.11831,7.524,1.18831
3/4/2020,10:00:00,0.119783,11.775,287.1,5.4,8.3,3.44222,15.64796,20.92596,73.8409,6.604,1.1223
3/4/2020,11:00:00,0.168268,10.875,285.9,5.7,9.2,4.31842,17.41703,24.03852,75.53725,5.59,1.1223
3/4/2020,12:00:00,0.202492,10.15,277.6,5.6,9.6,4.91299,18.37291,25.90605,73.14241,5.212,1.05628
3/4/2020,13:00:00,0.09982,8.95,275,5.5,9.8,3.84903,15.45517,21.35693,78.08176,4.906,1.05628
3/4/2020,14:00:00,0.191084,9.9,280.8,5.4,9.2,5.06945,18.75551,26.52856,75.98628,5.142,1.1223
3/4/2020,15:00:00,0.222455,8.95,284.6,5.6,9.3,4.8504,15.54786,22.98503,79.22929,4.222,0.85823
3/4/2020,16:00:00,0.17112,8.1,286.9,5.6,9.3,4.60006,16.69788,23.7512,78.68047,4.316,0.99026
3/4/2020,17:00:00,0.154007,9,287.9,4.8,8.4,3.75515,15.83854,21.59636,77.08391,4.953,0.92424
3/4/2020,18:00:00,0.32798,7.8,291.1,3.4,7.1,4.22454,20.57776,27.0553,72.79316,4.387,1.25433
3/4/2020,19:00:00,0.162563,8.975,283.7,2,5.2,2.37826,15.31604,18.96265,72.44391,5.778,1.18831
3/4/2020,20:00:00,0.154007,9.575,210.9,0.1,3.3,2.03404,15.93961,19.05842,71.1966,6.392,1.05628
3/4/2020,21:00:00,0.11408,11.45,132.5,1.7,2.9,0.8762,14.98546,16.32895,67.25509,7.193,1.1223
3/4/2020,22:00:00,0.131191,10.875,137.4,1.7,2.3,1.09525,20.8747,22.55407,57.82541,7.288,1.38636
3/4/2020,23:00:00,0.108375,11.225,162,1,3,0.68844,18.81688,19.87248,60.41982,7.311,1.25433
3/4/2020,24:00:00,0.12834,11.075,186.4,1.4,2.9,0.4381,15.13047,15.80221,59.57165,7.618,1.18831
4/4/2020,1:00:00,0.153982,9.85,218.5,2.5,3,0.58442,17.18145,18.07754,52.48691,6.816,0.96837
4/4/2020,2:00:00,0.159685,7.95,231.5,1.8,2.7,0.3757,10.73039,11.30645,58.54053,4.929,0.5282
4/4/2020,3:00:00,0.159685,7.175,222.4,1.8,2.1,0.407,9.1493,9.77337,58.32433,5.165,0.7923
4/4/2020,4:00:00,0.131169,5.25,223.8,1.9,1.9,0.3757,9.1494,9.72546,56.87745,3.915,1.12243
4/4/2020,5:00:00,0.134022,3.75,194.5,1.9,1.6,0.46962,9.91565,10.63572,57.57595,2.807,0.19808
4/4/2020,6:00:00,0.162536,4.275,177.4,2.2,1.5,1.9724,17.4806,20.50491,48.79487,2.83,0.66025
4/4/2020,7:00:00,0.171091,6.025,201.5,2,2.1,4.16397,27.82213,34.20679,37.96819,3.585,0.85833
4/4/2020,8:00:00,0.122615,6.45,220.5,2.4,4.4,5.44759,23.88968,32.24254,41.36088,3.939,0.92435
4/4/2020,9:00:00,0.099803,5.475,232.2,2.9,7.4,2.88034,12.63903,17.05549,55.68003,3.939,0.59423
4/4/2020,10:00:00,0.0941,3.675,238.3,3.8,9.4,1.90979,9.04887,11.97717,68.95144,1.934,0.33013
4/4/2020,11:00:00,0.079842,3.775,232.2,4.2,10.4,1.65932,8.47473,11.019,72.34413,1.958,0.66025
4/4/2020,12:00:00,0.062733,5.4,231,4.6,11,1.62802,7.18129,9.67755,80.27703,3.208,0.33013
4/4/2020,13:00:00,0.071287,5.575,225.1,4.7,11.2,1.12709,5.69767,7.42584,85.36607,3.325,0.7923
4/4/2020,14:00:00,0.076991,6.575,223.5,4.9,11,1.25232,5.74519,7.66539,87.1622,3.538,0.85833
4/4/2020,15:00:00,0.062733,9.1,216.3,4.8,11,1.12709,6.03303,7.7612,84.468,5.731,0.7923
4/4/2020,16:00:00,0.065585,11.325,211.3,4.7,10.8,1.75325,10.24706,12.93534,75.43746,7.547,0.72628
4/4/2020,17:00:00,0.057031,14.175,201.5,3.9,10.6,1.50278,12.30791,14.61215,74.98843,9.976,0.5282
4/4/2020,18:00:00,0.065585,14.1,186.3,3.3,9.4,0.97055,11.4951,12.98325,76.93424,9.693,0.72628
4/4/2020,19:00:00,0.111209,16.75,173.2,3.4,8.1,1.09578,20.54945,22.22962,64.01208,11.934,1.18846
4/4/2020,20:00:00,0.159685,23.95,178,3.2,7.4,1.12709,26.39421,28.12239,53.03573,16.981,1.38653
4/4/2020,21:00:00,0.1882,29.65,168.9,3.1,6.7,1.25232,28.16645,30.08665,50.04218,20.448,2.57499
4/4/2020,22:00:00,0.225269,37.65,173.2,3.4,6.4,1.03317,29.26902,30.85318,43.85551,29.34,1.58461
4/4/2020,23:00:00,0.279449,50.375,171.7,2.8,5.5,1.22101,34.87376,36.74595,37.02024,36.061,2.04679
4/4/2020,24:00:00,0.236676,38.675,181.3,2.7,4.6,1.25232,31.90333,33.82352,39.56475,23.868,4.09357
5/4/2020,1:00:00,0.250891,22.225,167.1,2.7,4.4,0.96058,30.80125,32.27412,39.0492,16.109,2.02478
5/4/2020,2:00:00,0.24804,20.7,167.1,2.7,3.7,0.79352,26.20031,27.41702,43.37321,14.953,1.84871
5/4/2020,3:00:00,0.21953,17.025,120.3,2.4,2.7,1.03366,30.14596,31.73089,38.6168,12.429,3.96152
5/4/2020,4:00:00,0.210976,16.525,137.8,2.3,2.1,1.19028,31.10412,32.92918,34.72518,12.524,3.36729
5/4/2020,5:00:00,0.233784,19.725,134,2.1,2.4,0.97102,22.95637,24.44525,43.70583,15.802,1.78268
5/4/2020,6:00:00,0.256593,22.4,109.6,2.1,2.3,2.00468,33.88166,36.95546,34.72518,17.995,1.71666
5/4/2020,7:00:00,0.259444,26.975,133.8,2.7,4,6.89108,38.51604,49.08222,29.2869,21.227,0.99038
5/4/2020,8:00:00,0.213827,27.85,165.9,4.4,7.7,3.13231,15.99962,20.80243,50.29164,22.264,1.78268
5/4/2020,9:00:00,0.173913,27.375,160,5.4,9.2,5.38758,16.7596,25.02043,51.13981,21.321,2.37691
5/4/2020,10:00:00,0.139701,23.375,158.3,5.8,11,3.35157,11.49335,16.63236,61.46756,17.972,2.31089
5/4/2020,11:00:00,0.096935,20.7,161.5,6.1,12.9,2.63114,10.92038,14.95474,72.39402,12.877,2.77306
5/4/2020,12:00:00,0.099786,18.35,163.4,6.4,14.1,2.19262,11.35311,14.71508,77.38327,10.755,3.16921
5/4/2020,13:00:00,0.071276,18.8,165.5,6.5,14.9,1.66013,8.62263,11.16812,85.91489,9.34,1.98076
5/4/2020,14:00:00,0.071276,20.25,167.6,6.6,15,2.25526,12.55122,16.00924,86.86284,9.528,4.29165
5/4/2020,15:00:00,0.05417,18.225,168.7,6.3,14.8,1.40954,9.62997,11.79124,95.69382,9.953,2.31089
5/4/2020,16:00:00,0.099786,16.575,172.4,5.9,14.6,1.25292,12.36257,14.28369,93.99747,9.292,2.17884
5/4/2020,17:00:00,0.099786,13.575,174.1,6.1,13.9,1.03366,12.21945,13.80437,92.05166,6.91,2.50896
5/4/2020,18:00:00,0.122595,12.8,174.4,6.1,12.6,1.12763,16.77268,18.5017,82.97123,6.321,3.16921
5/4/2020,19:00:00,0.133998,12.65,175.7,6.3,11.6,0.65779,15.71963,16.72822,80.57639,6.722,2.04679
5/4/2020,20:00:00,0.148254,13.725,177.2,6.6,10.9,0.62646,15.57593,16.53649,78.08176,7.5,2.44294
5/4/2020,21:00:00,0.171062,15.25,179.6,6.9,10.6,0.46985,12.84429,13.56471,79.32908,9.693,1.98076
5/4/2020,22:00:00,0.148254,14.725,187,6.9,11.1,0.65779,13.4189,14.42749,81.52435,9.245,2.31089
5/4/2020,23:00:00,0.153956,16.35,189.7,5.9,11,0.46985,15.62434,16.34476,75.58714,9.245,3.30126
5/4/2020,24:00:00,0.131147,14.475,183.4,5.7,11.4,0.28191,10.16069,10.59294,78.13166,8.821,1.51858
6/4/2020,1:00:00,0.076015,12.875,186.8,5.4,11.7,0.25071,6.45718,6.84159,82.35589,7.759,1.67304
6/4/2020,2:00:00,0.079815,12.4,200.7,5.2,11.3,0.12535,4.21966,4.41186,80.42671,7.359,1.32083
6/4/2020,3:00:00,0.068413,8.85,202.5,4.7,11.1,0.21937,3.88369,4.22004,76.58499,6.085,1.65103
6/4/2020,4:00:00,0.076965,6.9,217,4.5,11.1,0.37606,7.38392,7.96054,67.00563,5,1.32083
6/4/2020,5:00:00,0.076965,3.55,232,4.7,11.5,0.62677,11.1716,12.13263,73.34198,2.335,1.32083
6/4/2020,6:00:00,0.09977,4,253.8,3.9,9.9,0.59543,7.47916,8.39213,84.81725,2.311,1.18874
6/4/2020,7:00:00,0.265101,6.95,248.1,4.7,9.6,3.38453,17.78093,22.97046,67.60434,4.033,1.1227
6/4/2020,8:00:00,0.247998,10.3,251.6,5.4,10.9,4.04263,17.58709,23.7857,66.90584,5.425,2.17936
6/4/2020,9:00:00,0.196688,11.35,253.7,6,11.7,3.97995,10.01039,16.11289,79.62843,5.495,1.9152
6/4/2020,10:00:00,0.196688,12.425,256.8,6.2,12.5,3.88594,9.72294,15.6813,82.27273,6.344,1.84916
6/4/2020,11:00:00,0.213791,10.475,266,6.2,13.1,3.8546,11.2576,17.1679,81.37467,4.906,1.38687
6/4/2020,12:00:00,0.228045,8.075,272.1,6,13.4,3.79192,10.15483,15.96903,77.53295,3.609,1.58499
6/4/2020,13:00:00,0.219492,9.825,271.3,6.3,13.2,4.54404,11.01571,17.98314,72.99273,4.811,1.18874
6/4/2020,14:00:00,0.247998,10.625,275.3,5.9,12.9,4.38735,12.98235,19.70952,73.24219,4.929,1.32083
6/4/2020,15:00:00,0.20809,9.375,275.5,5.4,12.4,4.98278,15.71396,23.3541,72.74327,4.505,0.92458
6/4/2020,16:00:00,0.145378,7.8,275.3,5.1,11.7,4.88876,13.46036,20.95635,74.63918,3.821,1.05666
6/4/2020,17:00:00,0.108321,7.725,284.1,4.3,10.7,2.97713,9.58187,14.14674,73.74112,4.104,1.32083
6/4/2020,18:00:00,0.185286,7.575,281.6,2.8,9.3,3.54122,17.15703,22.58682,66.5067,4.151,0.85854
6/4/2020,19:00:00,0.179585,8.825,258.3,1.4,7,2.56973,16.96819,20.9084,62.76477,4.717,1.18874
6/4/2020,20:00:00,0.094069,14.275,207.8,1.8,5.6,0.94015,15.34273,16.78426,57.47616,8.09,1.25479
6/4/2020,21:00:00,0.142527,18.95,206.1,2.4,4.6,1.81762,26.36969,29.15666,43.55615,11.486,1.38687
6/4/2020,22:00:00,0.213791,20.525,207.9,2.3,3.9,3.8546,35.81058,41.72088,31.33249,12.453,1.18874
6/4/2020,23:00:00,0.285056,26.75,218.6,2,3.1,7.17645,48.02892,59.03265,10.77678,18.113,1.05666
6/4/2020,24:00:00,0.2594,24.65,238.7,2.1,2.5,2.31903,36.48667,40.04246,19.80732,16.392,1.78311
7/4/2020,1:00:00,0.290708,21.575,248.3,1.3,3.6,7.27397,37.91247,49.06573,13.1051,14.693,1.05679
7/4/2020,2:00:00,0.307807,20.05,253.9,1.7,2.7,3.7624,35.3644,41.13333,7.25104,14.552,0.79259
7/4/2020,3:00:00,0.316359,20.825,270.7,1.4,2.1,3.32345,31.79937,36.89525,6.58581,15,0.85864
7/4/2020,4:00:00,0.324908,19.45,286.9,1.3,1.6,4.13864,27.95861,34.30443,10.32775,13.373,1.12284
7/4/2020,5:00:00,0.282157,20.55,278.9,0.4,0.6,16.49184,34.73362,60.02076,6.88517,12.571,0.99074
7/4/2020,6:00:00,0.330608,19.9,152.3,0.5,0.3,16.49184,34.30181,59.58895,3.44258,12.783,0.92469
7/4/2020,7:00:00,0.356259,25.3,136.7,0.8,2.6,48.47222,43.4635,117.78654,4.93936,13.467,1.65123
7/4/2020,8:00:00,0.427511,31.625,158.8,1,6.6,63.30234,43.46598,140.52822,6.53592,15.189,2.50987
7/4/2020,9:00:00,0.310657,39.325,169,2.8,9.7,46.3402,48.26786,119.32184,18.16087,16.675,7.26541
7/4/2020,10:00:00,0.153904,22.225,173.7,4.5,11.8,20.16018,31.17198,62.08382,33.72733,10,10.43577
7/4/2020,11:00:00,0.096902,15.325,174.9,4.9,12.9,5.54954,15.04814,23.55731,61.71702,6.722,3.03826
7/4/2020,12:00:00,0.108303,14.25,175.9,4.8,13.8,4.13864,12.46164,18.80746,71.09681,6.887,2.24567
7/4/2020,13:00:00,0.091202,13.3,177.6,4.5,14.4,3.66834,11.88735,17.51205,79.47875,6.321,1.71728
7/4/2020,14:00:00,0.082652,12.725,181.2,4.1,14.9,3.07263,10.97759,15.68888,84.61768,5.967,1.18889
7/4/2020,15:00:00,0.068401,14.4,186.4,3.9,15.1,2.44556,9.87601,13.62582,90.70457,6.179,0.79259
7/4/2020,16:00:00,0.091202,14.975,189.9,3.7,14.8,3.10398,14.86373,19.62309,86.61338,7.335,1.18889
7/4/2020,17:00:00,0.071251,14.875,192.9,3.2,14.1,1.97526,12.46828,15.49697,90.90414,7.547,1.12284
7/4/2020,18:00:00,0.165305,14.15,193,2.3,12.6,1.97526,12.99604,16.02473,93.49855,6.816,1.32099
7/4/2020,19:00:00,0.125403,14.525,177.8,2.5,10.1,1.00331,18.18067,19.71905,85.71532,7.099,1.84938
7/4/2020,20:00:00,0.131103,15.975,176.4,2.4,8.8,1.37955,40.82524,42.94051,59.2224,8.844,1.98148
7/4/2020,21:00:00,0.205205,27.625,186,2.3,7.6,1.56767,32.90825,35.31197,59.42197,16.392,2.57592
7/4/2020,22:00:00,0.276457,31.6,200.9,1.9,6.6,2.32015,40.96628,44.52379,45.45207,21.84,2.24567
7/4/2020,23:00:00,0.279307,39.575,212.3,1.9,6.9,1.56767,36.74651,39.15023,45.60175,29.788,1.25493
7/4/2020,24:00:00,0.302108,48.375,214.7,1.7,6.7,2.32015,45.90804,49.46555,27.98969,28.16,1.78333
8/4/2020,1:00:00,0.313455,45.525,265.6,1.4,6.3,6.69193,64.36537,74.62619,5.32187,26.769,2.90651
8/4/2020,2:00:00,0.239365,25.55,269.2,1.7,5.2,2.17488,32.12228,35.45704,30.99987,17.995,0.79269
8/4/2020,3:00:00,0.225118,21.6,287.7,1.6,4.6,1.34884,24.52458,26.59278,32.13077,15.967,1.05692
8/4/2020,4:00:00,0.227968,18.2,326,1.8,4,1.788,25.19526,27.93682,27.19141,13.703,0.99086
8/4/2020,5:00:00,0.193772,16.65,332.7,1.9,3.5,1.47432,20.39608,22.65667,33.57765,11.368,0.85874
8/4/2020,6:00:00,0.199472,17.275,330.6,1.7,3.2,6.27368,35.54981,45.16932,21.40388,10.495,0.4624
8/4/2020,7:00:00,0.293508,21.15,323,1.6,5.1,26.03578,53.00975,92.93072,8.48173,10.943,0.99086
8/4/2020,8:00:00,0.373296,21.125,289.3,0.8,7.2,27.07094,41.34223,82.85043,15.21721,12.335,1.65143
8/4/2020,9:00:00,0.233667,29.575,101.9,0.5,9.7,23.65178,45.24082,81.50639,28.88776,11.698,8.25715
8/4/2020,10:00:00,0.307756,74.05,160,1.4,13.1,30.01957,59.28572,105.31509,30.48432,20.33,15.45738
8/4/2020,11:00:00,0.168126,23.15,182.7,1.4,15.3,11.26126,32.41443,49.68146,62.46541,11.203,3.03863
8/4/2020,12:00:00,0.088337,15.4,188.2,1.8,16.3,2.44674,11.51284,15.26445,92.20134,7.665,1.05692
8/4/2020,13:00:00,0.116833,15.8,196.1,2.2,16.8,3.04274,12.13503,16.80049,93.94758,8.09,1.45326
8/4/2020,14:00:00,0.06839,13.05,205.7,2.2,17.1,2.76042,12.2319,16.46448,102.12995,7.335,0.66057
8/4/2020,15:00:00,0.159577,13.725,213.6,2.1,17.3,2.88589,12.03951,16.46448,101.48135,7.948,1.58537
8/4/2020,16:00:00,0.056992,19.7,226.3,2.1,17.3,2.03895,12.23411,15.36045,100.88264,12.429,2.44412
8/4/2020,17:00:00,0.142479,15.25,233.8,1.8,16.8,1.94484,14.10645,17.0885,99.48565,9.741,1.58537
8/4/2020,18:00:00,0.082638,11.725,243.7,1.5,15.4,0.97242,11.46936,12.96038,101.53124,6.981,1.05692
8/4/2020,19:00:00,0.111135,11.1,262.3,1.7,12.7,0.90969,10.98953,12.38436,91.20349,6.863,0.99086
8/4/2020,20:00:00,0.111135,8.975,304.8,2.4,10.8,1.0979,10.41294,12.09635,79.42886,5.825,1.05692
8/4/2020,21:00:00,0.105435,8.9,322.9,2.4,9.8,0.75284,13.34208,14.49643,70.84735,5.849,0.66057
8/4/2020,22:00:00,0.111135,6.95,320.1,2.3,8.7,0.62737,11.75842,12.72037,70.64778,5.165,0.9248
8/4/2020,23:00:00,0.091187,6.05,331,2.5,8,0.43916,8.06289,8.73626,73.59144,4.198,1.12297
8/4/2020,24:00:00,0.094037,6.2,354.3,2.5,7.5,0.37642,6.14303,6.7202,72.74327,4.363,1.05692
9/4/2020,1:00:00,0.09877,6.325,335,2.4,6.4,0.3766,4.9934,5.57085,70.91387,4.458,0.70469
9/4/2020,2:00:00,0.113965,7.525,324,2,5.3,1.33903,17.60491,19.65807,46.96547,4.882,0.88087
9/4/2020,3:00:00,0.108266,6.825,359.9,2.5,4.8,0.69044,10.99552,12.05417,56.72777,4.693,0.46246
9/4/2020,4:00:00,0.09687,6.725,21.3,2.6,5,0.40799,4.46504,5.09061,62.16606,4.835,0.92491
9/4/2020,5:00:00,0.119662,9.575,16.6,2.7,4.6,0.78459,7.20129,8.4043,57.47616,6.533,0.72672
9/4/2020,6:00:00,0.162399,11,19.7,3.2,5,1.47503,8.88003,11.14171,56.77767,9.057,0.59459
9/4/2020,7:00:00,0.153853,9.25,21.9,3.4,5.4,2.69898,12.8143,16.95268,55.77982,7.335,0.66065
9/4/2020,8:00:00,0.136757,9.55,20.6,2.8,5.7,2.8559,13.19802,17.577,55.43057,7.759,0.66065
9/4/2020,9:00:00,0.116813,8.85,31.6,2.7,6.4,1.82024,8.87897,11.66998,61.61724,6.675,0.33033
9/4/2020,10:00:00,0.079776,7.7,41,2.6,7.2,2.57345,8.78062,12.72652,62.5153,4.575,0.39639
9/4/2020,11:00:00,0.074077,6.9,53.1,2.3,7.7,2.60483,9.93311,13.92713,63.06412,3.75,0.79278
9/4/2020,12:00:00,0.065529,8.9,50.5,2.5,8.2,3.20112,12.42856,17.33688,63.11401,4.693,0.59459
9/4/2020,13:00:00,0.088322,10.025,51.3,2.6,8.5,3.10697,11.22824,15.99219,66.70627,5.33,0.52852
9/4/2020,14:00:00,0.068379,9.625,56.2,2.5,8.9,2.00855,8.35013,11.42985,74.4895,4.906,0.72672
9/4/2020,15:00:00,0.076926,11.25,60.7,2.6,9.1,2.4793,8.68486,12.48639,74.33983,5.825,0.79278
9/4/2020,16:00:00,0.065529,11.75,65.4,2.6,8.8,1.60056,5.90212,8.35628,79.32908,5.778,0.79278
9/4/2020,17:00:00,0.088322,13.825,65.2,2.6,8,2.07131,10.84721,14.02318,70.94714,6.368,1.58556
9/4/2020,18:00:00,0.091172,13.85,69.8,2.6,7.4,1.53779,12.24156,14.59948,66.60649,7.665,1.5195
9/4/2020,19:00:00,0.099718,14.575,76.9,2.4,6.9,0.75321,10.61113,11.76603,67.35488,9.08,0.72672
9/4/2020,20:00:00,0.119662,13.225,82.3,2.1,6.5,0.69044,12.00403,13.06269,67.40477,8.679,0.59459
9/4/2020,21:00:00,0.116813,17.15,86.8,1.9,6.2,0.43937,9.2674,9.94109,66.75617,11.675,0.66065
9/4/2020,22:00:00,0.12821,19.9,90.9,1.9,6,0.53352,9.41119,10.22924,65.8581,14.08,0.66065
9/4/2020,23:00:00,0.122512,24.575,95.6,1.8,5.8,0.34522,6.77041,7.29974,63.41337,18.231,0.92491
9/4/2020,24:00:00,0.125361,28.125,92.7,1.7,5.7,0.40799,9.41157,10.03714,58.42412,23.113,0.85885
10/4/2020,1:00:00,0.122491,32.1,134,1.4,6.4,0.46051,11.65818,12.36429,57.14354,27.052,0.88097
10/4/2020,2:00:00,0.128189,38.525,116.2,2.4,7,0.41865,10.50517,11.14709,57.54268,32.146,0.79288
10/4/2020,3:00:00,0.159523,46.05,140.6,2.4,7.1,0.53378,14.65294,15.47138,51.18971,39.245,0.85895
10/4/2020,4:00:00,0.182313,51.45,138.4,2.4,6.9,0.65937,17.43932,18.45035,45.55185,43.043,0.92503
10/4/2020,5:00:00,0.202253,34.75,150.3,2.3,7,0.53378,10.76107,11.57951,58.32433,28.962,0.85895
10/4/2020,6:00:00,0.23074,34.225,158.6,2.3,6.9,0.56518,11.43364,12.30023,58.27444,27.477,0.92503
10/4/2020,7:00:00,0.16807,28.875,163.5,2.3,6.9,1.63273,16.90782,19.4113,54.63229,22.76,0.85895
10/4/2020,8:00:00,0.131038,28.2,166.8,2.4,7.6,2.38629,17.43404,21.09297,55.231,21.745,1.38753
10/4/2020,9:00:00,0.108248,30.625,154.9,2.4,9.6,3.20266,14.54867,19.45935,57.8753,23.42,1.58576
10/4/2020,10:00:00,0.091156,32.475,159.7,3,11.5,4.5214,16.99507,23.92779,56.17896,25.26,2.24649
10/4/2020,11:00:00,0.108248,34.65,162.1,3,13,4.92958,17.18602,24.7446,57.62584,25.448,2.97329
10/4/2020,12:00:00,0.1054,35.075,156.6,2.9,14.5,5.46336,18.62582,27.00285,57.77552,25.448,3.96439
10/4/2020,13:00:00,0.111096,38.85,162.2,3.3,16.4,4.77259,17.81112,25.12899,62.16606,27.311,3.96439
10/4/2020,14:00:00,0.085459,39.65,162.1,3.6,17.2,3.32825,15.07682,20.18007,74.14026,28.184,3.17151
10/4/2020,15:00:00,0.065519,37.6,164,3.5,18,1.63273,12.58352,15.087,91.1536,25.519,2.64292
10/4/2020,16:00:00,0.076913,34.075,172.9,3.7,18.3,1.44434,13.88139,16.09601,100.28393,22.453,3.23758
10/4/2020,17:00:00,0.06267,31.25,182.1,3.5,17.4,2.04091,22.33597,25.46532,99.63532,20.094,7.00375
10/4/2020,18:00:00,0.094004,28.35,182.6,2.9,15.5,1.09895,17.67822,19.36325,102.57898,17.17,5.28585
10/4/2020,19:00:00,0.133885,31.275,182.5,3.2,13.7,0.75357,20.17776,21.33321,94.99532,17.76,3.30365
10/4/2020,20:00:00,0.190859,35.775,184.7,3.1,12.8,1.38154,28.4881,30.60643,78.08176,23.302,2.709
10/4/2020,21:00:00,0.233587,35.3,187.4,2.6,11.8,1.47574,50.20541,52.46817,53.08562,23.585,2.18041
10/4/2020,22:00:00,0.242134,40.45,181,2.4,10.6,1.25595,45.83373,47.75949,48.39573,28.727,2.51078
10/4/2020,23:00:00,0.236436,40.8,194.6,2.5,10.9,2.2607,56.30507,59.77143,32.18066,29.835,2.24649
10/4/2020,24:00:00,0.210799,32.3,209.5,1.9,10.3,1.94672,41.9878,44.97272,50.94024,24.764,2.37863
11/4/2020,1:00:00,0.116774,22.475,212.2,2.6,11.6,0.67016,14.09876,15.12633,80.82585,17.594,1.49784
11/4/2020,2:00:00,0.165193,36.05,222.8,1.8,10.6,1.21466,29.5439,31.40636,50.55773,25.448,1.14541
11/4/2020,3:00:00,0.128167,30.075,186.9,2,9.3,1.63351,40.27847,42.78315,33.2783,22.783,0.92513
11/4/2020,4:00:00,0.113926,29.35,175.8,1.9,8.4,1.22514,27.15635,29.03486,39.01594,21.368,0.72689
11/4/2020,5:00:00,0.170889,29.9,107.1,1.5,7.3,3.48692,41.18615,46.53269,20.70539,21.722,0.79297
11/4/2020,6:00:00,0.187978,29.425,150.3,1.5,6.7,6.28274,37.0435,46.6769,19.80732,20.755,0.92513
11/4/2020,7:00:00,0.205067,26.85,237.2,1.8,7.3,9.17281,39.19785,53.26262,22.55141,18.75,1.18946
11/4/2020,8:00:00,0.239244,30.675,277.9,1.8,9.9,15.14141,44.22705,67.44356,19.70754,21.698,1.71811
11/4/2020,9:00:00,0.145256,34.95,288.4,2.1,12.3,7.53929,36.17438,47.73446,48.19616,25.236,1.51986
11/4/2020,10:00:00,0.079749,34.375,280.3,2.4,14.4,2.32462,16.24088,19.80523,81.62413,25.66,1.65203
11/4/2020,11:00:00,0.079749,37,294.5,2.5,16,1.88482,12.10812,14.99814,101.48135,27.901,1.3877
11/4/2020,12:00:00,0.099686,38.525,293,2.6,17.3,1.75917,12.87764,15.57499,107.7678,29.811,1.25554
11/4/2020,13:00:00,0.182282,36.2,283.8,2.7,17.5,1.41362,8.98495,11.15246,111.26028,28.727,1.12338
11/4/2020,14:00:00,0.148104,19.925,292.2,3.4,17,1.28796,6.91828,8.89313,101.98027,15.236,1.51986
11/4/2020,15:00:00,0.13956,13.8,287.3,3.9,16.4,1.35079,7.30266,9.37384,96.89124,9.835,1.0573
11/4/2020,16:00:00,0.131016,4.75,287.9,3.8,15.6,2.13613,8.26167,11.53703,86.91274,3.208,0.72689
11/4/2020,17:00:00,0.12247,6.7,288.8,3.2,14.5,1.41362,8.64845,10.81597,84.96693,4.929,1.0573
11/4/2020,18:00:00,0.113926,8.175,292.9,2.8,12.9,1.22514,8.6971,10.57561,76.93424,5.684,1.0573
11/4/2020,19:00:00,0.131016,5.925,285.8,3,11.1,0.6911,7.11239,8.17206,72.99273,4.269,1.32162
11/4/2020,20:00:00,0.128167,6.15,287.7,3.9,10.8,1.41362,11.29235,13.45987,64.81036,4.623,1.32162
11/4/2020,21:00:00,0.179433,11.95,287.9,3.3,10.4,1.85341,15.04054,17.8824,57.57595,9.151,0.79297
11/4/2020,22:00:00,0.168041,13.9,245.4,0.6,8.1,0.94241,13.36084,14.80586,53.98369,11.722,1.0573
11/4/2020,23:00:00,0.190826,16.875,294.5,2.8,8.2,1.13089,16.48488,18.21889,48.89465,14.245,0.85905
11/4/2020,24:00:00,0.168041,12.9,284.5,1.9,7.7,0.56545,9.85282,10.71983,51.98799,11.085,0.99122
12/4/2020,1:00:00,0.167064,12.7,270.1,2.4,6.8,0.46096,7.3089,8.01569,52.68648,10.92,0.88108
12/4/2020,2:00:00,0.167064,12.825,281.9,2.2,6.2,0.46096,7.62953,8.33632,52.55343,11.179,0.88108
12/4/2020,3:00:00,0.165165,11.275,282.6,2.3,7.2,0.62858,12.83922,13.80302,47.74712,9.292,0.72689
12/4/2020,4:00:00,0.162317,11.25,269.4,2.3,7.1,0.66001,11.10773,12.11973,49.2439,9.646,0.66081
12/4/2020,5:00:00,0.173708,12.5,271.2,2,6.7,1.66573,19.42494,21.97902,26.79227,10.59,0.72689
12/4/2020,6:00:00,0.193641,14.4,278,0.7,7,2.23145,18.84609,22.26759,29.73593,11.793,0.92513
12/4/2020,7:00:00,0.267681,17.275,340,0.5,7.2,10.71723,26.46712,42.89998,11.27571,13.939,0.79297
12/4/2020,8:00:00,0.236357,18.275,312.7,1.2,7.5,9.64865,22.76714,37.56153,18.16087,14.764,0.99122
12/4/2020,9:00:00,0.193641,19.775,354.4,1.1,8.1,8.10864,21.08855,33.52162,29.98539,16.604,1.12338
12/4/2020,10:00:00,0.199337,24.075,59.1,1.8,8.7,18.48015,33.65752,61.99335,26.79227,19.599,2.90757
12/4/2020,11:00:00,0.168013,23.825,79.6,2,8.9,7.44863,23.11052,34.5316,50.69078,19.151,2.90757
12/4/2020,12:00:00,0.150927,21.4,60.9,2.1,9.1,1.32001,5.33442,7.3584,64.31143,17.453,1.18946
12/4/2020,13:00:00,0.119602,17.525,65.9,2.4,9.5,0.81715,3.2679,4.52085,78.92994,14.458,1.51986
12/4/2020,14:00:00,0.125298,16.825,54.3,2.3,10.3,0.72286,4.37436,5.48273,78.03187,12.571,0.72689
12/4/2020,15:00:00,0.122449,10.775,51.3,2.3,10.5,0.69144,3.46067,4.52085,78.63058,7.783,0.99122
12/4/2020,16:00:00,0.133841,8.875,41.8,2.5,10.7,0.62858,4.47083,5.43464,75.58714,5.896,0.99122
12/4/2020,17:00:00,0.113906,6.9,51.5,4.4,10.1,0.56572,3.41296,4.28038,74.43961,3.774,0.72689
12/4/2020,18:00:00,0.105364,9.525,41.3,5.3,8.2,0.53429,4.13446,4.9537,73.14241,4.953,0.99122
12/4/2020,19:00:00,0.088278,10.2,36.5,5,6.8,0.50286,3.12458,3.89563,74.38972,5.92,1.0573
12/4/2020,20:00:00,0.07404,12.975,30.3,4.6,5.9,0.34572,2.69222,3.22231,80.42671,7.476,1.12338
12/4/2020,21:00:00,0.079735,10.1,30.1,4.5,5.2,0.22,1.97119,2.30852,80.02757,6.203,0.99122
12/4/2020,22:00:00,0.08543,7.825,35.2,4.3,5.1,0.31429,1.73043,2.21233,77.23359,4.575,0.85905
12/4/2020,23:00:00,0.07404,5.375,36.2,5.9,6.2,0.28286,1.1053,1.53901,80.77596,2.618,0.52865
12/4/2020,24:00:00,0.056954,13.75,50.9,6.2,5.8,0.15714,0.86522,1.10617,90.55489,7.17,1.0573
13/04/2020,1:00:00,0.059791,13.925,41.2,4.6,4.5,0.20963,0.83339,1.15482,91.60263,7.193,1.14568
13/04/2020,2:00:00,0.054097,12.975,34.4,5,4.1,0.1677,1.47509,1.73222,93.13267,6.887,1.76259
13/04/2020,3:00:00,0.062639,14.075,40.9,4.4,3.4,0.22011,1.20226,1.53975,90.4551,7.193,1.38804
13/04/2020,4:00:00,0.062639,13.15,42.1,4.3,3.1,0.22011,1.20226,1.53975,87.41166,6.863,1.58633
13/04/2020,5:00:00,0.059791,12.35,42.8,4.4,2.8,0.31444,1.29821,1.78034,83.52005,6.439,1.18975
13/04/2020,6:00:00,0.062639,12.25,43.4,4.6,2.8,0.44022,2.30829,2.98327,79.57854,6.109,1.05755
13/04/2020,7:00:00,0.062639,13.725,44.9,5.1,4.1,0.59743,2.8371,3.75315,85.66542,7.005,1.32194
13/04/2020,8:00:00,0.051249,14.3,47,5.9,5.3,0.44022,2.78946,3.46445,89.50715,7.359,0.79316
13/04/2020,9:00:00,0.059791,14.125,51.7,5.8,6.5,0.56599,3.02966,3.8975,88.20994,7.146,0.92536
13/04/2020,10:00:00,0.056943,14.4,53,5.5,7.5,0.75465,3.79897,4.95609,86.16435,6.722,0.85926
13/04/2020,11:00:00,0.056943,14.225,57.3,5.7,8.3,0.94332,4.76074,6.20714,86.5136,6.58,1.12365
13/04/2020,12:00:00,0.045555,14.4,59.8,5.9,8.9,0.84899,3.22127,4.52303,89.65682,6.792,0.79316
13/04/2020,13:00:00,0.074027,13.35,59.8,6,9,1.13198,3.7497,5.48538,88.01037,6.439,0.79316
13/04/2020,14:00:00,0.07118,13.475,62.2,5.4,9.1,0.94332,3.07663,4.52303,87.21209,6.604,0.99145
13/04/2020,15:00:00,0.068333,13.125,61.5,5.1,9.2,0.97476,3.17277,4.66738,86.71317,6.462,0.72707
13/04/2020,16:00:00,0.074027,12.825,55.7,4.9,8.8,1.03765,3.94245,5.53349,85.71532,6.297,0.46268
13/04/2020,17:00:00,0.079721,12.925,53.1,4.5,7.8,0.88043,2.98059,4.33056,84.41811,6.344,0.79316
13/04/2020,18:00:00,0.074027,12.25,53.1,3.7,6.3,0.75465,3.70273,4.85985,83.91919,6.25,0.92536
13/04/2020,19:00:00,0.076874,13.775,57.3,1.8,4.6,0.62888,6.30145,7.26572,80.32693,6.958,0.72707
13/04/2020,20:00:00,0.068333,12.45,342.5,0.9,3.2,0.62888,6.01275,6.97701,81.67402,6.344,0.72707
13/04/2020,21:00:00,0.079721,11.9,331.9,1.8,2.3,0.53455,6.2055,7.02513,78.63058,6.085,1.18975
13/04/2020,22:00:00,0.093958,14.225,342.2,1.9,1.5,0.72321,7.93715,9.04606,76.03617,7.476,1.32194
13/04/2020,23:00:00,0.076874,13.425,326.9,2,0.9,0.40877,4.37743,5.0042,80.5265,6.509,0.72707
13/04/2020,24:00:00,0.074027,13.825,323.6,1.7,0.3,0.5031,5.72443,6.49584,79.22929,6.863,0.52878
14/04/2020,1:00:00,0.045547,14.925,312.2,1.5,-0.5,0.62918,9.88293,10.84766,73.44176,8.09,0.8814
14/04/2020,2:00:00,0.054088,12.5,310.7,1.7,-1.2,0.58724,11.35937,12.25978,68.31946,7.193,1.23396
14/04/2020,3:00:00,0.105329,12.875,317.4,1.9,-1.5,0.59772,10.78165,11.69815,61.81681,7.005,1.18989
14/04/2020,4:00:00,0.065475,13.675,315.6,1.8,-1.8,0.62918,10.30015,11.26488,56.42842,7.594,0.72716
14/04/2020,5:00:00,0.074014,14.675,312.5,1.8,-2.1,1.06961,13.52422,15.16426,49.94239,8.75,0.85936
14/04/2020,6:00:00,0.074014,15.475,304.4,1.8,-1.6,2.26505,19.20115,22.67418,47.09852,8.561,1.12378
14/04/2020,7:00:00,0.122409,17.775,284.7,1.3,1.6,8.27372,28.08881,40.77501,37.16991,9.505,0.72716
14/04/2020,8:00:00,0.267591,20.65,293.2,2,5.2,13.433,31.82803,52.42502,38.51701,10.943,1.3221
14/04/2020,9:00:00,0.145183,18.9,311.2,2,7.4,7.04682,20.87148,31.67646,64.26154,9.623,1.45431
14/04/2020,10:00:00,0.108175,20.9,305.8,2,9.1,4.93907,16.01572,23.58885,72.84305,10.542,0.92547
14/04/2020,11:00:00,0.128102,19.975,296.4,2.1,10.5,5.31658,15.19618,23.34815,75.93639,10.59,0.79326
14/04/2020,12:00:00,0.108175,18.45,287.3,2.2,11.7,4.78177,14.42756,21.75951,75.98628,10.259,1.256
14/04/2020,13:00:00,0.113868,17.725,290.7,2.3,12.6,3.61779,10.53173,16.07893,82.22284,10.495,0.66105
14/04/2020,14:00:00,0.125255,19.025,293,2.4,13.2,3.49195,10.6284,15.98265,85.01682,10.189,0.92547
14/04/2020,15:00:00,0.19927,19.175,290.9,2.5,13.4,3.77508,13.22712,19.0155,82.4723,10.472,1.18989
14/04/2020,16:00:00,0.145183,18.95,282,2.6,13.2,4.24697,12.50358,19.0155,83.56994,10.873,0.85936
14/04/2020,17:00:00,0.113868,19.35,279.6,2.7,12.5,2.6111,13.27882,17.28244,83.96908,11.203,1.12378
14/04/2020,18:00:00,0.213504,19.85,289.7,2.4,11.2,2.64256,16.60041,20.65228,78.68047,12.547,1.52041
14/04/2020,19:00:00,0.145183,22.325,303.3,2.2,8.8,2.01338,18.67237,21.75951,72.84305,13.726,1.256
14/04/2020,20:00:00,0.096788,24.6,298.8,2,7.1,1.47857,19.54054,21.80765,67.95359,15.92,1.45431
14/04/2020,21:00:00,0.102482,23.575,293.3,2.1,5.7,0.88085,15.11343,16.46406,69.74972,16.061,1.71873
14/04/2020,22:00:00,0.108175,23.025,290.5,2.1,4.7,1.00669,14.77607,16.31963,64.71057,15.613,1.45431
14/04/2020,23:00:00,0.113868,26.125,279.2,2.1,3.9,0.88085,12.89897,14.24959,64.06197,17.665,0.85936
14/04/2020,24:00:00,0.105329,20.8,278.4,2.1,3.3,0.66064,10.78146,11.79443,64.71057,14.835,0.79326
15/04/2020,1:00:00,0.110054,16.55,284.2,2,3.1,0.58752,8.79611,9.69696,69.71645,11.769,1.41041
15/04/2020,2:00:00,0.110054,16.25,288.5,1.8,2,0.54555,8.08984,8.92634,70.11559,11.439,1.14596
15/04/2020,3:00:00,0.113849,17.175,279.8,2.2,1.7,0.59801,9.72724,10.64418,65.65853,11.84,1.12392
15/04/2020,4:00:00,0.111003,17.25,273.6,2.4,1.6,0.75538,11.84597,13.0042,60.07057,12.217,0.99169
15/04/2020,5:00:00,0.102465,16.275,269.6,2.4,1.5,0.8498,10.83424,12.13725,64.5609,11.509,0.72724
15/04/2020,6:00:00,0.15085,18.25,266,2.2,1.9,2.83267,22.33932,26.68269,49.29379,11.958,0.92558
15/04/2020,7:00:00,0.179312,19.725,291.2,2.5,5.5,8.78128,38.88949,52.35394,38.96604,12.193,0.85947
15/04/2020,8:00:00,0.204928,21.575,295.7,2.5,8.1,8.37212,29.40249,42.23956,50.69078,12.241,1.32226
15/04/2020,9:00:00,0.122388,16.975,306,2.5,10.7,6.67252,22.23128,32.46233,68.70197,9.717,1.12392
15/04/2020,10:00:00,0.071156,18.575,308.8,2.2,13.1,3.43068,12.22312,17.48342,80.37682,10.472,1.12392
15/04/2020,11:00:00,0.065463,20.375,284.4,1.9,14.8,2.99004,11.50201,16.08667,86.61338,11.745,1.25614
15/04/2020,12:00:00,0.088234,19.225,265.8,1.8,15.7,2.92709,10.49076,14.97891,90.30543,11.651,1.05781
15/04/2020,13:00:00,0.093925,17.8,262.3,2,16.5,3.27331,11.45298,16.47198,91.8022,10.613,1.12392
15/04/2020,14:00:00,0.082541,14.65,262.8,1.8,16.9,2.58088,10.73263,14.68993,96.4422,7.689,1.12392
15/04/2020,15:00:00,0.099618,14.575,256.6,1.1,17.2,2.23466,10.5892,14.01564,101.48135,7.17,1.19003
15/04/2020,16:00:00,0.142312,14.175,239.8,0.9,17,3.08446,15.21032,19.93977,94.4465,7.807,0.92558
15/04/2020,17:00:00,0.233391,15.5,232.1,0.9,16.4,3.21036,21.18224,26.10472,87.01252,8.443,0.85947
15/04/2020,18:00:00,0.159389,17.1,233.7,0.8,15.5,1.76255,17.86336,20.5659,89.55704,9.458,1.19003
15/04/2020,19:00:00,0.128081,16.575,221.6,0.8,12.5,1.38486,16.70858,18.83201,84.76736,9.623,1.25614
15/04/2020,20:00:00,0.148004,18.475,287.5,0.4,10.2,1.16454,20.12887,21.91448,72.74327,11.085,1.25614
15/04/2020,21:00:00,0.119541,19.95,321.5,0.9,9,0.9757,20.75558,22.25163,64.26154,12.359,0.79336
15/04/2020,22:00:00,0.156543,22.75,318.1,1.6,7.8,1.25897,26.05272,27.98311,56.12906,15.071,0.92558
15/04/2020,23:00:00,0.176466,24.475,317.4,1.8,6.5,1.07012,20.41815,22.05897,55.72992,17.783,1.05781
15/04/2020,24:00:00,0.145158,20.475,340.3,1.9,5.9,1.10159,16.70944,18.39853,56.82756,14.033,1.19003
16/04/2020,1:00:00,0.17359,22.75,328.6,2,5.6,0.96567,16.2521,17.73277,51.28949,16.439,1.05793
16/04/2020,2:00:00,0.17359,22.4,343.8,2.1,4.4,1.09163,18.95018,20.62399,41.57708,16.297,1.32242
16/04/2020,3:00:00,0.184974,22.325,19.8,2.7,4.5,1.7634,20.61861,23.32245,32.92905,17.028,0.99181
16/04/2020,4:00:00,0.20774,21.8,23,2.6,4.2,1.4485,23.60716,25.82817,29.43658,16.179,0.66121
16/04/2020,5:00:00,0.165053,20.025,22.8,2.4,3.8,1.73191,19.02854,21.6841,38.06798,14.41,0.99181
16/04/2020,6:00:00,0.130905,22.075,23.1,2.8,4.3,3.30637,20.32479,25.39449,44.90325,15.047,0.72733
16/04/2020,7:00:00,0.139442,18.925,17.4,2.2,4.2,4.53445,19.79099,26.74372,48.44562,12.925,0.92569
16/04/2020,8:00:00,0.125213,17.65,25.1,2.7,5,4.43998,15.26171,22.06959,57.97509,12.453,1.19018
16/04/2020,9:00:00,0.105293,19.4,39.6,2.4,6,2.95999,10.68847,15.22705,68.10326,12.759,1.45466
16/04/2020,10:00:00,0.096755,20.55,53.2,2.2,8.3,2.17276,7.60691,10.93842,78.83015,14.175,1.71914
16/04/2020,11:00:00,0.09391,25.15,67.2,2.9,11.2,2.58212,9.05127,13.01046,77.93209,16.651,0.92569
16/04/2020,12:00:00,0.096755,27.175,85.6,3.1,13.3,1.95233,8.37857,11.3721,89.55704,16.981,1.5869
16/04/2020,13:00:00,0.091064,25.375,96.4,3.3,14.4,1.88935,8.18601,11.08298,97.19059,15.731,1.38854
16/04/2020,14:00:00,0.062606,25.45,101.5,3.3,15.2,1.47999,6.9344,9.20369,103.57683,13.939,1.65302
16/04/2020,15:00:00,0.065452,21.675,98.4,3.4,15.6,2.07829,8.57093,11.7576,107.56823,13.326,1.78526
16/04/2020,16:00:00,0.071144,18.475,93.6,4.3,15.1,2.14127,9.00442,12.28765,105.87189,10.849,1.32242
16/04/2020,17:00:00,0.079681,22.175,93.5,4.6,13.5,1.79489,10.11378,12.8659,108.16694,13.774,1.2563
16/04/2020,18:00:00,0.071144,16.025,88.2,4,11.3,1.41702,9.68125,11.85397,105.27318,8.208,1.05793
16/04/2020,19:00:00,0.091064,21.25,81.8,3.3,9,1.07063,12.76626,14.40788,101.83059,13.962,0.85957
16/04/2020,20:00:00,0.11383,25.4,77.5,2.9,7.6,0.81872,11.0323,12.28765,103.87619,17.524,1.12406
16/04/2020,21:00:00,0.105293,22.475,67.3,2.5,6.5,0.5983,7.80445,8.72182,91.75231,15.684,0.79345
16/04/2020,22:00:00,0.11383,17.275,54.1,2.9,5.6,0.69276,7.61142,8.67364,75.93639,11.981,0.66121
16/04/2020,23:00:00,0.105293,13.7,62.9,3.4,5.3,0.56681,5.92526,6.79435,72.09466,9.599,0.99181
16/04/2020,24:00:00,0.09391,11.175,69.7,3.4,5.2,0.44085,3.70905,4.38501,69.94929,8.373,1.19018
17/04/2020,1:00:00,0.079667,9.85,56.3,2.7,4.8,0.42006,3.40557,4.04965,71.71215,7.241,0.96989
17/04/2020,2:00:00,0.071131,9.8,61.9,2.9,4.9,0.42006,4.75545,5.39953,76.10269,6.887,0.79355
17/04/2020,3:00:00,0.082513,10.4,58.8,2.6,4.6,0.47257,5.54272,6.26731,72.74327,6.557,1.12419
17/04/2020,4:00:00,0.085358,11.425,71.5,2.5,4.6,0.56708,7.22978,8.09929,66.05767,7.052,1.05806
17/04/2020,5:00:00,0.093894,12.8,77,3,4.7,0.75611,11.08601,12.24536,63.16391,7.901,0.99193
17/04/2020,6:00:00,0.093894,12.775,72.1,3,4.6,1.92176,15.75884,18.70551,56.87745,7.146,0.85968
17/04/2020,7:00:00,0.096739,13.05,67.6,3.2,4.8,3.59149,18.98383,24.49071,56.32863,7.429,0.66129
17/04/2020,8:00:00,0.085358,14.575,69.1,3.2,5.1,1.98477,11.32332,14.3666,66.75617,7.571,0.9258
17/04/2020,9:00:00,0.091049,15.525,72.4,3.3,6.3,2.33132,10.16523,13.73987,71.09681,7.665,0.99193
17/04/2020,10:00:00,0.088203,15.9,88.6,4,9.3,1.89026,6.4544,9.35275,77.43316,7.948,0.99193
17/04/2020,11:00:00,0.073977,15.45,97.4,4.6,11.4,1.16566,4.5282,6.31552,87.76091,8.514,1.32258
17/04/2020,12:00:00,0.082513,14.725,93.3,5,12,1.63823,6.50337,9.01528,86.56349,7.146,1.05806
17/04/2020,13:00:00,0.05975,13.075,92.3,4.8,10.4,1.92176,4.91158,7.85824,86.26413,5.236,1.25645
17/04/2020,14:00:00,0.056905,12.675,95.9,4.9,10.8,1.79575,5.1048,7.85824,85.26628,5.189,0.79355
17/04/2020,15:00:00,0.051215,14.925,96.8,5.4,11.4,1.60672,4.52686,6.99046,84.96693,5.401,1.38871
17/04/2020,16:00:00,0.076822,14.9,96.3,5.5,10.5,2.11079,6.26088,9.49738,82.22284,5.448,1.32258
17/04/2020,17:00:00,0.071131,12.2,96.6,5.2,9.5,1.66973,5.73192,8.29213,83.32048,4.953,0.66129
17/04/2020,18:00:00,0.062596,10.275,91.2,4.7,8,1.16566,5.92629,7.71361,81.47445,4.811,0.99193
17/04/2020,19:00:00,0.071131,12.6,85.4,4,6.2,0.94513,7.95178,9.40096,80.22714,5.991,1.05806
17/04/2020,20:00:00,0.065441,11.4,84,3.4,5.2,0.75611,6.74711,7.90645,80.32693,6.085,1.19032
17/04/2020,21:00:00,0.056905,11.075,78,3,4.4,0.63009,7.22959,8.19571,79.97768,5.778,1.32258
17/04/2020,22:00:00,0.04837,12.375,71.6,3.2,4,0.66159,6.21708,7.23151,78.63058,6.156,0.9258
17/04/2020,23:00:00,0.05975,11.675,73.8,3.4,3.7,0.50407,4.04811,4.82101,80.4766,6.038,0.99193
17/04/2020,24:00:00,0.051215,11.05,74.4,3.1,4.4,0.53557,4.4337,5.2549,78.97983,5.613,0.9258
18/04/2020,1:00:00,0.064482,11.25,22.1,1.3,2.1,0.50431,5.78646,6.55972,77.76578,5.401,0.97001
18/04/2020,2:00:00,0.079655,11.425,19.2,2.2,1.9,0.42026,5.1436,5.78799,78.03187,5.259,1.4991
18/04/2020,3:00:00,0.076809,11.325,32.7,2.3,2.1,0.37823,2.02465,2.6046,80.02757,5.212,1.32274
18/04/2020,4:00:00,0.07112,11.025,44.3,2.5,2.3,0.40975,2.02455,2.65283,79.27918,5.33,1.12433
18/04/2020,5:00:00,0.059741,10.325,37.8,3.1,2.3,0.56735,2.12054,2.99046,79.828,5.071,1.45501
18/04/2020,6:00:00,0.056896,11.225,39,2.9,2.4,0.69343,3.32599,4.38923,76.58499,5.189,0.99205
18/04/2020,7:00:00,0.068275,11.675,41.1,2.8,2.7,0.88255,4.04891,5.40212,76.78456,5.542,1.38887
18/04/2020,8:00:00,0.068275,13.55,45.8,3.1,4.5,1.10318,4.4341,6.12562,79.07961,6.344,1.52115
18/04/2020,9:00:00,0.079655,13.225,70.8,3.4,5.5,0.94558,3.75932,5.20919,82.32263,6.486,1.19046
18/04/2020,10:00:00,0.088188,13.65,70,3.1,5.5,1.16622,4.33745,6.12562,81.67402,6.462,0.99205
18/04/2020,11:00:00,0.093879,12.45,54.4,3.4,6.9,1.32382,5.63926,7.66909,79.52865,5.991,1.52115
18/04/2020,12:00:00,0.085344,10.075,57,3.4,8.9,1.22926,6.31482,8.19965,79.47875,5.212,1.19046
18/04/2020,13:00:00,0.105258,10.3,76.3,3.4,10.2,1.19774,6.21845,8.05495,79.02972,4.953,1.38887
18/04/2020,14:00:00,0.108102,9.05,72.7,3.6,10.8,1.60749,9.25589,11.72068,77.63273,4.599,1.05819
18/04/2020,15:00:00,0.096723,9.025,75.5,3.8,11.3,1.19774,6.17021,8.00672,80.22714,4.41,1.52115
18/04/2020,16:00:00,0.099568,8.975,75.1,3.6,9.6,1.48141,7.27872,9.55018,79.12951,4.387,1.38887
18/04/2020,17:00:00,0.108102,9.4,67,3.6,8.7,1.22926,6.65245,8.53729,79.828,4.646,1.38887
18/04/2020,18:00:00,0.110947,9.8,65,3.4,7.3,1.19774,8.91951,10.75602,78.88004,4.693,1.52115
18/04/2020,19:00:00,0.116637,11,65.6,2.9,6.3,0.85103,8.19706,9.50195,80.62628,5.519,1.58728
18/04/2020,20:00:00,0.128015,12.225,59.3,2.3,5.6,0.88255,9.88513,11.23835,76.43531,6.934,1.65342
18/04/2020,21:00:00,0.110947,12.425,54.7,2.6,5.2,0.66191,7.18474,8.19965,78.43101,7.901,1.71956
18/04/2020,22:00:00,0.108102,14.475,61.5,2.7,5.8,0.56735,5.59333,6.46326,78.58069,8.609,1.05819
18/04/2020,23:00:00,0.108102,15.225,66.1,2.8,5.8,0.53583,5.01463,5.83622,79.27918,9.434,1.32274
18/04/2020,24:00:00,0.105258,15.2,66.9,3.2,5.8,0.53583,4.5323,5.35389,78.23144,9.316,1.58728
19/04/2020,1:00:00,0.12515,14.725,15,2.1,2.8,0.5466,4.82398,5.66209,75.30441,8.679,0.52916
19/04/2020,2:00:00,0.12515,12.775,42.6,2.1,3.2,0.50455,4.5024,5.27604,73.64133,7.807,0.44096
19/04/2020,3:00:00,0.108084,11.55,46.4,2.3,3.2,0.50455,3.56944,4.34308,73.54155,6.816,0.92603
19/04/2020,4:00:00,0.105239,10.45,53.1,2.6,3.1,0.53609,3.52109,4.34308,72.84305,6.179,0.85988
19/04/2020,5:00:00,0.105239,10.125,46.8,2.2,2.8,0.56762,4.2931,5.16344,69.64993,5.896,0.72759
19/04/2020,6:00:00,0.099551,9.7,40.7,2.6,2.6,0.9145,8.34558,9.7478,63.11401,5.377,0.85988
19/04/2020,7:00:00,0.088174,8.05,44.4,2.5,2.7,1.38752,6.22086,8.34836,72.59359,4.575,0.59531
19/04/2020,8:00:00,0.096707,7.9,42.6,2.7,3.2,1.00911,3.61617,5.16344,77.13381,4.458,0.72759
19/04/2020,9:00:00,0.108084,8.5,39.8,2.6,4.4,0.85143,2.84454,4.15005,78.92994,4.505,1.12446
19/04/2020,10:00:00,0.079641,9.9,64,3.4,8.7,1.07217,3.42295,5.06693,84.31833,4.976,1.05832
19/04/2020,11:00:00,0.082485,12.25,87.7,4,12,1.26138,4.43576,6.36985,89.30758,6.109,1.25675
19/04/2020,12:00:00,0.062575,12.2,94.9,5,13,1.16678,4.14651,5.93554,93.99747,6.038,0.85988
19/04/2020,13:00:00,0.062575,10.675,101.1,5.3,13.5,0.9145,3.61645,5.01867,96.4422,4.717,0.92603
19/04/2020,14:00:00,0.076796,12,102.9,5.5,13.4,1.32445,4.91813,6.94893,96.29253,4.269,1.25675
19/04/2020,15:00:00,0.079641,11.8,101.7,5.5,12.9,1.00911,3.80919,5.35646,99.23618,4.057,0.99217
19/04/2020,16:00:00,0.091018,10.825,95.9,5,11.9,1.19831,5.11154,6.94893,96.54199,4.009,1.12446
19/04/2020,17:00:00,0.091018,9.825,95.1,4.8,10.8,0.97757,3.95406,5.45298,97.09081,3.491,1.12446
19/04/2020,18:00:00,0.085329,9.025,89.3,4.3,9.3,0.97757,4.6779,6.17682,95.19489,3.656,0.79374
19/04/2020,19:00:00,0.091018,9.125,82.1,3.5,7.2,0.94604,6.8978,8.34836,91.45295,3.844,0.52916
19/04/2020,20:00:00,0.099551,9.325,77.4,3,6,0.94604,9.60016,11.05072,83.71962,4.646,0.39687
19/04/2020,21:00:00,0.119461,11.6,62.9,2.6,5,0.9145,10.03456,11.43678,77.23359,6.109,0.66145
19/04/2020,22:00:00,0.119461,12.6,49.1,2.7,4.2,0.85143,12.25455,13.56006,75.28778,6.651,0.59531
19/04/2020,23:00:00,0.099551,12.55,44,2.9,3.7,0.69376,4.87179,5.93554,77.33338,6.368,0.26458
19/04/2020,24:00:00,0.082485,12.35,39.8,3.1,3.4,0.50455,3.2799,4.05354,79.72822,6.486,0.72759
20/04/2020,1:00:00,0.062564,13.675,33.9,2.4,2.1,0.54686,3.02386,3.86237,78.56406,6.816,0.44102
20/04/2020,2:00:00,0.068252,12.3,49.1,3.2,3,0.5048,3.79646,4.57047,78.29796,6.84,0.35281
20/04/2020,3:00:00,0.062564,11.675,55.6,3.5,3.5,0.5048,3.13664,3.91065,78.83015,6.792,0.46307
20/04/2020,4:00:00,0.062564,11.625,54.1,3.6,3.3,0.53634,2.89515,3.71753,77.98198,6.627,0.79383
20/04/2020,5:00:00,0.05972,12.6,53.4,3.4,3.1,0.56789,3.32957,4.20033,75.03832,6.557,0.59537
20/04/2020,6:00:00,0.05972,12.675,56.9,3.7,3.6,1.41973,5.93408,8.11098,71.09681,6.462,0.66153
20/04/2020,7:00:00,0.062564,13,69.9,4.1,6.1,2.30312,8.7799,12.3113,68.95144,6.344,0.72768
20/04/2020,8:00:00,0.065408,14.9,83.4,4.9,8.1,2.99722,10.27446,14.87012,70.14886,6.745,0.72768
20/04/2020,9:00:00,0.076784,16.275,86.1,5.3,9.8,2.61862,8.53754,12.5527,75.188,6.887,1.1246
20/04/2020,10:00:00,0.076784,15.675,87,5.7,11,2.42932,7.71736,11.44227,78.5308,6.085,0.99229
20/04/2020,11:00:00,0.048346,18.025,85.5,6,11.7,2.30312,6.94527,10.47668,82.07316,5.519,1.2569
20/04/2020,12:00:00,0.048346,16.275,84.8,6.3,12.1,1.95608,5.54622,8.54549,88.55919,4.528,0.79383
20/04/2020,13:00:00,0.05972,14.95,85.4,6.6,12.1,2.08228,6.5597,9.75248,91.75231,4.316,0.72768
20/04/2020,14:00:00,0.068252,14.95,86.2,6.7,11.9,2.17693,6.8491,10.187,92.80005,4.009,0.85999
20/04/2020,15:00:00,0.056877,13.625,86.8,6.6,11.5,1.82988,5.40176,8.20753,92.84994,3.703,0.85999
20/04/2020,16:00:00,0.082471,14.75,86.4,6.3,10.8,2.14538,5.83532,9.12485,92.89984,4.198,0.72768
20/04/2020,17:00:00,0.079628,14.375,85.4,6.1,9.9,2.01918,7.42893,10.52496,91.35317,4.269,0.79383
20/04/2020,18:00:00,0.079628,11.5,82,5.5,8.6,1.51438,6.89939,9.22141,90.00607,4.151,1.1246
20/04/2020,19:00:00,0.062564,9.175,79.8,4.5,6.9,1.16734,7.19012,8.98001,89.75661,3.892,0.52922
20/04/2020,20:00:00,0.068252,10.2,69.9,4,6,0.85184,6.94968,8.25582,87.96048,4.953,1.05845
20/04/2020,21:00:00,0.065408,11.05,66.1,4.3,5.5,0.69409,5.35693,6.42119,86.36392,6.014,0.66153
20/04/2020,22:00:00,0.062564,10.6,64.3,4.4,5.3,0.59944,3.76399,4.68312,86.76306,6.014,0.52922
20/04/2020,23:00:00,0.065408,11.025,62.9,4.4,5.2,0.66254,3.0396,4.05549,85.51575,6.109,0.59537
20/04/2020,24:00:00,0.05972,10.55,66.1,4.5,5.2,0.53634,2.60547,3.42785,85.96478,6.156,0.79383
21/04/2020,1:00:00,0.049285,12.3,52.1,3.9,4.7,0.54712,2.63889,3.4778,86.21424,6.274,0.97036
21/04/2020,2:00:00,0.049285,12.025,59.7,4.4,4.8,0.50504,3.41187,4.18624,84.28506,6.462,1.235
21/04/2020,3:00:00,0.062554,13.175,58.3,4.3,4.7,0.5366,2.84824,3.67101,82.4723,6.84,0.99241
21/04/2020,4:00:00,0.056868,13.825,59.8,4.2,4.7,0.5366,2.84824,3.67101,80.37682,7.217,0.99241
21/04/2020,5:00:00,0.056868,14.9,64.8,4.1,4.6,0.69442,3.81381,4.87858,76.78456,7.524,0.92625
21/04/2020,6:00:00,0.062554,13.725,65,4.5,5.3,1.19946,5.98591,7.82505,70.59789,7.618,1.05857
21/04/2020,7:00:00,0.062554,16.025,73.7,4.4,6.6,1.95701,7.77081,10.77153,67.90369,7.925,0.99241
21/04/2020,8:00:00,0.076771,17.225,85.1,5,9.4,2.52518,8.92836,12.80024,69.10111,8.302,0.99241
21/04/2020,9:00:00,0.073927,18.625,85.6,5.7,10.9,2.96709,8.87871,13.42818,72.89294,8.326,1.45554
21/04/2020,10:00:00,0.065397,18.4,89.9,6.3,12.1,2.33579,6.6587,10.24019,79.02972,7.618,1.32322
21/04/2020,11:00:00,0.062554,20.825,90.9,6.4,13,2.43049,7.38295,11.10964,86.11446,7.807,1.32322
21/04/2020,12:00:00,0.054024,23.5,89.5,6.3,13.5,1.86232,6.80504,9.66056,92.89984,8.679,1.78634
21/04/2020,13:00:00,0.062554,24.325,88.5,6.5,13.6,1.7045,5.59795,8.21148,95.34457,9.104,1.32322
21/04/2020,14:00:00,0.085301,24.675,90.5,6.6,13.4,2.11484,7.239,10.48171,96.94113,8.821,1.58786
21/04/2020,15:00:00,0.076771,22.075,89,6.5,12.8,2.74613,8.39635,12.60703,96.64177,8.42,1.65402
21/04/2020,16:00:00,0.079614,18.575,89.5,6.3,12,2.1464,7.57703,10.86813,99.53554,7.83,1.45554
21/04/2020,17:00:00,0.082457,18,87.7,5.9,10.9,1.7045,6.61231,9.22584,99.03661,7.571,1.25705
21/04/2020,18:00:00,0.085301,18.2,83.5,5.2,9.4,1.35728,6.99979,9.08093,97.34027,8.278,1.12473
21/04/2020,19:00:00,0.082457,15.925,76.8,4.2,7.7,1.13633,8.15973,9.90207,92.35102,7.241,1.25705
21/04/2020,20:00:00,0.079614,16.775,59.9,3.6,6.8,0.91538,8.64342,10.04698,91.60263,8.915,1.25705
21/04/2020,21:00:00,0.068241,16.325,50.1,4,6.2,0.78912,5.50413,6.71409,89.65682,9.387,1.05857
21/04/2020,22:00:00,0.062554,16.9,47.3,4,5.8,0.69442,3.91042,4.97519,89.1579,9.717,0.92625
21/04/2020,23:00:00,0.062554,15.3,43.9,3.7,5.4,0.72599,3.62051,4.73368,86.31403,8.042,1.25705
21/04/2020,24:00:00,0.062554,13.725,40.2,3.6,5,0.72599,3.33069,4.44386,83.86929,7.429,1.25705
22/04/2020,1:00:00,0.0597,14.425,29.5,3.6,4.2,0.58949,2.89777,3.80165,82.28936,7.311,0.7058
22/04/2020,2:00:00,0.062543,15.975,34.3,3.7,4.3,0.6316,3.73529,4.70373,80.49323,7.665,0.79402
22/04/2020,3:00:00,0.062543,16.8,46.4,4,4.6,0.66318,3.1875,4.20436,79.12951,7.759,0.92636
22/04/2020,4:00:00,0.062543,18.475,53.9,3.8,5.5,0.66318,2.9942,4.01106,76.33553,8.066,0.72786
22/04/2020,5:00:00,0.062543,19.675,58.5,3.6,5.7,0.75792,4.15374,5.31586,72.99273,8.373,0.52935
22/04/2020,6:00:00,0.054014,17.85,60.4,3.5,5.9,1.64215,6.71233,9.23026,68.90154,8.42,0.79402
22/04/2020,7:00:00,0.073915,17.825,61.6,3.6,6.2,2.81061,8.25522,12.56476,66.25724,8.609,0.99253
22/04/2020,8:00:00,0.056857,19.6,57.8,3.4,6.7,2.40007,6.95166,10.63172,67.45466,9.552,1.0587
22/04/2020,9:00:00,0.073915,23.6,51.7,3.7,8.1,2.14743,5.93758,9.23026,70.19875,10.826,0.92636
22/04/2020,10:00:00,0.079601,23.975,65.6,4.4,12.5,2.36849,6.22687,9.8585,72.64348,11.651,1.58805
22/04/2020,11:00:00,0.068229,27.85,82.2,5.2,14.5,2.36849,7.00009,10.63172,83.32048,11.604,1.58805
22/04/2020,12:00:00,0.076758,25.975,81.5,5.2,15.2,1.95795,7.09798,10.10013,95.19489,11.297,2.05123
22/04/2020,13:00:00,0.079601,25.95,83.5,5.3,15.5,1.89479,7.24315,10.14846,101.43145,11.439,1.85272
22/04/2020,14:00:00,0.071072,26.85,85.1,5.2,15.5,2.49481,8.59446,12.41978,101.88049,12.099,2.1174
22/04/2020,15:00:00,0.099501,26.225,85.1,5.1,15.1,2.24217,9.36844,12.80639,106.07146,12.618,2.51441
22/04/2020,16:00:00,0.10803,27.3,83.4,5,14.3,2.24217,8.59523,12.03317,107.41855,12.547,1.78656
22/04/2020,17:00:00,0.10803,25.475,82.4,4.8,13.1,1.64215,8.21044,10.72837,107.26888,11.651,1.98506
22/04/2020,18:00:00,0.105187,22.75,78.5,4.3,11.5,1.51583,7.87254,10.19678,104.57468,10.849,1.72039
22/04/2020,19:00:00,0.110873,22.875,75.8,3.2,9.6,1.35793,10.38597,12.4681,99.08651,11.132,1.65422
22/04/2020,20:00:00,0.096658,23.125,69.6,3.3,8.1,1.07372,12.17489,13.82123,93.89769,11.91,1.52188
22/04/2020,21:00:00,0.076758,20.55,63.8,3,7,0.7895,5.70007,6.91062,89.8065,11.344,0.99253
22/04/2020,22:00:00,0.073915,18.925,57.1,2.8,6.1,0.7895,4.34694,5.55749,84.56779,10.802,0.99253
22/04/2020,23:00:00,0.071072,17.25,57.4,3.3,6.1,0.75792,4.34704,5.50916,82.97123,9.741,1.19104
22/04/2020,24:00:00,0.065386,15.5,49.2,3.3,5.8,0.6316,3.23593,4.20436,83.42026,8.609,1.58805
23/04/2020,1:00:00,0.065376,15.85,13.9,2.8,3.7,0.67403,3.80143,4.83492,76.76793,9.387,0.97059
23/04/2020,2:00:00,0.068217,15.35,22.4,3,4.1,0.71615,4.89721,5.9953,71.44606,10.259,1.14706
23/04/2020,3:00:00,0.076744,17.075,26.2,3.3,3.8,0.85306,4.49389,5.8019,67.65423,12.217,0.8603
23/04/2020,4:00:00,0.088114,17.925,24,2.9,3.5,0.82147,4.44564,5.7052,66.5067,13.208,0.8603
23/04/2020,5:00:00,0.096641,18.7,19.5,3.3,3.3,1.2322,6.42671,8.31606,67.45466,13.821,1.125
23/04/2020,6:00:00,0.090957,18.675,18.9,3.1,3.2,1.83251,10.29282,13.10262,64.46111,13.231,0.59559
23/04/2020,7:00:00,0.113696,19.175,23.1,3,3.2,3.44385,14.97781,20.2583,63.06412,13.066,1.125
23/04/2020,8:00:00,0.088114,17.025,23.2,3,3.7,3.7282,9.99698,15.71348,72.4938,11.557,1.32353
23/04/2020,9:00:00,0.102326,15.875,23.6,2.8,4.8,2.46441,7.9218,11.7005,79.22929,9.764,1.25736
23/04/2020,10:00:00,0.090957,16.575,35.4,3,7.5,2.43281,6.32637,10.05663,83.12091,9.481,1.45589
23/04/2020,11:00:00,0.102326,21.65,49.2,3.3,11.2,2.496,7.7283,11.55545,83.47015,10.684,1.38971
23/04/2020,12:00:00,0.102326,17.475,62.3,3.3,13.4,2.78036,7.87249,12.13564,85.8151,9.528,1.38971
23/04/2020,13:00:00,0.159174,21.95,61.6,3.2,14.6,2.74876,8.54947,12.76418,92.70027,10.849,1.9853
23/04/2020,14:00:00,0.068217,14.375,69.1,3.1,15.5,2.11686,7.34266,10.58847,94.84564,6.415,1.32353
23/04/2020,15:00:00,0.090957,13.675,66,3.2,15.8,2.496,9.37218,13.19932,94.69597,5.542,1.58824
23/04/2020,16:00:00,0.105168,13.575,64.6,3.4,15.4,2.68557,9.08151,13.19932,97.88909,5.613,1.9853
23/04/2020,17:00:00,0.073902,12.25,71.2,3.4,14.4,2.02208,8.40663,11.5071,100.93253,5.212,1.38971
23/04/2020,18:00:00,0.085272,12.725,72.5,2.9,12.6,1.39018,8.98873,11.12031,100.13425,5.708,1.52206
23/04/2020,19:00:00,0.113696,17.8,68.1,2.4,10.1,1.42177,9.85892,12.03894,95.19489,8.514,1.9853
23/04/2020,20:00:00,0.099483,18.9,67.2,2.4,8.4,1.32699,9.90756,11.94225,88.16005,10.896,1.45589
23/04/2020,21:00:00,0.085272,19.975,52,2.1,6.8,1.13742,9.76309,11.5071,80.4766,12.689,1.19118
23/04/2020,22:00:00,0.093798,19.125,29.1,2.2,5.6,1.16901,10.43988,12.23234,76.5351,13.797,1.72059
23/04/2020,23:00:00,0.113696,20.425,21.9,2.6,5.2,1.04263,9.37658,10.97526,74.04047,14.481,1.45589
23/04/2020,24:00:00,0.099483,20.425,20.4,2.4,4.6,1.10582,7.92591,9.62148,71.89509,15.66,1.38971
24/04/2020,1:00:00,0.143991,19.75,337,1.9,3.1,0.50576,6.44812,7.2236,72.64348,14.788,1.76492
24/04/2020,2:00:00,0.151568,18.05,343.8,2,2.2,0.42147,7.02884,7.67508,79.42886,13.396,1.50018
24/04/2020,3:00:00,0.150622,20.825,337.3,1.9,1.7,0.53737,5.60957,6.43352,76.28563,15.307,1.32369
24/04/2020,4:00:00,0.153464,21.625,343.4,2.4,1.2,0.6322,6.86696,7.83632,69.25079,15.873,1.25751
24/04/2020,5:00:00,0.161989,24.325,9.3,2.2,1.1,1.10635,11.89625,13.59263,59.97079,17.5,1.32369
24/04/2020,6:00:00,0.150622,25.375,19.5,2.3,2.3,3.22422,18.22662,23.17036,49.94239,17.524,0.92658
24/04/2020,7:00:00,0.164831,23.975,24,1.8,2.9,4.3938,18.1747,24.91176,55.63014,16.533,1.45606
24/04/2020,8:00:00,0.153464,21.025,26.6,0.9,4.3,2.68685,10.82727,14.94706,70.89724,15,2.11791
24/04/2020,9:00:00,0.122203,17.825,59,1.4,8.8,2.68685,11.16588,15.28566,85.1665,12.076,1.78699
24/04/2020,10:00:00,0.096625,17.175,85.1,2.3,11.2,2.43397,9.03826,12.7703,98.03876,9.41,2.31646
24/04/2020,11:00:00,0.090941,13.375,91.5,2.4,12.7,1.48567,6.96112,9.23912,80.609648,7.689,1.65462
24/04/2020,12:00:00,0.05968,11.65,97.3,2.6,14,1.73855,8.4599,11.12564,81.534324,6.274,1.19132
24/04/2020,13:00:00,0.0881,12.45,102.1,2.7,14.8,2.71846,7.29599,11.46425,98.58758,5.943,1.19132
24/04/2020,14:00:00,0.085258,8.875,105,2.7,15.2,2.37075,6.76495,10.40006,100.33382,4.245,0.99277
24/04/2020,15:00:00,0.093783,9.95,110.8,2.5,15.4,2.08626,6.76581,9.9647,103.32737,4.717,1.05895
24/04/2020,16:00:00,0.105151,13.05,112.8,2.3,15.3,1.92821,6.5728,9.52935,105.57253,5.873,1.32369
24/04/2020,17:00:00,0.090941,12.375,116.7,2.2,14.8,1.54889,5.84837,8.2233,103.92608,5.354,1.52225
24/04/2020,18:00:00,0.102309,16,122.2,2.2,13.8,1.16957,5.94626,7.73958,94.59618,8.514,2.11791
24/04/2020,19:00:00,0.125044,15.9,124.3,2.3,11.5,1.07474,9.91308,11.56099,83.32048,9.08,2.5812
24/04/2020,20:00:00,0.102309,15.025,122.2,2.7,9.5,0.82186,7.97895,9.23912,80.5265,9.198,1.85317
24/04/2020,21:00:00,0.127886,17.975,121.7,2.3,7.9,1.10635,9.526,11.22239,66.70627,12.288,1.58843
24/04/2020,22:00:00,0.144937,18.55,119.8,1.8,6.4,0.85347,6.14071,7.44934,69.35058,14.363,1.19132
24/04/2020,23:00:00,0.139253,18.35,83.6,1.4,5.3,0.82186,6.72127,7.98144,68.85165,14.717,1.38988
24/04/2020,24:00:00,0.142095,18.75,51.7,1.8,4.6,0.79025,4.97996,6.19166,71.94499,15.118,0.79422
25/04/2020,1:00:00,0.116499,21.125,50.9,1.3,3.6,0.21084,6.19399,6.51727,69.51688,17.76,0.35303
25/04/2020,2:00:00,0.116499,23.7,34.6,1.5,2.7,0.21084,8.45245,8.77572,67.45466,19.929,0.79431
25/04/2020,3:00:00,0.116499,26.1,36.8,0.8,2.4,1.20176,13.06316,14.90582,59.67143,22.359,0.9267
25/04/2020,4:00:00,0.11934,30.1,33.3,1,2.6,0.41113,14.80779,15.43818,57.37638,26.179,0.9267
25/04/2020,5:00:00,0.107975,34.5,8,1,1.9,0.56925,12.33914,13.21198,59.07272,30.307,0.9267
25/04/2020,6:00:00,0.105133,43.65,2.3,0.7,2,0.69575,14.66174,15.72855,51.93809,38.373,0.9267
25/04/2020,7:00:00,0.181852,46.35,14.1,0.7,2.5,1.54963,17.27252,19.64859,45.2525,39.717,0.72812
25/04/2020,8:00:00,0.292667,42.825,74.1,0.3,3.5,1.86588,14.80339,17.66437,51.8882,35.071,1.25766
25/04/2020,9:00:00,0.127864,29.85,139.1,0.7,4.6,1.80263,10.49638,13.26038,63.56305,23.019,1.72101
25/04/2020,10:00:00,0.090926,20.675,143.3,1.5,8,3.54202,10.92668,16.35769,63.41337,16.179,2.31674
25/04/2020,11:00:00,0.088085,20,155.8,2.6,11.2,3.09927,8.12107,12.87321,68.85165,13.868,1.98578
25/04/2020,12:00:00,0.073878,22.9,160.8,2.9,13,3.44714,8.99114,14.27668,72.84305,14.623,2.25055
25/04/2020,13:00:00,0.05967,19.9,156.1,2.7,14.3,2.68814,7.49318,11.61493,77.08391,13.892,2.91248
25/04/2020,14:00:00,0.068194,21.425,152.5,2.6,15.1,3.03601,8.16966,12.82482,85.11661,13.915,2.84628
25/04/2020,15:00:00,0.073878,19.175,148.5,2.7,15.4,2.11889,8.31762,11.56653,91.10371,13.137,3.90536
25/04/2020,16:00:00,0.062512,19.15,151.4,2.6,15.4,1.67613,8.56094,11.13097,95.04521,12.146,3.70679
25/04/2020,17:00:00,0.07956,16.175,155.5,2.5,14.9,0.94876,6.72411,8.17885,99.58543,9.953,2.05197
25/04/2020,18:00:00,0.082402,14.175,158.6,2.3,14,0.82225,6.28893,7.5497,100.73296,8.278,1.39004
25/04/2020,19:00:00,0.099451,14.5,147.5,2.1,11.8,0.66413,6.96695,7.98526,95.89339,8.467,0.9267
25/04/2020,20:00:00,0.144913,17.25,150,2.4,10,0.91713,15.19342,16.59967,78.78026,10.283,3.11105
25/04/2020,21:00:00,0.167645,22.6,166.9,2.5,9,0.94876,17.6615,19.11624,68.90154,13.986,4.30252
25/04/2020,22:00:00,0.17901,27.975,181,2.3,8,1.04363,21.58125,23.18146,56.02928,18.514,2.64771
25/04/2020,23:00:00,0.221632,32.175,188,2,7,2.18214,27.82083,31.16673,37.56905,22.642,2.18435
25/04/2020,24:00:00,0.241521,34.4,192,1.7,6.4,1.96076,21.53008,24.53654,43.20691,25.401,1.58862
26/04/2020,1:00:00,0.215913,38.2,231,1.9,6.7,0.63281,19.9466,20.91689,42.90755,28.632,1.76514
26/04/2020,2:00:00,0.250004,39.8,248.1,2.2,6.2,1.18124,22.52727,24.33848,26.27672,29.458,0.97082
26/04/2020,3:00:00,0.230117,38.65,258.4,2.1,5.7,1.29725,18.34677,20.33586,44.75357,29.127,1.12527
26/04/2020,4:00:00,0.178981,35.475,267,2.4,5.3,0.82265,10.45596,11.71733,61.01853,26.91,1.19147
26/04/2020,5:00:00,0.150571,37.625,282.2,1.8,5.8,0.72773,7.01851,8.13434,73.04262,29.175,0.9267
26/04/2020,6:00:00,0.164775,43.15,283,2.1,6.6,0.88593,7.26013,8.61853,79.72822,33.844,1.05908
26/04/2020,7:00:00,0.198866,43.575,269.8,1.5,7.4,1.48709,10.11502,12.39519,82.32263,33.986,1.19147
26/04/2020,8:00:00,0.164775,44.55,262.5,1.8,7.8,1.26561,6.58112,8.5217,98.83704,34.363,2.11816
26/04/2020,9:00:00,0.122161,41.55,260.4,1.9,9.2,1.17069,4.98359,6.77862,113.05641,30.448,2.44913
26/04/2020,10:00:00,0.170458,37.325,280.1,2.4,12.3,1.61365,6.43481,8.90905,127.12609,26.769,2.25055
26/04/2020,11:00:00,0.193185,39.125,274.3,3.3,14.6,1.8035,9.14569,11.911,136.20653,27.689,1.7872
26/04/2020,12:00:00,0.142048,40.375,276.9,3.4,15.4,1.64529,6.62839,9.15114,128.77254,29.269,1.65481
26/04/2020,13:00:00,0.173298,35.15,277.4,3.7,15.3,1.64529,7.30625,9.829,127.87448,25.142,1.52243
26/04/2020,14:00:00,0.105116,30.425,270.5,3.6,15.1,1.36053,7.0166,9.10272,127.47534,20.92,1.45624
26/04/2020,15:00:00,0.130684,34.95,277.2,3.2,14.3,1.61365,7.6937,10.16793,118.09555,24.458,1.45624
26/04/2020,16:00:00,0.196026,32.225,276.2,3.3,13.7,1.99334,9.29037,12.34677,116.34931,22.311,1.32385
26/04/2020,17:00:00,0.107956,27.825,287,3.1,13.2,1.58201,6.28965,8.71537,112.60737,19.717,1.58862
26/04/2020,18:00:00,0.170458,24.45,299.9,2.9,11.9,1.77186,6.67643,9.39323,103.97597,17.217,1.58862
26/04/2020,19:00:00,0.116479,19.575,300.6,2.6,10.9,1.61365,5.41802,7.89225,89.65682,13.679,1.58862
26/04/2020,20:00:00,0.062501,20.975,288.7,2.7,10.2,1.48709,5.03105,7.31123,92.4508,14.316,1.39004
26/04/2020,21:00:00,0.068183,17.85,290.8,2.4,9.8,1.64529,4.93374,7.45648,85.1665,12.311,1.25766
26/04/2020,22:00:00,0.068183,11.375,275.7,2.5,9.3,1.55037,3.82039,6.1976,84.01897,6.981,0.99289
26/04/2020,23:00:00,0.082388,4.975,305,2.1,9,1.77186,3.96498,6.68178,77.28348,2.901,1.39004
26/04/2020,24:00:00,0.062501,3.775,279.2,2.2,7.4,1.48709,2.36802,4.6482,75.68692,2.17,1.45624
27/04/2020,1:00:00,0.121193,4.475,303.9,2.6,8.3,1.01297,1.4179,2.9711,73.50828,2.123,1.32417
27/04/2020,2:00:00,0.143917,3.675,320.4,2.2,7.4,0.63311,2.96919,3.93994,70.24864,2.005,1.32417
27/04/2020,3:00:00,0.142023,4.125,327.6,2.1,6.4,0.60145,2.51716,3.43938,66.25724,2.052,1.12555
27/04/2020,4:00:00,0.136343,3.7,319.1,2.3,6.9,0.69642,2.85597,3.92379,60.91874,2.099,1.05934
27/04/2020,5:00:00,0.133502,4.2,314.3,2.2,5.3,0.88635,3.58202,4.94107,57.2267,2.005,0.99313
27/04/2020,6:00:00,0.12498,4.025,319.5,2.3,5.3,1.70939,7.30956,9.93059,47.59745,2.123,1.05934
27/04/2020,7:00:00,0.150545,4.575,316.7,2,6.7,3.51374,12.39051,17.77818,40.51271,2.075,0.92692
27/04/2020,8:00:00,0.122141,5.35,1.3,2.3,8.2,2.62739,9.09914,13.12776,51.93809,2.052,0.7945
27/04/2020,9:00:00,0.099417,4.425,10.8,1.9,10.7,1.86767,3.72439,6.5881,65.35918,1.627,1.12555
27/04/2020,10:00:00,0.073852,4.225,15.2,2.4,12.2,1.74104,2.56216,5.23173,70.89724,1.651,1.19175
27/04/2020,11:00:00,0.065331,4.125,5.5,2.6,13.1,1.67773,2.02949,4.60198,77.63273,1.462,0.86071
27/04/2020,12:00:00,0.076693,3.875,4.7,2.7,13.5,1.74104,2.9497,5.61926,78.68047,1.486,0.92692
27/04/2020,13:00:00,0.056809,3.85,11.9,2.5,14,1.96263,2.90059,5.90991,82.97123,1.557,1.05934
27/04/2020,14:00:00,0.068171,4.325,25.7,2.3,14.3,2.12091,3.52985,6.78187,83.66972,1.722,1.05934
27/04/2020,15:00:00,0.065331,4.95,42.5,2.3,14.3,2.12091,4.1596,7.41161,84.5179,1.816,1.05934
27/04/2020,16:00:00,0.102258,4.95,56.5,2.5,14,2.50077,5.07885,8.91331,84.5179,1.981,1.05934
27/04/2020,17:00:00,0.102258,5.1,71.1,2.5,13.4,2.18422,4.59538,7.94447,87.21209,2.075,0.92692
27/04/2020,18:00:00,0.099417,7.375,85.5,2.2,12.5,1.89932,4.25715,7.1694,85.1665,2.689,1.05934
27/04/2020,19:00:00,0.107938,10.55,96.7,2.2,10.7,1.74104,4.74205,7.41161,74.19015,4.882,1.39038
27/04/2020,20:00:00,0.102258,7.175,118.9,3.3,8.6,1.32953,3.96822,6.0068,72.09466,3.396,1.05934
27/04/2020,21:00:00,0.113619,5.775,90.2,1.9,7.1,1.26621,3.7262,5.6677,70.94714,2.689,0.7945
27/04/2020,22:00:00,0.1193,5.275,80.4,1.7,5.8,1.17125,3.24207,5.03796,67.35488,3.16,1.05934
27/04/2020,23:00:00,0.102258,4.7,62.6,1.7,4.8,1.10794,1.93433,3.63314,70.64778,2.689,0.92692
27/04/2020,24:00:00,0.107938,7.575,36.4,2.1,4.7,1.23456,2.75746,4.65042,68.5523,5.448,1.25796
28/04/2020,1:00:00,0.0852,5.225,50.7,1.9,3.9,0.54895,3.74631,4.58803,69.11774,3.255,0.88289
28/04/2020,2:00:00,0.093719,4.225,21.3,1.9,2.8,0.38005,3.48834,4.07107,67.05552,2.925,1.23604
28/04/2020,3:00:00,0.08804,4.2,28.2,2,2.4,0.3167,2.13151,2.61712,67.95359,2.642,0.66217
28/04/2020,4:00:00,0.07668,3.875,20.2,1.7,2.4,0.47506,1.93717,2.66558,70.19875,2.5,0.92703
28/04/2020,5:00:00,0.073839,3.8,32.9,2.4,2.4,0.57007,2.08228,2.95637,75.28778,2.288,0.92703
28/04/2020,6:00:00,0.0568,5.4,42.1,2.6,2.7,0.8551,3.34151,4.65265,71.79531,2.618,0.59595
28/04/2020,7:00:00,0.06532,6.025,39.7,2.6,2.7,1.42517,5.9569,8.14213,71.09681,3.042,0.99325
28/04/2020,8:00:00,0.07952,9,41.7,2.7,3.1,1.26682,5.66659,7.60902,73.09251,4.151,1.1919
28/04/2020,9:00:00,0.073839,9.25,47.5,2.6,4,1.36183,4.697,6.78511,74.4895,4.222,1.05946
28/04/2020,10:00:00,0.07668,9.275,57.9,2.8,5.7,1.3935,4.30919,6.44586,74.04047,4.811,1.1919
28/04/2020,11:00:00,0.0852,10.85,78.4,3,7.5,1.45684,4.1636,6.39739,74.38972,5.283,1.05946
28/04/2020,12:00:00,0.07668,9.65,84.2,2.9,9.6,1.74187,5.22897,7.89981,75.73682,4.929,1.25811
28/04/2020,13:00:00,0.07952,9,96,4,10,1.77355,4.25957,6.97897,79.67832,4.717,1.12568
28/04/2020,14:00:00,0.073839,9.975,90.2,3.8,9.9,1.99524,5.519,8.57832,77.63273,4.835,0.86081
28/04/2020,15:00:00,0.093719,11.35,98.8,4.3,9.5,1.86856,7.07026,9.93534,74.58929,5,0.92703
28/04/2020,16:00:00,0.10792,11.35,102.7,3.9,8.5,2.09025,7.60271,10.80772,71.8452,5.071,1.45676
28/04/2020,17:00:00,0.124959,9.15,93.9,3.3,7.8,1.77355,7.74906,10.46846,71.39617,4.717,0.7946
28/04/2020,18:00:00,0.0852,10.65,84.5,2.9,7.5,1.0768,5.13405,6.78511,74.4895,5.354,0.92703
28/04/2020,19:00:00,0.119279,8.225,97.1,2.8,7.1,1.55185,11.43308,13.81255,58.5738,5.472,0.7946
28/04/2020,20:00:00,0.09656,5.775,109.6,2.5,6.7,0.98178,8.42996,9.93534,67.90369,3.892,0.7946
28/04/2020,21:00:00,0.10508,8.525,103.6,1.9,6.4,0.79176,4.4564,5.67042,71.39617,6.415,1.12568
28/04/2020,22:00:00,0.11644,7.9,106.5,1.8,5.7,1.0768,6.7334,8.38446,66.60649,5.425,0.52973
28/04/2020,23:00:00,0.08804,6.125,139.3,1.5,4.7,0.8551,2.75993,4.07107,73.69122,4.34,0.92703
28/04/2020,24:00:00,0.093719,5.225,158.6,1.6,5.3,0.88677,2.8083,4.168,71.99488,3.679,0.7946
29/04/2020,1:00:00,0.164691,6.05,70.5,1.4,3.5,0.92944,3.61765,5.04278,67.18857,4.222,0.97129
29/04/2020,2:00:00,0.184569,7.75,60,1.4,3.4,0.67596,6.20446,7.24091,58.40749,5.825,0.70639
29/04/2020,3:00:00,0.212964,8.3,70,1.2,3.5,0.72877,5.86488,6.98231,51.98799,6.675,0.86092
29/04/2020,4:00:00,0.17605,8.15,104.5,0.9,3.4,0.98225,4.36098,5.86708,52.5368,6.297,1.45694
29/04/2020,5:00:00,0.181729,8.025,116.1,1.1,3.3,1.42585,6.39615,8.58242,45.2525,5.991,1.05959
29/04/2020,6:00:00,0.170371,9.35,94.9,1.3,3.5,1.33079,5.91156,7.95208,44.30454,6.415,0.99337
29/04/2020,7:00:00,0.184569,11.225,125.3,2.2,4.3,2.12293,10.75799,14.01311,34.22626,7.382,1.25827
29/04/2020,8:00:00,0.190248,12.5,151.7,3.2,5.5,2.78833,12.06517,16.34055,38.36733,7.995,1.45694
29/04/2020,9:00:00,0.147654,10.925,149.8,3.8,6,4.53103,7.84091,14.7884,61.71702,6.085,1.32449
29/04/2020,10:00:00,0.2182516,10.8,142.8,3.9,6.3,4.54427,22.843232,29.811012,50.39143,6.061,1.283814
29/04/2020,11:00:00,0.156173,9.625,148.3,4.2,6.8,2.24967,14.17663,17.62608,69.15101,4.552,3.04632
29/04/2020,12:00:00,0.17605,10.675,146.6,4.3,7.3,2.05956,14.80616,17.96411,66.05767,5.401,2.45031
29/04/2020,13:00:00,0.190248,11.5,149,4.4,7.7,1.67934,16.40327,18.97822,64.511,4.929,1.65561
29/04/2020,14:00:00,0.227161,12.45,151.8,4.4,8.4,3.2953,22.42465,27.47737,55.8796,6.014,1.85429
29/04/2020,15:00:00,0.218643,9.6,156.8,4,8.4,3.16856,19.81813,24.67651,56.22885,6.179,1.19204
29/04/2020,16:00:00,0.215803,9.05,143.6,4.2,9.1,4.08744,22.5139,28.78121,53.2353,6.958,1.19204
29/04/2020,17:00:00,0.204445,9.35,145.6,4.5,10.3,2.56653,17.26429,21.19958,57.32648,7.264,1.19204
29/04/2020,18:00:00,0.201606,9.975,140.7,3.1,9.5,1.26742,16.21392,18.15728,55.77982,8.42,1.12582
29/04/2020,19:00:00,0.23284,13.175,136.4,2.5,8.3,1.64765,16.98305,19.50941,52.33723,11.274,1.12582
29/04/2020,20:00:00,0.264074,18.975,138.6,2,6.4,2.56653,31.31687,35.25216,34.52561,15.165,1.39071
29/04/2020,21:00:00,0.278272,20.15,138,1.3,6.4,3.20024,38.40972,43.31669,19.957,16.651,1.25827
29/04/2020,22:00:00,0.312347,24.525,160.7,1,5.2,3.0735,36.81731,41.52994,18.6598,21.227,1.19204
29/04/2020,23:00:00,0.29247,24.775,153.7,1,4.6,2.78833,29.86609,34.14147,23.10023,21.863,1.19204
29/04/2020,24:00:00,0.235679,25.4,109,1.4,4.7,0.91888,21.96373,23.37266,28.78797,22.406,0.5298
30/04/2020,1:00:00,0.170302,26.5,157.8,2.7,6,1.01844,27.85227,29.41386,19.0922,23.632,0.9003
30/04/2020,2:00:00,0.196793,20.7,178.6,3,6.9,1.78227,31.48599,34.21877,15.36689,16.533,0.81027
30/04/2020,3:00:00,0.158948,13.625,182.5,2.8,5.7,0.85931,22.05766,23.37525,31.98109,8.892,1.08036
30/04/2020,4:00:00,0.136242,10.1,174.4,3.1,4.9,0.50922,14.46182,15.24261,43.15701,5.896,0.47266
30/04/2020,5:00:00,0.119212,6.125,178.4,3.4,4.4,0.66835,15.24049,16.26528,48.19616,3.538,0.87779
30/04/2020,6:00:00,0.105019,6.475,190.9,4.1,5.5,1.90958,23.75877,26.68674,41.06153,3.113,1.2154
30/04/2020,7:00:00,0.119212,7.225,200.1,5.1,7.3,4.13742,27.55017,33.89411,41.95959,3.231,1.08036
30/04/2020,8:00:00,0.136242,9.775,204.2,6,9.1,6.49256,21.26058,31.2157,51.18971,3.726,1.14788
30/04/2020,9:00:00,0.124888,8.2,202.4,6.2,10.2,3.46906,9.58257,14.90172,70.548,2.995,0.87779
30/04/2020,10:00:00,0.065283,10.475,200.2,6.5,11.8,5.53777,15.17631,23.66744,65.35918,3.656,0.94531
30/04/2020,11:00:00,0.073797,19.025,198.6,7.3,11.8,4.04194,13.03834,19.23588,68.30283,5.472,1.08036
30/04/2020,12:00:00,0.087989,18.3,193.4,5.6,11.2,3.56454,13.33204,18.7976,67.00563,4.575,1.08036
30/04/2020,13:00:00,0.113534,12.725,205.4,4.2,10.7,3.91463,11.0421,17.04445,69.94929,3.561,1.14788
30/04/2020,14:00:00,0.093666,6.3,184.5,5,11.6,2.5461,11.67953,15.5835,71.94499,2.335,0.94531
30/04/2020,15:00:00,0.107857,11.4,188.9,5,13,3.05532,12.79798,17.48274,72.34413,2.665,0.81027
30/04/2020,16:00:00,0.212877,6.475,243.7,3.8,11.4,3.66002,17.22761,22.83957,64.66068,1.792,0.94531
30/04/2020,17:00:00,0.184493,3.325,249.1,3.8,11.8,3.81915,20.6847,26.54065,61.8667,1.698,1.2154
30/04/2020,18:00:00,0.354796,3.925,267.2,3.3,10,4.10559,19.27153,25.56668,64.11186,1.887,0.87779
30/04/2020,19:00:00,0.207201,2.475,259.9,3,8.4,2.76889,17.27915,21.52471,64.01208,1.486,0.67523
30/04/2020,20:00:00,0.193009,6.5,244.7,2.9,7.6,2.16419,20.00818,23.32655,56.27874,3.892,0.81027
30/04/2020,21:00:00,0.13908,6.225,247.4,3.5,7.2,0.6047,11.58831,12.5155,62.16606,4.528,0.87779
30/04/2020,22:00:00,0.15611,2.075,253,3.9,7.7,1.52766,9.44264,11.78502,66.25724,1.651,0.67523
30/04/2020,23:00:00,0.116373,4.4,270.1,3.3,6.7,0.44557,10.17656,10.85975,61.66713,2.972,0.67523
30/04/2020,24:00:00,0.099342,3.9,281.5,2.7,5.8,0.12731,9.64189,9.83709,59.42197,2.807,0.6077
1/5/2020,1:00:00,0.110651,3.875,245.8,2.2,3.3,0.25574,8.54185,8.93397,59.80448,2.83,1.00937
1/5/2020,2:00:00,0.079442,2.05,287.5,2.6,3.8,0.12787,6.84678,7.04284,64.32806,1.557,0.27528
1/5/2020,3:00:00,0.079442,2.05,293.4,3.4,4.8,0.15984,6.01523,6.2603,62.01638,1.509,1.0323
1/5/2020,4:00:00,0.079442,3.425,291.4,3.4,4.5,0.22377,5.9661,6.30921,57.37638,2.759,0.89466
1/5/2020,5:00:00,0.079442,4.125,283.5,3.4,4,0.44754,6.65008,7.33629,57.67573,3.325,0.55056
1/5/2020,6:00:00,0.07093,4.475,288.1,3.3,4.1,1.98195,12.31835,15.3573,54.83186,3.019,0.48174
1/5/2020,7:00:00,0.085116,5.275,280.2,3.5,4.6,4.79505,21.94395,29.29625,47.79702,3.42,0.61938
1/5/2020,8:00:00,0.087954,5.575,285.1,3.8,6.2,4.76308,17.73792,25.04121,52.43702,3.538,0.75702
1/5/2020,9:00:00,0.082279,6.925,293,4.9,8.9,4.09177,15.29473,21.5687,52.48691,3.962,0.55056
1/5/2020,10:00:00,0.082279,7.625,298.3,5.3,10.1,4.50734,13.53263,20.4438,55.231,4.292,0.61938
1/5/2020,11:00:00,0.065256,6.35,305.4,5.3,11.8,3.77211,13.19273,18.97654,60.5695,3.467,1.16995
1/5/2020,12:00:00,0.147536,4.95,309.5,5.4,12.8,4.63521,14.36365,21.47088,68.30283,2.075,0.75702
1/5/2020,13:00:00,0.269536,7.65,309.3,5.3,13.6,6.74503,24.5785,34.92074,66.05767,3.42,1.10112
1/5/2020,14:00:00,0.209954,8.1,304.3,5.5,13.7,6.5852,19.44363,29.5408,68.95144,3.915,0.96348
1/5/2020,15:00:00,0.156047,6.525,290.6,6.1,13.1,5.05078,13.97099,21.71542,76.78456,3.113,1.23876
1/5/2020,16:00:00,0.133349,5.8,288.7,6.1,12.4,3.6762,12.60614,18.24291,78.03187,3.208,1.0323
1/5/2020,17:00:00,0.15321,6.5,286.7,5.9,11,3.89997,17.54517,23.52504,77.88219,3.255,0.82584
1/5/2020,18:00:00,0.147536,5.475,287.2,5.1,8.8,2.23769,15.83892,19.26999,76.78456,3.208,0.75702
1/5/2020,19:00:00,0.127674,5.65,284.7,4.8,8,1.59835,15.10742,17.55819,77.28348,3.42,0.96348
1/5/2020,20:00:00,0.090791,5.55,285.1,4.8,7.6,0.99098,15.59854,17.11801,77.1837,3.255,1.0323
1/5/2020,21:00:00,0.090791,5.75,287.8,4.7,7.4,1.18278,17.26079,19.07436,74.4895,3.609,0.48174
1/5/2020,22:00:00,0.119163,6.35,286.7,4.3,7.3,1.11884,16.86973,18.58527,71.49595,3.726,0.96348
1/5/2020,23:00:00,0.093628,5.925,286.4,3.8,7.1,0.67131,13.69217,14.72149,70.34843,3.844,0.89466
1/5/2020,24:00:00,0.07093,5.125,279.1,3.1,6.4,0.31967,10.26974,10.75989,72.34413,3.42,1.0323
2/5/2020,1:00:00,0.09359,3.8,277.4,2.7,4.6,0.17124,6.15562,6.41819,74.24004,2.571,0.84142
2/5/2020,2:00:00,0.104934,2.8,281.7,3.1,4.4,0.12843,8.64445,8.84138,77.36664,1.816,1.0284
2/5/2020,3:00:00,0.09359,2.95,292.2,3.5,4.4,0.28897,9.52803,9.97111,76.78456,1.698,0.98165
2/5/2020,4:00:00,0.090754,3.775,289.7,3.5,4.3,0.09632,5.89392,6.04161,76.4852,2.17,0.91154
2/5/2020,5:00:00,0.096426,4.65,296.6,4,5.8,0.32108,6.92462,7.41694,73.89079,3.042,0.84142
2/5/2020,6:00:00,0.07941,5.7,302.4,3.6,6.2,0.54583,7.41503,8.25195,72.99273,3.75,0.63106
2/5/2020,7:00:00,0.119115,6.85,300.1,3.6,6.2,1.70171,9.91604,12.52529,66.95574,4.575,0.91154
2/5/2020,8:00:00,0.082246,7.25,295.3,3.3,6.8,1.60539,6.72365,9.18521,72.44391,4.67,1.19201
2/5/2020,9:00:00,0.07941,7.8,295.6,3.6,8.7,1.73382,6.9688,9.62728,74.14026,4.788,0.7713
2/5/2020,10:00:00,0.076574,7.525,302.9,4.4,11.8,2.60072,9.12699,13.11471,73.69122,4.693,0.7713
2/5/2020,11:00:00,0.073738,5.425,307,4.1,13.4,2.27965,8.34221,11.83762,76.58499,3.561,1.05177
2/5/2020,12:00:00,0.082246,5.375,309.6,4.5,14,1.60539,8.54105,11.00261,76.83445,3.302,1.12189
2/5/2020,13:00:00,0.175836,4.275,307.6,4.3,14.4,3.30709,12.61195,17.68276,78.73037,2.241,1.05177
2/5/2020,14:00:00,0.090754,4.95,307.6,4.3,15.3,2.21543,8.53892,11.93586,83.96908,2.406,1.19201
2/5/2020,15:00:00,0.090754,5.15,294.9,4.5,15.1,2.53651,9.52017,13.40943,85.86499,2.783,1.05177
2/5/2020,16:00:00,0.10777,5.175,290.5,4.4,14.6,2.15122,9.57063,12.86912,85.06671,2.783,0.98165
2/5/2020,17:00:00,0.096426,4.45,286.9,4.2,13.8,2.11911,10.06193,13.31119,81.07531,2.665,0.7713
2/5/2020,18:00:00,0.150311,5.475,291.7,3.9,12.6,2.15122,10.74948,14.04797,75.63703,3.09,0.98165
2/5/2020,19:00:00,0.082246,5.075,300.9,2.7,10.9,1.05955,11.24449,12.86912,76.5351,2.995,1.26213
2/5/2020,20:00:00,0.073738,4.875,306.1,2.3,9,0.80269,11.19627,12.42705,74.98843,2.972,1.26213
2/5/2020,21:00:00,0.059557,4.675,313.6,2.3,7.8,0.54583,10.41127,11.2482,75.33768,3.16,1.12189
2/5/2020,22:00:00,0.087918,4.975,334.1,2.1,6.7,0.25686,10.90347,11.29732,73.29208,3.443,1.33224
2/5/2020,23:00:00,0.087918,6.075,350.8,2.2,5.7,0.35318,11.73815,12.27969,68.40262,3.868,1.05177
2/5/2020,24:00:00,0.102098,6.875,6.2,2,5.5,0.48162,12.42536,13.16383,62.5652,5,0.7713
3/5/2020,1:00:00,0.132296,9.175,27.2,0.7,5.6,0.64497,15.58559,16.57452,52.02125,6.557,1.14266
3/5/2020,2:00:00,0.162535,9,335.7,0.5,4.3,0.51597,18.67734,19.46849,38.11787,6.91,0.95221
3/5/2020,3:00:00,0.141746,9.425,7.7,1,3.7,0.64497,15.38827,16.37721,35.87271,7.193,0.85699
3/5/2020,4:00:00,0.144581,8.025,14.4,1.1,3.9,0.67722,13.80963,14.84801,32.97894,6.415,1.49974
3/5/2020,5:00:00,0.147416,9.375,0.1,1.1,3,0.9997,14.20308,15.73593,27.74023,6.934,0.78558
3/5/2020,6:00:00,0.153085,11.375,351.4,0.9,3.3,2.67662,17.60064,21.70473,22.40173,8.585,1.07124
3/5/2020,7:00:00,0.195609,13.975,351.5,0.7,3.6,4.57928,20.06013,27.08159,25.49507,10.377,0.85699
3/5/2020,8:00:00,0.189939,15.65,21.3,0.6,4.4,3.74082,16.36353,22.09936,41.31099,12.146,1.21407
3/5/2020,9:00:00,0.235298,19.7,74.7,0.9,5.4,4.70827,16.50798,23.72722,52.18756,16.014,1.35691
3/5/2020,10:00:00,0.167259,21.85,107.9,1,7.5,3.80531,14.58745,20.42218,61.96649,17.642,1.57115
3/5/2020,11:00:00,0.076543,18.275,99.8,1.4,9.7,3.57957,11.08592,16.57452,69.2009,14.528,1.92823
3/5/2020,12:00:00,0.065203,13.65,122.3,1.6,11.5,1.74141,10.05673,12.72687,74.28993,10.472,1.57115
3/5/2020,13:00:00,0.062369,11.275,126.5,1.9,12.7,1.80591,7.49139,10.26042,76.58499,8.184,1.92823
3/5/2020,14:00:00,0.059534,7.35,125.6,1.8,13.2,1.77366,7.49151,10.21109,78.58069,5.236,1.07124
3/5/2020,15:00:00,0.059534,7.075,108.7,1.5,14,1.67692,6.89992,9.47116,82.22284,4.599,0.99983
3/5/2020,16:00:00,0.062369,6.925,103.4,1.5,14.3,0.9997,6.50776,8.04062,88.01037,4.929,0.85699
3/5/2020,17:00:00,0.079377,9.2,99.5,1.5,14.2,0.80621,10.10949,11.34566,84.41811,6.014,1.28549
3/5/2020,18:00:00,0.212618,13.55,153.4,1.6,13.5,1.41893,18.8878,21.06346,66.75617,10.094,3.5708
3/5/2020,19:00:00,0.099222,12.375,198.5,2.2,11.5,1.03195,14.79491,16.37721,69.2009,9.41,1.7854
3/5/2020,20:00:00,0.073708,10.875,211,2.1,9.3,0.45148,14.4024,15.09466,68.20305,8.962,1.64257
3/5/2020,21:00:00,0.087882,13.275,247.7,2.4,8,0.48373,14.30362,15.04533,60.12046,11.038,1.28549
3/5/2020,22:00:00,0.113397,13.9,289.7,1.9,6.9,0.32248,11.64045,12.13492,50.94024,12.264,1.35691
3/5/2020,23:00:00,0.127571,17.075,350.5,2,5.8,0.29024,12.42983,12.87485,51.83831,14.552,0.49991
3/5/2020,24:00:00,0.13324,18.65,7.7,2.4,6.1,0.38698,9.76572,10.35908,49.59315,16.109,0.99983
4/5/2020,1:00:00,0.257873,20.275,100.7,1.3,8.3,0.17274,8.85033,9.1152,52.95257,18.137,0.96952
4/5/2020,2:00:00,0.255039,21.7,290.1,1.3,8,0.12956,8.65234,8.85099,54.34956,19.505,0.67866
4/5/2020,3:00:00,0.26354,22.625,339,1.2,7.7,0.2915,8.02422,8.47119,51.8882,20.307,1.23614
4/5/2020,4:00:00,0.246537,17.825,34,1.9,7.6,0.16195,6.34039,6.5887,55.18111,15.778,1.23614
4/5/2020,5:00:00,0.240869,16.6,40.4,2.5,7.5,0.32389,9.11396,9.61059,52.63659,14.788,0.94528
4/5/2020,6:00:00,0.24937,18.525,40,2.1,7.3,1.7814,11.53582,14.26726,44.85336,15.472,1.23614
4/5/2020,7:00:00,0.246537,18.475,45.6,1.8,7.7,3.75714,14.15385,19.91472,47.8968,15.708,1.23614
4/5/2020,8:00:00,0.255039,22.225,43.1,1.5,8.4,4.1782,16.67874,23.08522,44.70368,18.986,0.65442
4/5/2020,9:00:00,0.110516,19.325,55.4,2,9.4,2.20246,9.1068,12.48386,57.67573,16.462,1.45428
4/5/2020,10:00:00,0.218199,14.5,66.5,2.7,10.5,1.58707,7.42481,9.85828,68.75187,11.675,1.52699
4/5/2020,11:00:00,0.334384,14.55,65,3.5,11.8,2.42919,10.88934,14.61404,66.20735,10.401,1.38156
4/5/2020,12:00:00,0.425063,10.175,72.2,4.3,13.4,3.17414,10.58926,15.4562,72.74327,7.736,1.59971
4/5/2020,13:00:00,0.524245,10.4,79.9,4.5,13.6,4.50209,14.99318,21.89629,66.35703,7.854,1.30885
4/5/2020,14:00:00,0.521411,8.45,84.5,4.3,13.6,5.18226,16.92261,24.86863,72.74327,6.627,1.45428
4/5/2020,15:00:00,0.521411,8.3,89.9,4.5,13,7.90295,17.70486,29.82254,70.4981,5.967,1.74513
4/5/2020,16:00:00,0.521411,8.825,93,4.5,12.1,12.04876,18.03582,36.51032,70.44821,5.896,1.09071
4/5/2020,17:00:00,0.535581,9.375,90.7,4.1,10,13.83016,16.88962,38.09557,72.44391,5.755,1.67242
4/5/2020,18:00:00,0.538415,8.15,89.4,4.1,9.2,14.86661,15.74627,38.54143,75.58714,5.094,1.89056
4/5/2020,19:00:00,0.51291,5.55,87.4,4.1,8.4,15.38484,15.44706,39.03682,75.43746,3.538,1.526992
4/5/2020,20:00:00,0.510077,5.3,93.2,4.4,7.9,13.79777,19.11901,40.27529,70.69767,3.373,1.23614
4/5/2020,21:00:00,0.478905,6.95,102.9,4.1,7.8,10.88275,15.61285,32.2995,71.49595,4.929,1.09071
4/5/2020,22:00:00,0.470404,8.725,106.1,2.6,6.4,9.49002,16.31171,30.86286,66.15746,6.392,1.09071
4/5/2020,23:00:00,0.442067,8.925,82.8,2.1,5.1,9.10135,13.39038,27.34559,65.45896,6.651,0.87257
4/5/2020,24:00:00,0.430732,10.125,83.8,2.7,4.6,8.29162,14.97872,27.69236,59.92089,7.453,1.01799
5/5/2020,1:00:00,0.133132,9.9,42.4,1.9,2.2,0.60722,6.10017,7.03123,61.06842,7.264,1.08551
5/5/2020,2:00:00,0.110472,8.75,66.5,2.2,2.8,2.2554,6.09363,9.55186,61.93322,6.769,0.69078
5/5/2020,3:00:00,0.110472,8.425,55.7,2.5,3,2.56986,5.81046,9.75086,60.5196,6.439,1.33221
5/5/2020,4:00:00,0.099141,8.2,53.2,2.5,2.7,2.86263,5.7098,10.0991,61.41767,5.802,0.81413
5/5/2020,5:00:00,0.084978,8.2,50.4,2.5,2.8,2.79757,5.95881,10.24835,60.66928,5.66,0.51808
5/5/2020,6:00:00,0.073648,7.975,57.5,2.8,2.8,2.14697,9.09559,12.38757,59.82111,5.307,0.44407
5/5/2020,7:00:00,0.06515,8.1,77.8,2.5,3.1,4.58671,14.55833,21.59118,55.28089,5.071,0.66611
5/5/2020,8:00:00,0.113305,7.475,85.4,2.4,4.2,4.84695,10.62711,18.05899,67.8538,4.175,0.81413
5/5/2020,9:00:00,0.144463,6.2,90.9,3.7,7.7,6.44091,4.50162,14.37754,82.67187,3.208,1.2582
5/5/2020,10:00:00,0.158626,7.7,99,4.5,10.6,10.76738,6.32517,22.83492,81.32478,3.679,0.96215
5/5/2020,11:00:00,0.186952,7.9,114.7,5.2,12,14.15048,10.24193,31.93903,77.33338,4.08,2.07233
5/5/2020,12:00:00,0.226609,10,116.7,5.1,12.4,18.99743,9.4267,38.55569,79.22929,4.458,1.85029
5/5/2020,13:00:00,0.331415,26.4,110.1,5.1,12.7,31.13106,20.27363,68.00726,79.32908,7.83,2.29436
5/5/2020,14:00:00,0.396565,10.15,107.3,5.3,12.7,34.83947,9.36381,62.78358,82.37252,5.66,2.73844
5/5/2020,15:00:00,0.490041,10.625,104.6,5.3,12.5,42.2888,11.42371,76.26564,81.72392,5.212,3.1085
5/5/2020,16:00:00,0.441887,8.925,103.9,5.2,12.1,46.6478,11.15766,82.68329,83.61983,4.859,2.81245
5/5/2020,17:00:00,0.40223,8.775,109.6,4.9,11.4,48.07911,11.25148,84.97176,83.66972,4.976,2.81245
5/5/2020,18:00:00,0.413561,9.4,106.7,4.7,9.8,47.75382,12.54625,85.76775,79.52865,5.024,3.1085
5/5/2020,19:00:00,0.385235,8.175,108.8,3.5,8.1,46.22491,16.23377,87.11098,73.1923,4.599,3.25652
5/5/2020,20:00:00,0.31442,7.275,100.3,2.9,6.4,36.75873,10.55018,66.91277,77.1837,3.632,1.99832
5/5/2020,21:00:00,0.263433,6.85,100.7,2.5,5.3,26.44677,8.40214,48.95329,75.53725,3.679,1.70227
5/5/2020,22:00:00,0.226609,8.25,97.6,2,4.2,19.81068,10.81645,41.1924,66.60649,4.316,0.81413
5/5/2020,23:00:00,0.189784,8.35,85.7,2.1,3.4,14.99626,9.59183,32.58577,63.96219,4.764,0.96215
5/5/2020,24:00:00,0.181287,8.7,75.1,2,2.8,11.93845,16.76786,35.07324,57.27659,5.566,1.03617
6/5/2020,1:00:00,0.094382,8,26,1.6,1.2,5.53222,14.16567,22.64828,60.7358,5.142,7.22973
6/5/2020,2:00:00,0.086832,8.075,16.2,1.6,0.6,6.27275,17.82631,27.44439,52.22082,5.66,7.53097
6/5/2020,3:00:00,0.07645,8.4,21.7,1.2,1,5.45599,17.26347,25.62919,48.99444,5.896,7.15442
6/5/2020,4:00:00,0.067956,9.225,14.8,1.3,0.3,5.554,23.0084,31.52441,36.27185,6.085,6.92849
6/5/2020,5:00:00,0.05946,9.975,358.1,1.1,-0.4,6.07673,29.45101,38.76853,25.19571,6.085,6.70256
6/5/2020,6:00:00,0.07645,10.75,11.8,1.3,1.7,9.11509,30.68747,44.66374,18.6598,6.58,7.15442
6/5/2020,7:00:00,0.13591,14.45,86.6,0.5,4.8,18.58955,39.89089,68.39447,17.9613,8.302,7.53097
6/5/2020,8:00:00,0.164224,20.925,140.6,1.8,7.6,15.61653,38.60421,62.54922,40.86196,10.542,9.79026
6/5/2020,9:00:00,0.152899,13.675,139.8,2.3,9.4,11.14066,15.59136,32.67347,75.58714,6.415,8.50999
6/5/2020,10:00:00,0.215191,16.05,136.8,2.3,10.8,23.52281,17.48872,53.55652,71.69552,8.42,8.50999
6/5/2020,11:00:00,0.356763,19.225,130.9,2.2,12.2,42.96179,17.80824,83.68206,71.79531,9.387,8.50999
6/5/2020,12:00:00,0.767325,23.8,128.3,2.3,13.4,66.94198,18.15898,120.80193,74.38972,13.491,8.88654
6/5/2020,13:00:00,0.812629,21,127.5,2.8,14.3,81.70908,15.40028,140.68578,80.62628,10.826,6.47663
6/5/2020,14:00:00,0.345438,20.175,131.2,3.2,14.9,40.87087,15.46877,78.13657,85.21639,8.774,8.66061
6/5/2020,15:00:00,0.693707,17.05,138.2,3.1,15.1,66.19056,13.41594,114.90671,84.71747,8.679,7.98282
6/5/2020,16:00:00,0.985347,16.4,153.9,2.7,15.3,89.38666,15.21874,152.27637,82.27273,8.561,5.49761
6/5/2020,17:00:00,1.189213,17.025,162.5,2.7,15,111.50463,15.27741,186.24879,88.65897,8.986,3.16301
6/5/2020,18:00:00,1.342111,15.6,171,2.5,14,129.50611,16.50212,215.07539,92.25123,8.208,1.35557
6/5/2020,19:00:00,1.435549,18.475,173.8,1.4,12.2,147.57293,22.17296,248.44829,88.5093,10.236,0.67779
6/5/2020,20:00:00,1.192044,21.8,128.8,1.8,9.8,124.37683,29.16301,219.87149,66.80606,11.958,2.3346
6/5/2020,21:00:00,0.65973,20.15,125.5,2.5,8.3,86.74034,25.57126,158.57126,60.36993,12.618,5.72354
6/5/2020,22:00:00,0.325617,17.85,144.6,2.6,7.4,63.28288,21.27156,118.30395,58.5239,11.533,7.90751
6/5/2020,23:00:00,0.274651,17.15,158.5,2.2,6.3,47.66635,20.28681,93.37419,54.43272,11.557,8.50999
6/5/2020,24:00:00,0.243505,17.525,173.6,2,5.2,36.42768,27.42739,83.28239,41.95959,11.793,8.28406
7/5/2020,1:00:00,0.452849,17.725,198,0.6,3.8,42.61091,24.96947,90.30529,34.65866,12.099,7.344384
7/5/2020,2:00:00,0.430207,17.1,269.1,0.5,2.9,42.21718,23.43262,88.16472,34.12647,12.076,3.57502
7/5/2020,3:00:00,0.433037,18.15,339,0.1,1.8,39.66884,14.37954,75.20424,31.33249,12.901,3.29413
7/5/2020,4:00:00,0.416055,18.25,347,0.6,1.3,38.3892,15.28807,74.15068,22.6512,13.019,3.21752
7/5/2020,5:00:00,0.413225,18.925,60.9,0.6,1,40.85004,20.54535,83.18121,11.47528,13.443,2.68126
7/5/2020,6:00:00,0.413225,20.1,78.3,0.7,2.7,36.71582,18.3054,74.60221,12.6228,14.151,2.60466
7/5/2020,7:00:00,0.413225,23.475,42.1,1,2.4,44.19679,24.94596,92.71343,12.97205,15.425,3.37073
7/5/2020,8:00:00,0.498134,33.825,81.1,0.8,4.5,59.02749,32.90968,123.41723,16.71399,19.316,6.20521
7/5/2020,9:00:00,0.379261,88.2,148.4,1.3,9.3,66.11473,51.79331,153.16781,20.40603,30.448,17.31331
7/5/2020,10:00:00,0.089297,53.15,156.7,1.8,13.6,14.81634,32.912634,55.630704,37.76862,21.793,1.798518
7/5/2020,11:00:00,0.118873,33.975,188.2,2.1,16.2,8.62937,22.7401,35.97161,63.56305,17.76,2.052762
7/5/2020,12:00:00,0.121703,26.8,220,2.2,17.4,3.54362,10.16928,15.60275,97.83919,13.797,2.52805
7/5/2020,13:00:00,0.127363,18.9,234.3,2.9,17.8,2.26398,6.01067,9.48206,117.59662,9.576,1.14911
7/5/2020,14:00:00,0.08491,19.45,229.6,2.9,17.9,1.64056,3.95638,6.47188,123.93297,8.797,0.76608
7/5/2020,15:00:00,0.073588,17.8,223.2,2.9,17.7,2.39522,3.45146,7.12408,126.82674,8.467,0.9959
7/5/2020,16:00:00,0.229255,16.725,218.1,2.7,17.2,4.0686,10.06669,16.30512,118.84394,8.066,0.45965
7/5/2020,17:00:00,0.09057,17.2,244.6,2.2,16.6,1.04996,7.62129,9.23121,116.04996,9.222,0.61286
7/5/2020,18:00:00,0.192461,14.5,250.8,1.9,15.7,1.70619,7.61848,10.2346,109.16479,7.429,0.9959
7/5/2020,19:00:00,0.065097,14.2,245,1.9,14,0.42655,5.91819,6.57222,108.96522,7.571,1.07251
7/5/2020,20:00:00,0.135855,12.85,245.6,1.5,12.9,0.52498,13.74423,14.54919,92.84994,7.217,0.91929
7/5/2020,21:00:00,0.198121,19.375,217.3,1.6,11.6,2.36241,51.1629,54.78521,46.44992,10.094,1.30233
7/5/2020,22:00:00,0.240576,28.25,247.3,1.7,10.1,1.90305,45.24485,48.16282,42.30884,15.778,1.22572
7/5/2020,23:00:00,0.246236,25.375,225.9,1.8,9,2.85458,46.39468,50.77164,35.02454,16.179,1.30233
7/5/2020,24:00:00,0.274539,27.625,236,1.6,8.3,2.36241,36.51337,40.13569,37.51916,19.67,0.91929
8/5/2020,1:00:00,0.147167,16.5,282.5,2.2,8.3,1.35654,14.91449,16.99449,71.91172,12.359,1.02319
8/5/2020,2:00:00,0.116036,15.875,295.6,2.3,7.5,0.78767,9.43054,10.63828,79.69495,11.344,0.92087
8/5/2020,3:00:00,0.104715,14.225,290.4,2.1,6.7,0.68921,7.72483,8.7816,81.72392,10.259,0.92087
8/5/2020,4:00:00,0.113206,11.675,293.8,2.1,6.5,0.65639,7.67479,8.68124,73.74112,8.326,0.84413
8/5/2020,5:00:00,0.101885,11,291.1,2,6.8,0.78767,8.37675,9.58449,68.40262,7.901,0.61391
8/5/2020,6:00:00,0.121696,11.925,292.1,1.9,7.2,1.27996,9.77967,11.74226,63.41337,8.443,0.84413
8/5/2020,7:00:00,0.101885,10.675,292.9,1.5,7.5,2.46147,11.53088,15.30508,60.07057,7.193,1.07435
8/5/2020,8:00:00,0.101885,7,285.7,1.5,8.5,2.42865,7.91802,11.64189,64.16176,4.175,0.84413
8/5/2020,9:00:00,0.118866,5.825,276.9,2.2,10.7,3.05222,8.36695,13.04695,69.69982,2.948,0.99761
8/5/2020,10:00:00,0.121696,6.225,278.8,2.7,15.1,3.11786,7.56378,12.34442,69.25079,2.783,0.61391
8/5/2020,11:00:00,0.101885,6.4,273.7,2.8,17,2.6912,6.71255,10.83901,72.84305,3.09,0.99761
8/5/2020,12:00:00,0.099055,6.475,269.4,2.7,18.2,2.13327,4.80811,8.07907,77.13381,2.925,0.69065
8/5/2020,13:00:00,0.090564,4.5,273.7,2.9,19.3,1.54252,4.9612,7.32637,80.4766,2.429,0.84413
8/5/2020,14:00:00,0.130187,5.025,277.8,2.9,19.6,1.83789,5.36137,8.17943,81.07531,2.264,0.69065
8/5/2020,15:00:00,0.087734,6.2,279.8,2.8,19.6,1.24714,5.71519,7.62745,84.31833,2.83,1.15109
8/5/2020,16:00:00,0.101885,6.3,288.3,2.8,19.4,1.57534,8.2228,10.63828,82.57209,3.325,0.46043
8/5/2020,17:00:00,0.084904,4.575,302.3,2.8,18.7,1.37842,7.01932,9.13287,83.42026,2.665,0.69065
8/5/2020,18:00:00,0.087734,6.175,311.7,2.7,17.6,1.11587,6.76955,8.48052,79.92779,3.066,1.07435
8/5/2020,19:00:00,0.090564,5.85,311.2,2.1,15.8,0.95177,8.7273,10.18666,76.4852,3.514,0.84413
8/5/2020,20:00:00,0.124526,6.9,297.4,2.5,13.2,0.55793,12.49255,13.34803,71.09681,4.245,0.99761
8/5/2020,21:00:00,0.161317,9.575,298.6,2.5,11.6,0.59075,12.39205,13.29785,63.06412,5.755,0.99761
8/5/2020,22:00:00,0.183959,9.225,310.5,2.3,10.3,0.91895,14.14695,15.55598,52.5867,6.533,1.22783
8/5/2020,23:00:00,0.155657,14.375,313,2.3,9.2,0.68921,11.43819,12.49496,56.12906,9.576,0.92087
8/5/2020,24:00:00,0.135846,15.575,310.7,2.2,8.4,0.55793,12.0911,12.94659,55.72992,11.179,0.69065
9/5/2020,1:00:00,0.094332,9.525,337.9,2.2,8.4,0.65656,8.83084,9.83754,49.95902,7.005,1.12744
9/5/2020,2:00:00,0.109425,8.075,325.9,2,7.4,0.61279,10.16947,11.10906,39.44834,5.943,1.12744
9/5/2020,3:00:00,0.093389,5.1,343,2.1,7.4,0.45959,6.57308,7.27777,42.15916,3.703,0.92245
9/5/2020,4:00:00,0.118858,5.75,325.7,1.6,7.1,0.75504,9.63347,10.79118,35.62325,4.34,1.38367
9/5/2020,5:00:00,0.124518,5.875,321.5,1.5,6.9,1.96967,14.1454,17.16551,31.48217,4.269,1.07619
9/5/2020,6:00:00,0.124518,5.15,336.5,1.4,7.4,2.16664,12.68898,16.0111,33.77722,3.208,0.99932
9/5/2020,7:00:00,0.104708,4.2,348.5,1.3,7.7,5.3181,14.53227,22.68658,36.52131,2.429,0.84558
9/5/2020,8:00:00,0.082069,4.25,355.1,1.3,9,2.33077,7.01661,10.59042,49.94239,2.665,1.22993
9/5/2020,9:00:00,0.05377,8.95,39.6,1.6,13.3,0.98483,4.81408,6.32414,78.18155,6.297,0.99932
9/5/2020,10:00:00,0.084899,13.75,60.1,1.7,16.5,0.72221,5.06619,6.17356,97.24048,9.693,1.3068
9/5/2020,11:00:00,0.096219,15.85,63.7,1.8,18.3,1.28028,7.82428,9.78735,100.38371,11.274,2.15238
9/5/2020,12:00:00,0.087728,12.35,85.8,1.9,19.4,0.88635,5.51719,6.87624,100.63317,8.774,1.69116
9/5/2020,13:00:00,0.093389,10.7,89.8,2,20,1.4116,7.52255,9.68697,97.48995,6.981,2.15238
9/5/2020,14:00:00,0.082069,8.825,100.6,2.2,20.3,1.21463,7.12188,8.98429,98.73726,5.708,1.69116
9/5/2020,15:00:00,0.05377,7.375,110.3,2,20.4,0.55807,5.51863,6.37433,102.12995,4.929,1.46054
9/5/2020,16:00:00,0.062259,9.05,129.6,1.6,20.3,0.75504,8.62964,9.78735,101.18199,5.873,1.76803
9/5/2020,17:00:00,0.082069,10.25,154,1.5,20,0.91918,8.62892,10.03831,104.17554,6.226,2.07551
9/5/2020,18:00:00,0.087728,12.425,193.9,1.9,19.2,0.62373,8.98156,9.93793,107.21898,7.783,1.15306
9/5/2020,19:00:00,0.152818,24.75,225.1,1.9,17.4,0.45959,12.64626,13.35095,109.71361,18.16,1.38367
9/5/2020,20:00:00,0.183947,31.425,267.2,2.2,14.7,0.29545,11.84391,12.29693,106.02156,24.623,1.53742
9/5/2020,21:00:00,0.223566,35.7,287.1,2.4,13.6,0.5909,16.7112,17.61723,94.09726,29.528,1.07619
9/5/2020,22:00:00,0.246206,35.15,308.7,2.6,12.3,0.8207,27.70214,28.96053,76.28563,29.222,1.53742
9/5/2020,23:00:00,0.314126,43.125,343.7,2.6,11.4,1.31311,26.99731,29.01071,56.77767,36.911,1.69116
9/5/2020,24:00:00,0.274506,41.95,356.9,2.7,10.6,1.14897,21.47695,23.23869,59.62154,35.33,1.61429
10/5/2020,1:00:00,0.217893,31,356.7,2.4,8.8,0.52538,9.63656,10.44212,77.36664,25.755,1.74539
10/5/2020,2:00:00,0.178276,27.125,11.8,3.7,8.9,0.43781,5.88849,6.5598,77.8323,22.76,1.43738
10/5/2020,3:00:00,0.107531,14.225,16.7,5.4,8.7,0.29552,3.41246,3.8656,63.01423,8.821,1.38604
10/5/2020,4:00:00,0.101872,9.475,21.5,5.6,8.3,0.19702,1.70601,2.0081,74.73897,5.472,1.07803
10/5/2020,5:00:00,0.096213,9.6,24.8,5.2,8.8,0.19702,1.3546,1.65668,78.18155,4.811,1.46305
10/5/2020,6:00:00,0.093383,7.775,34.5,5.8,8.9,0.29552,2.75983,3.21296,80.12736,3.844,1.30904
10/5/2020,7:00:00,0.096213,3.35,40.3,6.4,8.6,0.42687,2.75925,3.41377,84.96693,1.698,1.69405
10/5/2020,8:00:00,0.099042,3.75,37.1,5.4,8.8,0.22985,1.95688,2.30932,83.47015,1.722,1.54005
10/5/2020,9:00:00,0.079234,3.9,26,4.9,8.6,0.52538,1.45355,2.25911,80.02757,1.675,1.33471
10/5/2020,10:00:00,0.079234,4.925,34.7,5.7,8.7,0.45971,2.35748,3.06235,77.58284,2.17,1.46305
10/5/2020,11:00:00,0.082063,5.425,44,7.2,9.8,0.65672,2.30641,3.31337,75.78671,2.571,1.00103
10/5/2020,12:00:00,0.082063,8.175,51.3,7.7,9.4,0.62388,2.35676,3.31337,70.69767,3.443,1.46305
10/5/2020,13:00:00,0.073574,9.475,53.7,8,9,0.65672,2.60762,3.61458,74.4895,3.962,1.30904
10/5/2020,14:00:00,0.065085,11.825,51.4,8.1,8.5,1.01792,2.30481,3.8656,75.23789,4.599,1.46305
10/5/2020,15:00:00,0.062256,12.05,50.4,7.9,8.1,0.88657,2.5564,3.9158,76.5351,4.882,1.15504
10/5/2020,16:00:00,0.053766,11.675,46.8,7.8,7.7,0.85374,2.70716,4.0162,79.72822,4.552,1.23204
10/5/2020,17:00:00,0.053766,10.75,44.5,8.2,7.8,0.59105,2.50751,3.41377,85.01682,4.434,1.15504
10/5/2020,18:00:00,0.059425,10.45,44,7.5,6.7,0.68956,2.30626,3.36357,83.07101,4.175,1.15504
10/5/2020,19:00:00,0.070745,9.175,44.6,6.2,5.3,0.55821,2.80887,3.66478,80.32693,4.245,1.30904
10/5/2020,20:00:00,0.087724,10.425,37.7,5.7,4.4,0.55821,3.3611,4.21701,72.34413,4.151,0.84703
10/5/2020,21:00:00,0.076404,7.725,28.1,5.8,3.6,0.39403,2.55859,3.16276,66.45681,3.538,1.07803
10/5/2020,22:00:00,0.087724,7.725,26.2,4.6,3.5,0.42687,3.16087,3.81539,60.91874,3.467,1.23204
10/5/2020,23:00:00,0.099042,7.825,18.1,3.9,3.3,0.55821,3.21049,4.0664,60.66928,3.514,1.07803
10/5/2020,24:00:00,0.090553,7.525,14.1,3.8,3.2,0.42687,2.75925,3.41377,65.70842,3.679,1.00103
11/5/2020,1:00:00,0.076399,8.025,20.1,3.7,1.9,0.61309,3.07702,4.01708,63.79588,3.962,0.92561
11/5/2020,2:00:00,0.076399,4.95,22,5.1,2.2,0.39413,2.74324,3.34757,65.52548,2.736,1.23414
11/5/2020,3:00:00,0.076399,7.725,14.2,4.2,1.9,0.45982,2.75968,3.46473,62.36563,3.75,0.92561
11/5/2020,4:00:00,0.073569,7.05,11.5,4.2,1.9,0.42698,2.45855,3.11324,64.91014,3.561,0.84848
11/5/2020,5:00:00,0.082059,7.65,7.8,3.9,2,0.75542,4.61626,5.77455,62.21595,3.821,1.07988
11/5/2020,6:00:00,0.06791,9.075,20.4,4.5,4,1.87213,9.78325,12.6538,58.77337,3.962,0.84848
11/5/2020,7:00:00,0.076399,8.85,25.2,5.6,5.4,5.35362,15.19071,23.39949,54.13336,3.939,1.15701
11/5/2020,8:00:00,0.082059,9.75,32.8,6.1,6.7,4.8938,14.33914,21.84287,54.48261,4.104,1.07988
11/5/2020,9:00:00,0.093377,9.65,37.3,6,7.3,3.84278,12.48595,18.37814,57.8753,4.363,0.53994
11/5/2020,10:00:00,0.073569,11.2,36.1,5.9,7.9,3.12021,9.67723,14.46149,64.41122,4.458,0.92561
11/5/2020,11:00:00,0.082059,10.775,33.1,5.9,8.1,4.23692,10.87736,17.37387,66.15746,4.741,0.84848
11/5/2020,12:00:00,0.07074,7.375,33.4,5.7,8.5,3.21874,7.4674,12.40273,71.24649,3.939,0.84848
11/5/2020,13:00:00,0.062251,9.075,39.1,6.2,10,3.15305,6.7647,11.59932,73.04262,4.222,0.92561
11/5/2020,14:00:00,0.082059,6.325,41.8,6,10,2.49617,6.31572,10.14313,75.78671,3.066,0.84848
11/5/2020,15:00:00,0.079228,6.875,39.1,5.7,9.8,2.52901,6.06451,9.94227,75.93639,2.995,1.00274
11/5/2020,16:00:00,0.082059,7.425,36,5.5,9.3,2.92314,7.16744,11.64953,77.8323,2.877,1.15701
11/5/2020,17:00:00,0.079228,7.95,32.6,5.1,8.7,2.66039,8.47417,12.55337,74.83875,3.656,0.61707
11/5/2020,18:00:00,0.073569,9.3,26.6,4.5,7.8,1.93781,8.37698,11.34825,77.48305,4.104,0.69421
11/5/2020,19:00:00,0.099036,8.325,21.5,3,6.6,2.06919,11.28877,14.46149,74.58929,4.08,1.07988
11/5/2020,20:00:00,0.104695,9.45,8,1.3,4.8,1.64222,15.86011,18.37814,67.75402,4.764,0.53994
11/5/2020,21:00:00,0.161287,11.125,285.8,1.8,3.7,2.2991,34.48637,38.01161,43.35658,5.802,0.61707
11/5/2020,22:00:00,0.192413,14.55,270.4,1.9,2.8,7.12721,58.71787,69.64611,14.41893,7.429,1.00274
11/5/2020,23:00:00,0.294278,17.5,260.8,2.1,2.3,10.21458,52.27672,67.93885,10.22796,11.156,1.07988
11/5/2020,24:00:00,0.223539,18.85,272.5,2.2,2.1,1.93781,34.03607,37.00734,25.09593,13.09,0.61707
12/5/2020,1:00:00,0.192402,16.4,268.6,2.1,1.7,1.62073,30.06037,32.54545,25.21234,11.675,1.03021
12/5/2020,2:00:00,0.109405,11.575,270.5,2.4,1.4,0.78846,15.80039,17.00935,45.16934,7.689,1.03021
12/5/2020,3:00:00,0.084883,8.425,287.1,2.7,1.6,0.6242,12.10127,13.05836,51.33938,5.566,0.92719
12/5/2020,4:00:00,0.082054,8.8,299.2,2.7,1.4,0.65705,10.59439,11.60185,52.93594,5.377,0.77266
12/5/2020,5:00:00,0.0962,9.95,294,2.8,1.6,1.01843,14.10846,15.67003,48.74497,5.755,1.08172
12/5/2020,6:00:00,0.0962,11.125,308.3,3.1,4,4.56651,21.82696,28.82884,40.86196,5.92,1.15898
12/5/2020,7:00:00,0.183913,11.1,310,3.9,6,7.32612,24.17502,35.40825,45.40218,5.236,1.15898
12/5/2020,8:00:00,0.1443,11.575,315.6,4.6,7.7,6.60337,20.61235,30.73737,52.38713,4.906,1.08172
12/5/2020,9:00:00,0.076395,6.55,320.3,4.5,9.2,4.30369,11.43169,18.03058,72.14456,3.019,1.15898
12/5/2020,10:00:00,0.053759,5.825,327,4.7,10.8,2.89103,9.78068,14.21352,78.43101,2.241,0.54086
12/5/2020,11:00:00,0.090542,5.75,331.2,4.5,11.9,2.69391,13.84975,17.98036,77.88219,2.288,1.00446
12/5/2020,12:00:00,0.084883,5.125,335.5,4.3,12.7,3.15385,13.39565,18.23148,79.62843,2.311,0.92719
12/5/2020,13:00:00,0.082054,7.625,337.6,3.9,13.2,3.54808,13.29342,18.73372,77.33338,3.042,0.54086
12/5/2020,14:00:00,0.149959,8.5,338.1,3.3,13.5,4.13942,17.71049,24.05752,73.44176,3.609,1.08172
12/5/2020,15:00:00,0.265966,7.9,333.1,3.4,13.5,5.88061,18.55642,27.57323,72.74327,3.42,0.92719
12/5/2020,16:00:00,0.169766,7.5,314.7,3.7,13.3,5.38782,17.10214,25.36335,73.69122,3.042,1.00446
12/5/2020,17:00:00,0.206548,7.55,308.9,4.1,12.2,4.07372,16.45518,22.70146,74.88864,3.208,0.77266
12/5/2020,18:00:00,0.158448,8.025,308.3,3.6,10.6,3.02244,14.90298,19.53732,76.73467,4.08,0.92719
12/5/2020,19:00:00,0.130154,9.825,297.4,3.3,9.5,2.75962,15.00462,19.23597,72.5437,4.481,0.69539
12/5/2020,20:00:00,0.113178,9.875,293.3,2.9,8.2,2.23397,12.49577,15.92116,71.89509,4.764,1.08172
12/5/2020,21:00:00,0.084883,11.525,295,2.5,6.8,0.78846,6.77673,7.98569,72.69337,5.731,0.61812
12/5/2020,22:00:00,0.067907,5.6,306.1,2.7,6.2,0.49279,3.61393,4.36953,75.33768,2.925,1.08172
12/5/2020,23:00:00,0.056588,4.475,353.6,3.8,6.1,0.65705,3.96476,4.97222,73.69122,2.406,1.00446
12/5/2020,24:00:00,0.056588,4.825,7.3,3.8,5.2,0.19712,2.61078,2.91302,72.89294,2.335,0.92719
13/05/2020,1:00:00,0.138633,5.75,10.8,2.3,2.7,0.35052,3.01252,3.54997,68.78513,2.571,0.926216
13/05/2020,2:00:00,0.135804,6.35,356.5,3.1,2.2,0.21907,3.81689,4.1528,64.92677,2.594,0.61918
13/05/2020,3:00:00,0.135804,5.325,5.4,3.2,2.3,0.23003,2.81213,3.16483,65.40907,2.359,0.92877
13/05/2020,4:00:00,0.127317,5.85,351.7,2.7,1.8,0.26289,3.11339,3.51648,63.81251,2.547,0.54178
13/05/2020,5:00:00,0.138633,5.3,359.4,3.2,1.9,0.72294,4.76906,5.87755,60.02068,2.524,0.46438
13/05/2020,6:00:00,0.144292,6.95,9.4,3.6,3.4,2.2674,8.07752,11.55415,58.37423,2.83,0.46438
13/05/2020,7:00:00,0.132975,5.85,32.5,4.3,5.2,3.41753,10.08168,15.32181,61.61724,2.594,0.92877
13/05/2020,8:00:00,0.127317,6.05,46.5,5.3,6.7,3.05606,7.11944,11.80533,63.8624,2.618,0.54178
13/05/2020,9:00:00,0.118829,5.95,48,4.7,7.9,2.76031,4.96067,9.19309,67.55445,2.877,1.08356
13/05/2020,10:00:00,0.124487,7.55,47.4,5,8.8,2.33312,5.51522,9.09261,68.75187,3.443,0.46438
13/05/2020,11:00:00,0.093365,6.825,49.6,4.8,8.7,3.12178,9.3295,14.11616,69.00133,3.349,0.797836
13/05/2020,12:00:00,0.059414,6.425,54.5,4.4,8.7,2.39884,5.81633,9.4945,71.39617,3.019,1.00509
13/05/2020,13:00:00,0.11317,7.375,43.9,4.5,9.3,2.82603,6.06555,10.39874,74.5394,3.585,1.31575
13/05/2020,14:00:00,0.164096,7.05,49.2,4.4,9.2,2.99033,6.81833,11.40344,75.8366,2.854,1.31575
13/05/2020,15:00:00,0.14995,6.3,47,4.6,9,2.99033,6.31597,10.90109,74.5394,3.019,1.16096
13/05/2020,16:00:00,0.155609,6.25,52.3,4.4,8.7,3.31894,6.76659,11.85556,72.79316,2.948,0.92877
13/05/2020,17:00:00,0.155609,6.3,52.5,4.9,8.8,2.39884,7.67504,11.35321,65.90799,3.042,1.00617
13/05/2020,18:00:00,0.135804,6.2,55.5,4.6,7.9,1.47874,6.22242,8.48979,65.05982,2.972,1.31575
13/05/2020,19:00:00,0.138633,6.25,57.8,3,6.8,2.13595,6.37012,9.6452,66.05767,2.972,1.62534
13/05/2020,20:00:00,0.138633,7.75,37.7,2,4.9,0.82152,6.92873,8.18838,67.05552,3.42,1.16096
13/05/2020,21:00:00,0.181073,7.875,19.6,2.3,3.8,1.28157,11.79946,13.76451,60.36993,4.316,1.00617
13/05/2020,22:00:00,0.175414,7.55,3.4,1.9,2.5,1.41302,13.75804,15.92463,56.27874,4.151,1.16096
13/05/2020,23:00:00,0.175414,8.2,344.4,2.1,1.8,1.18299,16.62251,18.4364,49.59315,4.481,1.62534
13/05/2020,24:00:00,0.181073,8.525,341.6,2.2,1.4,1.24871,17.07433,18.98899,46.15056,4.882,1.16096
14/05/2020,1:00:00,0.130138,8.4,315.9,1.8,-0.4,0.61356,13.32921,14.26998,46.23372,4.646,1.02416
14/05/2020,2:00:00,0.121651,8.05,319.2,2.2,-0.6,0.87651,15.53883,16.88279,42.17579,4.646,1.02416
14/05/2020,3:00:00,0.121651,8.1,312.3,2.1,-0.9,0.72312,13.76417,14.87294,40.86196,4.811,0.69131
14/05/2020,4:00:00,0.115992,8.3,308.5,2.1,-1.1,0.75599,10.64874,11.80791,44.70368,4.646,1.45943
14/05/2020,5:00:00,0.118822,8.175,301.9,1.8,-0.8,1.31476,14.11315,16.1291,41.76002,4.693,0.92174
14/05/2020,6:00:00,0.130138,8.6,306.7,1.8,2.1,5.29192,19.82283,27.937,38.06798,5,1.07537
14/05/2020,7:00:00,0.161257,12.325,294.9,1.6,5.6,11.04401,28.38834,45.32226,34.77507,5.873,1.38262
14/05/2020,8:00:00,0.155599,14.725,317.2,3.1,8.6,11.86574,27.12838,45.32226,43.35658,7.571,1.76668
14/05/2020,9:00:00,0.096189,8.5,317.5,3.5,10,6.67242,16.80166,27.03257,64.511,4.198,1.30581
14/05/2020,10:00:00,0.062239,6.65,317.2,3.7,11.2,3.58273,8.6258,14.11924,73.04262,3.042,0.92174
14/05/2020,11:00:00,0.070727,7.875,312.3,3.7,12.2,2.92535,9.83475,14.32023,76.03617,3.302,1.22899
14/05/2020,12:00:00,0.087702,8.25,313.8,3.8,13.1,3.41838,11.84233,17.08378,76.98413,3.656,1.07537
14/05/2020,13:00:00,0.076385,8.95,317.1,4.1,13.7,3.38552,9.02868,14.21973,81.22499,4.151,1.38262
14/05/2020,14:00:00,0.062239,9.625,318,4.1,14,3.58273,10.83664,16.33008,81.67402,5.142,0.84493
14/05/2020,15:00:00,0.073556,9.225,317.2,4.3,14,3.58273,12.54502,18.03846,82.67187,4.788,1.15218
14/05/2020,16:00:00,0.099018,8.35,316.1,4.3,13.8,3.58273,10.18344,15.67688,84.76736,4.104,0.99856
14/05/2020,17:00:00,0.079214,6.4,316.5,4.8,13.1,2.89248,10.99057,15.42565,85.46585,3.491,0.69131
14/05/2020,18:00:00,0.104676,7.05,311.4,4.6,11.5,1.97215,9.83917,12.86308,81.12521,3.325,0.92174
14/05/2020,19:00:00,0.101847,5.925,307.2,3.4,10.2,1.3805,8.13353,10.25027,78.33123,2.877,0.76812
14/05/2020,20:00:00,0.104676,6.975,297.2,2.9,8.5,1.41337,8.58559,10.75273,73.54155,3.184,1.38262
14/05/2020,21:00:00,0.121651,7.975,294.5,3.2,7.5,0.78886,9.84464,11.05421,67.00563,3.656,1.30581
14/05/2020,22:00:00,0.147112,8.7,295.5,2.9,6.8,0.88747,11.25109,12.61185,58.17466,5,1.53624
14/05/2020,23:00:00,0.169745,8.75,301.1,2.9,6.2,1.05181,13.96363,15.57639,50.84046,4.528,1.45943
14/05/2020,24:00:00,0.135796,6.575,304.5,2.8,5.8,0.9532,13.81335,15.27491,50.24175,3.75,1.53624
15/05/2020,1:00:00,0.105613,4.45,301.5,2.3,3.5,0.70138,9.51212,10.58755,53.35171,2.689,1.01636
15/05/2020,2:00:00,0.105613,4.125,306.2,2.3,3,0.61371,9.98159,10.9226,53.41824,2.406,0.71145
15/05/2020,3:00:00,0.099012,3.3,307,2.5,2.7,0.55892,8.49088,9.34787,57.07702,1.958,1.52453
15/05/2020,4:00:00,0.099012,3.45,307.2,2.4,2.4,0.59179,7.38507,8.29247,55.38068,2.005,1.21963
15/05/2020,5:00:00,0.107499,4.125,302,2.3,2.3,1.05208,9.29269,10.90585,52.33723,2.359,1.21963
15/05/2020,6:00:00,0.101841,4.8,312.5,2.1,4.1,2.36717,11.44761,15.07721,52.83616,2.689,1.21963
15/05/2020,7:00:00,0.115985,5.325,322.9,2.5,6.5,5.09599,15.75697,23.57071,52.98584,2.948,0.99095
15/05/2020,8:00:00,0.076381,5.1,335.2,2.5,8.7,4.66858,12.99481,20.15321,64.31143,2.547,1.75321
15/05/2020,9:00:00,0.070723,5.525,326.9,2.4,11.1,3.28773,10.48841,15.52953,74.5394,2.075,1.44831
15/05/2020,10:00:00,0.059407,5.4,309.2,2.5,12.6,2.99184,9.58516,14.17258,77.13381,1.887,1.06717
15/05/2020,11:00:00,0.161248,24.575,312,3.1,14.2,3.71514,11.49156,17.18802,76.13596,7.712,1.75321
15/05/2020,12:00:00,0.062236,4.65,311.7,3.3,15,2.66306,7.27486,11.35817,82.5222,2.075,1.60076
15/05/2020,13:00:00,0.067894,5.775,309,3.7,15.5,3.1891,10.08681,14.9767,85.11661,2.146,1.67699
15/05/2020,14:00:00,0.062236,7.425,310.7,4.1,15.7,3.22198,10.23743,15.17773,85.31618,2.665,1.29585
15/05/2020,15:00:00,0.065065,8.275,307.1,4.4,15.4,3.38637,9.43254,14.6249,83.8194,3.302,1.44831
15/05/2020,16:00:00,0.090525,8.325,304.7,4.8,14.8,3.35349,11.89531,17.03725,85.41596,3.019,1.37208
15/05/2020,17:00:00,0.101841,8.1,298.8,5.3,13.4,2.82745,11.14391,15.47927,88.35962,3.09,1.60076
15/05/2020,18:00:00,0.101841,9.125,300.4,4.9,11.9,2.40005,12.55312,16.23313,89.25768,3.538,1.60076
15/05/2020,19:00:00,0.110327,6.85,297,3.8,10.3,1.84113,11.34955,14.17258,86.96263,3.231,1.44831
15/05/2020,20:00:00,0.107499,7.3,294.4,3.2,8.5,1.08495,10.3982,12.06177,81.22499,3.349,1.98189
15/05/2020,21:00:00,0.113156,7.825,294.1,3.3,7.5,0.78906,12.91245,14.12232,79.87789,4.245,1.67699
15/05/2020,22:00:00,0.118814,8.7,294.9,3.4,6.9,0.82193,11.90715,13.16743,77.58284,4.882,1.37208
15/05/2020,23:00:00,0.115985,8.45,296.2,3.3,6.4,0.75618,7.7361,8.89556,76.93424,4.481,1.44831
15/05/2020,24:00:00,0.118814,7.375,296.4,3.1,6,0.46028,6.33028,7.03603,75.33768,4.67,1.37208
16/05/2020,1:00:00,0.141436,7.675,286.1,2.3,4.4,0.43848,5.89608,6.5684,72.44391,4.646,0.70599
16/05/2020,2:00:00,0.13295,7.525,289.9,2.6,3.9,0.43848,9.71647,10.38879,64.12849,4.788,1.21026
16/05/2020,3:00:00,0.124463,7.925,300.3,2.5,3.9,0.39463,6.23141,6.8365,66.20735,4.811,1.21026
16/05/2020,4:00:00,0.121636,7.225,290.6,1.9,3.4,0.42751,5.97991,6.63542,69.30068,4.269,1.58847
16/05/2020,5:00:00,0.121636,7.925,253.2,2.2,3.2,0.59194,5.47645,6.38408,64.46111,4.458,0.98334
16/05/2020,6:00:00,0.124463,6.7,271,2.2,6,1.31542,9.79611,11.81306,61.31788,4.127,0.68077
16/05/2020,7:00:00,0.124463,6.775,292.1,3.1,7.8,2.03891,11.45154,14.57782,67.55445,3.703,0.98334
16/05/2020,8:00:00,0.096177,5.75,298.2,3.7,9.4,2.30199,8.53473,12.0644,78.28133,3.042,1.21026
16/05/2020,9:00:00,0.101834,5.95,302.4,3.8,9.2,2.56508,10.69503,14.62809,83.07101,3.208,1.36155
16/05/2020,10:00:00,0.090519,6.125,302.5,3.4,11,2.23622,8.53504,11.96387,85.26628,3.774,1.2859
16/05/2020,11:00:00,0.096177,7.275,304.7,3.8,13.1,2.66373,10.19188,14.27621,87.11231,3.797,1.13462
16/05/2020,12:00:00,0.070718,5.35,299.8,4.2,14.3,1.80871,6.27499,9.0483,90.20564,2.807,0.68077
16/05/2020,13:00:00,0.096177,5.375,298,4.9,14.8,2.82816,10.04029,14.37675,85.76521,2.217,1.73975
16/05/2020,14:00:00,0.101834,4.225,297.7,5.1,14.9,2.40065,9.64017,13.32111,80.97553,1.745,1.21026
16/05/2020,15:00:00,0.096177,3.65,293.9,5.4,14.6,2.56508,9.23725,13.17031,79.52865,1.156,1.66411
16/05/2020,16:00:00,0.090519,4.55,294.2,5.6,13.9,2.00602,10.34579,13.42165,75.73682,1.509,1.2859
16/05/2020,17:00:00,0.101834,4.3,294.4,5.4,12.8,1.74294,7.68282,10.35528,75.188,1.792,1.21026
16/05/2020,18:00:00,0.093348,4.175,292.2,4.9,11.3,1.47985,7.88513,10.15421,76.78456,1.981,1.21026
16/05/2020,19:00:00,0.118807,5.325,291.3,3.7,9.6,1.74294,14.92146,17.59392,75.33768,2.712,0.9077
16/05/2020,20:00:00,0.115978,6.275,288.9,2.2,7.8,1.31542,12.6614,14.67836,70.99703,3.255,1.13462
16/05/2020,21:00:00,0.141436,6.5,274.1,1.4,6.4,0.75637,13.11646,14.27621,71.14671,4.222,1.21026
16/05/2020,22:00:00,0.127292,8.15,210.3,1.7,5.5,0.72348,9.74864,10.85796,70.79746,5.59,1.05898
16/05/2020,23:00:00,0.135778,8.175,192.9,2.1,5.1,0.59194,8.79416,9.70179,70.69767,5.542,1.05898
16/05/2020,24:00:00,0.135778,7.35,198.6,2.2,4.7,0.42751,7.68904,8.34455,76.4852,4.741,1.13462
17/05/2020,1:00:00,0.082028,6.925,264.1,2.3,6.3,0.39473,8.44504,9.05028,77.96535,4.08,1.2009
17/05/2020,2:00:00,0.090513,5.325,260.5,2.4,6.3,0.48244,14.34406,15.0838,77.30011,3.42,1.30097
17/05/2020,3:00:00,0.087685,5.65,262.7,2.4,6.1,0.39473,7.69085,8.29609,77.23359,3.538,1.42606
17/05/2020,4:00:00,0.082028,5.85,260.9,3,7.1,0.32894,4.87552,5.37989,73.1923,3.726,1.57618
17/05/2020,5:00:00,0.110314,8.1,260.1,3,7.5,0.59209,9.14801,10.05586,63.2138,5.637,0.90067
17/05/2020,6:00:00,0.107485,8.85,257.7,2.8,8,1.01971,12.56496,14.12849,59.52175,5.991,1.65123
17/05/2020,7:00:00,0.110314,8.55,263.9,3.1,9.2,1.31575,12.01047,14.02793,58.72347,5.991,1.65123
17/05/2020,8:00:00,0.090513,8.575,260.2,3.5,10.1,1.80916,10.85169,13.6257,60.07057,5.896,1.80134
17/05/2020,9:00:00,0.07637,8.575,265.3,4.8,12.2,1.87495,7.73405,10.60894,66.80606,5.896,1.8764
17/05/2020,10:00:00,0.0594,9,266.9,5.8,14.1,1.48022,6.78063,9.05028,71.44606,5.401,1.57618
17/05/2020,11:00:00,0.062228,7.25,268.6,5.9,14.4,1.77627,10.24849,12.97207,79.828,4.08,1.35101
17/05/2020,12:00:00,0.065057,7.975,268.4,5.7,15.1,1.6118,9.84704,12.31843,82.22284,4.127,1.05078
17/05/2020,13:00:00,0.070714,9.775,270.5,5.5,16,1.15129,5.92746,7.69274,81.52435,4.575,1.27595
17/05/2020,14:00:00,0.0594,9.875,269.3,5.5,15.6,1.57891,6.98128,9.40223,80.62628,5.047,1.2009
17/05/2020,15:00:00,0.065057,10.6,270.1,5.1,15.5,0.82235,4.67205,5.93296,83.22069,4.552,1.27595
17/05/2020,16:00:00,0.056571,7.525,270,4.9,14.6,0.95392,5.22449,6.68715,89.20779,2.83,1.35101
17/05/2020,17:00:00,0.07637,6.25,275.8,4.4,13.9,1.11839,8.34102,10.05586,85.21639,3.09,1.35101
17/05/2020,18:00:00,0.087685,7.425,276.1,4.5,13,1.64469,13.31616,15.83798,79.92779,3.774,1.65123
17/05/2020,19:00:00,0.110314,9.5,272.8,3.8,12.4,1.18418,12.61445,14.43016,74.4895,5.283,1.65123
17/05/2020,20:00:00,0.113142,10.8,273.2,3.4,11.7,0.98682,13.87237,15.38547,70.19875,6.061,1.27595
17/05/2020,21:00:00,0.104656,11.05,270.1,3.5,11.1,0.65788,11.41026,12.41899,67.45466,6.415,1.50112
17/05/2020,22:00:00,0.101828,11.95,264.9,4,10.6,0.5263,9.60083,10.40782,65.80821,7.146,1.57618
17/05/2020,23:00:00,0.096171,11.325,266.2,4.4,10.4,0.5263,8.04218,8.84916,65.35918,6.91,1.80134
17/05/2020,24:00:00,0.073543,9.075,265.4,3.5,10,0.42762,7.89181,8.54749,67.60434,5.755,1.57618
18/05/2020,1:00:00,0.060338,7.6,250,2.9,10.2,0.30709,4.42406,4.89492,70.84735,5.118,1.19153
18/05/2020,2:00:00,0.067881,8.25,264.9,2.9,9.1,0.30709,7.77675,8.24761,72.24434,5.495,1.58871
18/05/2020,3:00:00,0.056567,8.1,272.5,4,8.9,0.32902,5.02744,5.53193,73.39187,5.708,1.41494
18/05/2020,4:00:00,0.062224,8.65,277.2,4.4,8.5,0.39483,5.58032,6.18571,77.13381,5.118,1.71283
18/05/2020,5:00:00,0.062224,9.15,269.6,4.9,8.6,0.75675,6.48379,7.64413,74.58929,5.283,1.63836
18/05/2020,6:00:00,0.082023,9.85,276.3,5.6,9.8,1.01997,10.7572,12.32112,67.55445,5.708,1.7873
18/05/2020,7:00:00,0.087679,11.1,276.2,5.4,10.4,2.69797,18.34293,22.47976,65.50885,5.731,1.7873
18/05/2020,8:00:00,0.082023,14.7,275.5,6.1,11.4,4.37598,18.63656,25.34631,69.69982,5.778,2.08518
18/05/2020,9:00:00,0.079195,12.425,274.8,6.5,12.6,3.58633,14.71773,20.2167,78.92994,5.165,1.63836
18/05/2020,10:00:00,0.076366,12.425,275.6,6.5,14.2,3.29021,19.195,24.23992,75.188,4.623,1.41494
18/05/2020,11:00:00,0.070709,15.75,271.4,6.1,14.7,3.48762,14.81879,20.16641,74.43961,5.307,1.71283
18/05/2020,12:00:00,0.076366,16.475,269.5,5.5,15.2,3.58633,16.77963,22.2786,73.34198,5.519,1.86177
18/05/2020,13:00:00,0.096164,16.75,279.2,5.3,15.6,4.50759,19.59144,26.50298,70.64778,7.453,1.63836
18/05/2020,14:00:00,0.070709,18.55,278.7,5.3,15.7,3.88245,14.46485,20.41786,70.24864,9.67,1.63836
18/05/2020,15:00:00,0.084852,15.425,283,4.3,15.4,4.01406,15.36944,21.52425,65.50885,7.076,1.19153
18/05/2020,16:00:00,0.12162,14.075,288.4,3.4,13.2,3.55343,17.7856,23.23411,63.41337,5.472,1.48942
18/05/2020,17:00:00,0.127276,10.15,301,2.9,12.6,1.67801,13.06737,15.64028,64.86025,3.892,1.19153
18/05/2020,18:00:00,0.132933,5.825,278.5,4,12.5,1.31609,12.01302,14.03099,57.2267,3.231,1.41494
18/05/2020,19:00:00,0.149904,7.8,260.5,3.2,11.6,1.71091,14.57592,17.19928,53.18541,4.34,1.56389
18/05/2020,20:00:00,0.169702,9.25,251.7,2.8,10.9,1.5793,19.60558,22.02715,45.30239,6.203,1.56389
18/05/2020,21:00:00,0.152733,8.975,262.5,3.2,10.7,1.41479,16.18664,18.35596,46.64949,6.156,1.56389
18/05/2020,22:00:00,0.090508,4.55,261,3.3,10.6,0.62514,7.84227,8.8008,60.76907,2.642,1.19153
18/05/2020,23:00:00,0.087679,4.825,270.6,3.3,10.2,0.42773,7.49119,8.14703,59.72132,3.656,1.7873
18/05/2020,24:00:00,0.090508,6.675,285.4,3.4,10.3,0.46063,7.89335,8.59964,57.47616,5.542,2.01071
19/05/2020,1:00:00,0.070705,6.325,247.8,2.5,10.6,0.39493,5.69888,6.30442,60.86885,5.283,0.88663
19/05/2020,2:00:00,0.067876,5.5,260.2,3.2,10.6,0.39493,5.56475,6.17029,60.13709,4.528,1.28068
19/05/2020,3:00:00,0.082018,7.025,273.3,3.6,10.6,0.42784,5.73226,6.38826,60.27014,5.849,0.73886
19/05/2020,4:00:00,0.062221,7.05,260.4,3.4,11.2,0.42784,5.73226,6.38826,60.17036,5.613,0.96051
19/05/2020,5:00:00,0.070705,6.075,264.6,2.6,11,0.85567,8.04403,9.35603,60.36993,4.458,1.32994
19/05/2020,6:00:00,0.084846,7.775,256.6,2.4,10.6,3.02776,20.35724,24.99973,47.99659,4.882,0.66497
19/05/2020,7:00:00,0.07919,6.6,271.5,3.7,12.6,3.75178,16.0781,21.83075,55.38068,4.434,1.0344
19/05/2020,8:00:00,0.07919,7.9,265,4.4,13.7,4.40999,14.16343,20.92532,61.61724,4.198,1.0344
19/05/2020,9:00:00,0.067876,10.225,273.2,4,14.1,4.01507,12.95813,19.11448,59.52175,4.552,1.40382
19/05/2020,10:00:00,0.056564,6.975,277.9,3.3,14.4,3.42268,9.54054,14.78857,61.36778,2.689,1.0344
19/05/2020,11:00:00,0.065049,5.225,272.8,3.1,14.6,3.85051,9.43785,15.34188,62.61509,2.217,0.81274
19/05/2020,12:00:00,0.076361,5.375,269.8,3.2,14.8,3.65305,9.28791,14.88917,62.96434,1.863,0.96051
19/05/2020,13:00:00,0.07919,3.975,266.7,3.9,15.7,4.54163,12.25135,19.21508,59.97079,1.698,1.0344
19/05/2020,14:00:00,0.070705,4.6,271.2,5,17.3,4.27835,10.44178,17.00183,63.41337,2.099,0.88663
19/05/2020,15:00:00,0.096158,6.575,272.1,5.1,17.3,3.88342,8.78377,14.73827,63.96219,3.514,0.96051
19/05/2020,16:00:00,0.09333,6.75,274.7,5.2,16.7,4.21253,8.37975,14.83887,63.51315,4.41,1.10828
19/05/2020,17:00:00,0.096158,7.75,278.6,5,15.7,2.76447,12.46122,16.70002,60.76907,4.906,1.0344
19/05/2020,18:00:00,0.101815,7.425,285.4,4.5,14.8,2.30373,10.19991,13.73224,63.71272,5.094,0.81274
19/05/2020,19:00:00,0.118784,9.25,299.9,3.6,13.4,2.13917,10.75403,14.03405,61.51745,6.179,1.25605
19/05/2020,20:00:00,0.135754,6.675,286,3.5,12.6,1.05313,9.90421,11.51899,61.66713,4.693,0.81274
19/05/2020,21:00:00,0.130097,9.3,291.3,3.4,12.3,1.21768,12.06636,13.93345,55.58025,6.321,0.59108
19/05/2020,22:00:00,0.130097,12.975,308.8,2.3,12.2,1.05313,10.65873,12.27351,52.23745,9.08,1.32994
19/05/2020,23:00:00,0.127269,10.425,51.6,1.2,11.1,0.92149,8.84853,10.26146,52.5368,7.736,1.0344
19/05/2020,24:00:00,0.113128,9.65,46.1,1,9.8,0.6253,7.99485,8.95363,49.84261,7.005,1.10828
20/05/2020,1:00:00,0.073529,9.575,285.7,2.1,10.2,0.70226,6.36942,7.44621,51.48906,7.193,1.27054
20/05/2020,2:00:00,0.062216,11.9,295,1.7,9.1,0.5267,4.89446,5.70205,49.22727,8.137,0.68413
20/05/2020,3:00:00,0.09898,11.9,300.5,1.8,8.3,0.55962,6.18565,7.04371,45.10282,8.514,1.0995
20/05/2020,4:00:00,0.107465,13.25,299.7,1.7,8.3,0.82297,10.81307,12.07494,33.67744,9.811,1.1728
20/05/2020,5:00:00,0.130089,14.5,281.6,0.9,7.3,3.16019,18.09682,22.94238,21.90281,10.495,1.2461
20/05/2020,6:00:00,0.127261,12.625,306.7,0.5,6.6,4.67445,17.13343,24.30081,27.84002,9.151,0.9529
20/05/2020,7:00:00,0.130089,13.825,310.9,0.7,7,12.9041,26.50124,46.28725,26.39313,8.986,1.2461
20/05/2020,8:00:00,0.087669,17.525,287.2,0.5,10.3,11.42276,24.64699,42.16165,33.77722,10.142,1.2461
20/05/2020,9:00:00,0.09898,24.7,176.7,2.7,16.6,14.55003,27.90187,50.21161,41.56045,10.448,4.76451
20/05/2020,10:00:00,0.110293,23.4,183.7,4.2,18.4,5.46449,15.3686,23.74737,61.36778,11.226,4.98441
20/05/2020,11:00:00,0.124433,22.85,182.6,3.9,20.1,4.11483,14.11745,20.42677,73.39187,11.981,4.17811
20/05/2020,12:00:00,0.121605,23.925,180.6,4,21.4,3.68689,14.37112,20.02427,83.61983,11.415,3.29851
20/05/2020,13:00:00,0.127261,20.5,186.7,4.2,22.3,2.50182,12.31416,16.15023,99.98457,10.307,3.0786
20/05/2020,14:00:00,0.113121,23,188.3,3.7,23,2.86392,14.8783,19.26959,109.41425,9.127,3.29851
20/05/2020,15:00:00,0.079184,15.95,200.4,3.6,23.4,2.00804,11.05879,14.13774,113.1063,5.967,2.4922
20/05/2020,16:00:00,0.09898,13.45,197.3,3.7,23,2.27139,13.22092,16.70366,115.102,5.307,2.1257
20/05/2020,17:00:00,0.079184,14.5,191.1,3.6,22.4,2.10679,12.91986,16.15023,109.86329,5.637,2.4189
20/05/2020,18:00:00,0.070701,14.175,188.4,3.2,21.4,1.51426,13.47621,15.79804,112.10845,6.368,2.4922
20/05/2020,19:00:00,0.076356,12.875,185.1,2.3,19.8,0.95464,12.47273,13.93649,120.29082,6.109,2.2723
20/05/2020,20:00:00,0.084841,13.9,198.1,2.5,16.9,1.0534,19.3147,20.92989,104.425,5.259,2.5655
20/05/2020,21:00:00,0.113121,13.85,207,2.3,14.9,0.79005,18.25945,19.47083,94.34672,5.613,2.199
20/05/2020,22:00:00,0.121605,15.5,205.7,2,13.3,0.79005,18.36007,19.57146,79.92779,6.415,2.0524
20/05/2020,23:00:00,0.217758,17.3,214.1,2.1,12,1.54718,23.18631,25.55861,65.45896,9.906,1.466
20/05/2020,24:00:00,0.172509,16.7,243.3,2.2,11.1,0.8888,13.83148,15.19429,72.59359,10.307,1.3194
21/05/2020,1:00:00,0.16213,11.125,229.5,1.9,11.8,0.65854,9.79297,10.80271,69.91602,7.076,1.16344
21/05/2020,2:00:00,0.154588,9.95,248.4,1.9,10.4,0.70244,10.12824,11.2053,67.38814,6.109,1.06648
21/05/2020,3:00:00,0.138564,10.275,292.5,1.7,9.6,0.65854,9.7091,10.71884,63.41337,6.84,1.30887
21/05/2020,4:00:00,0.135736,9.8,269.9,2,9.6,0.8561,9.95973,11.2724,59.32218,6.321,1.4543
21/05/2020,5:00:00,0.14422,10.175,275.2,2.5,9.5,1.31708,14.28523,16.30472,49.04433,6.486,0.79986
21/05/2020,6:00:00,0.141392,12.1,282.6,2.4,10.2,3.81952,22.17351,28.03003,39.01594,7.241,1.38158
21/05/2020,7:00:00,0.164015,17.175,322.3,2.2,11.7,8.1988,33.02151,45.59282,41.66024,9.057,1.89059
21/05/2020,8:00:00,0.161187,20.95,267.8,2.3,14.3,8.16587,32.66941,45.19024,45.40218,9.127,1.4543
21/05/2020,9:00:00,0.161187,22.425,263.5,3.2,17.3,4.21464,22.0709,28.53326,68.60219,11.203,2.32687
21/05/2020,10:00:00,0.107458,20.275,272,3.8,18,3.49025,14.37505,19.7267,91.35317,10.071,1.74515
21/05/2020,11:00:00,0.093319,18.05,289.6,3.8,18,2.7,12.61768,16.75763,98.58758,8.585,1.4543
21/05/2020,12:00:00,0.096147,15.125,275.8,4.4,18.8,3.09513,10.35117,15.09696,93.99747,7.288,1.16344
21/05/2020,13:00:00,0.098974,9.7,285.8,4.4,19.4,2.66708,10.60491,14.69437,94.39661,4.835,1.16344
21/05/2020,14:00:00,0.084835,9.675,288.4,4,19.4,3.16098,10.95472,15.80149,96.19274,3.915,1.23615
21/05/2020,15:00:00,0.084835,6.875,290.5,3.3,19.5,2.99635,11.25747,15.85181,96.54199,2.925,1.23615
21/05/2020,16:00:00,0.062213,6.7,282.2,2.7,19.5,2.33781,9.34847,12.93306,100.78285,2.476,1.01801
21/05/2020,17:00:00,0.062213,6.5,257.8,2.4,19,2.00854,8.8972,11.97692,99.03661,2.099,1.38158
21/05/2020,18:00:00,0.056557,4.925,225.3,1.7,18.4,1.18537,7.94516,9.7627,100.98242,1.91,1.16344
21/05/2020,19:00:00,0.062213,5.425,181.2,1.5,17.3,1.15244,11.71957,13.48662,95.145,2.217,1.74515
21/05/2020,20:00:00,0.115942,7.625,142.2,2,14.4,0.98781,16.24947,17.76409,86.21424,3.16,1.52701
21/05/2020,21:00:00,0.158359,9.95,135.3,2.2,13.2,1.02073,26.61589,28.18099,73.99058,4.528,1.38158
21/05/2020,22:00:00,0.149876,14.675,136.7,2.9,12.8,0.82317,21.63488,22.89706,76.03617,6.863,1.09072
21/05/2020,23:00:00,0.333685,36.825,131.2,2.7,13,0.75732,19.52163,20.68284,88.90844,26.51,2.61773
21/05/2020,24:00:00,0.384586,42.9,171.1,2.3,12.8,0.72439,12.12428,13.235,109.66372,31.533,2.83588
22/05/2020,1:00:00,0.308216,36.1,142.3,3.6,14.2,0.74653,13.68714,14.8318,105.23991,25.566,2.30814
22/05/2020,2:00:00,0.59381,54.6,156.6,3.5,13.9,0.79044,12.34468,13.55667,97.92235,41.297,2.40432
22/05/2020,3:00:00,0.209247,25.575,172,4.3,14,0.85631,17.15965,18.47264,81.87359,15.826,2.4524
22/05/2020,4:00:00,0.15835,14.375,182,5.1,13.2,0.69164,10.91904,11.97953,80.57639,8.326,2.01963
22/05/2020,5:00:00,0.155522,8.65,203.9,5.3,13.4,0.62577,9.76168,10.72118,80.07746,5.071,1.08194
22/05/2020,6:00:00,0.152694,7.925,220.8,3.9,13.5,1.18567,14.54061,16.35861,71.49595,4.976,1.15407
22/05/2020,7:00:00,0.1329,8.675,237.7,4.7,13.8,2.00904,11.11375,14.19424,69.60004,4.127,1.2262
22/05/2020,8:00:00,0.115935,20.225,239.5,5.4,14.2,2.9971,10.60543,15.20092,66.85595,9.057,1.51472
22/05/2020,9:00:00,0.082003,27.625,237.4,5.9,14.6,2.89829,8.74357,13.18755,70.99703,10.047,1.37046
22/05/2020,10:00:00,0.101796,30.25,237.8,6.7,16,2.56894,6.17818,10.11717,74.58929,10.377,2.01963
22/05/2020,11:00:00,0.135728,38.775,240.2,7.5,16.7,3.35938,6.92922,12.0802,73.29208,10.708,1.00981
22/05/2020,12:00:00,0.12159,38.1,240.7,8.2,16.8,2.93123,6.73003,11.22452,72.14456,10.024,1.37046
22/05/2020,13:00:00,0.107451,30.3,239.5,8.7,16.8,3.22764,6.52721,11.47619,71.49595,9.41,0.86555
22/05/2020,14:00:00,0.079175,33.575,239.1,8.8,16.6,2.40427,5.67567,9.36216,72.24434,8.326,1.00981
22/05/2020,15:00:00,0.090485,30.475,240.6,8.5,16.2,2.53601,5.82601,9.7145,69.99918,7.547,1.00981
22/05/2020,16:00:00,0.138556,37.575,242.9,8.2,15.6,3.03003,6.27653,10.92252,71.8452,8.632,0.79343
22/05/2020,17:00:00,0.082003,23.2,245,7.7,14.8,1.7785,4.4708,7.19779,72.04477,6.792,1.15407
22/05/2020,18:00:00,0.053726,21.85,239.4,6.5,13.9,1.2186,4.22194,6.09044,73.09251,7.712,1.29833
22/05/2020,19:00:00,0.076347,21.625,237.7,5.8,12.6,0.88925,4.17326,5.53676,71.49595,8.042,1.08194
22/05/2020,20:00:00,0.090485,19.2,235.2,5.7,11.1,0.72457,4.37543,5.48643,70.29853,8.561,1.00981
22/05/2020,21:00:00,0.082003,17.85,234.5,7,10.4,0.59283,3.82241,4.73141,69.74972,8.302,0.64917
22/05/2020,22:00:00,0.076347,16.15,235.6,7.4,10,0.59283,4.72843,5.63743,66.5067,8.184,1.00981
22/05/2020,23:00:00,0.076347,15.025,238.7,7.1,9.7,0.49403,3.67191,4.42941,65.50885,8.042,1.00981
22/05/2020,24:00:00,0.070691,13.075,240.9,7,9.4,0.42816,2.8669,3.52339,65.55875,7.453,0.79343
23/05/2020,1:00:00,0.073515,12.975,235.3,5.4,9.3,0.30747,1.94512,2.41657,66.7229,7.476,0.85853
23/05/2020,2:00:00,0.07917,14.5,241,5.9,8.8,0.30747,2.07937,2.55082,64.46111,8.208,0.95392
23/05/2020,3:00:00,0.084825,13.725,244.5,6.1,8.6,0.2306,2.01264,2.36622,64.71057,7.712,1.2878
23/05/2020,4:00:00,0.093307,11.925,245.6,5.6,8.4,0.26355,1.91178,2.31588,66.20735,6.769,0.78699
23/05/2020,5:00:00,0.104617,10.525,246.2,6.8,8.9,0.46121,2.96802,3.6752,64.81036,6.415,1.14471
23/05/2020,6:00:00,0.101789,10.8,249.2,7.7,10,0.59298,3.06804,3.97727,66.45681,6.109,0.78699
23/05/2020,7:00:00,0.07917,11.475,247.9,8,10.9,1.05419,3.56915,5.18555,66.65638,5.849,1.07316
23/05/2020,8:00:00,0.081997,12.075,247.7,8.8,12.1,1.12008,4.02192,5.73935,68.10326,5.401,1.21625
23/05/2020,9:00:00,0.070687,11.7,261.3,8.3,13.3,0.95536,3.26758,4.73244,69.2009,4.623,1.00162
23/05/2020,10:00:00,0.070687,14.175,261.1,9,13.9,0.95536,2.41171,3.87658,70.64778,4.505,1.07316
23/05/2020,11:00:00,0.076342,15.825,263.2,9.5,14.2,1.31774,3.16505,5.18555,73.8409,4.34,1.07316
23/05/2020,12:00:00,0.161167,15.675,264.7,9.6,14.4,2.93196,5.82514,10.32076,72.44391,4.693,1.00162
23/05/2020,13:00:00,0.101789,13.675,265,9.4,14.5,2.10838,5.0238,8.2566,75.188,4.67,1.07316
23/05/2020,14:00:00,0.206407,12.525,265.9,9.4,14.4,3.06374,6.02585,10.72352,73.74112,4.481,0.6439
23/05/2020,15:00:00,0.178132,13.95,268.2,9.3,14.2,2.5037,5.0218,8.86075,75.8366,4.976,1.00162
23/05/2020,16:00:00,0.121582,13.475,271.1,9.1,14,1.746,7.39187,10.06903,77.1837,5,0.71544
23/05/2020,17:00:00,0.220544,12.75,273.1,8.9,13.4,2.70136,7.63874,11.78077,76.88434,4.976,0.93008
23/05/2020,18:00:00,0.1131,13.475,268.9,6.9,12.3,1.18596,6.23677,8.05522,79.72822,5.991,0.42926
23/05/2020,19:00:00,0.147029,14.125,273.4,6.3,11.4,1.77894,9.55654,12.28422,76.68477,6.25,0.6439
23/05/2020,20:00:00,0.101789,11.575,265.1,4.8,10.3,1.35068,8.6525,10.72352,73.09251,5.731,0.93008
23/05/2020,21:00:00,0.104617,12.025,263.3,4.3,9.5,0.95536,7.64761,9.11247,72.24434,5.684,0.85853
23/05/2020,22:00:00,0.107445,12.6,256.6,3.6,9.1,0.9883,6.64054,8.15591,71.79531,6.509,0.78699
23/05/2020,23:00:00,0.096135,11.3,240.7,2.9,8.6,0.9883,6.99296,8.50833,71.64563,6.25,1.00162
23/05/2020,24:00:00,0.096135,7.6,229.1,2.8,9.2,0.46121,4.37768,5.08486,69.2009,4.623,0.6439
24/05/2020,1:00:00,0.079164,8.1,272.6,5.4,11.1,0.35148,2.95242,3.49136,69.71645,4.34,1.13534
24/05/2020,2:00:00,0.098014,6.4,280.2,5.7,11.3,0.48329,5.90597,6.64701,66.52333,4.481,0.94612
24/05/2020,3:00:00,0.096129,6.375,281.2,5.3,11.4,0.52723,7.29893,8.10733,65.95789,3.962,0.56767
24/05/2020,4:00:00,0.096129,7.35,283.9,5.9,11.4,0.75789,9.46306,10.62514,66.25724,4.788,0.85151
24/05/2020,5:00:00,0.093301,9.375,282.9,5.7,11.3,0.69199,8.55699,9.61802,67.15531,6.061,0.70959
24/05/2020,6:00:00,0.098956,9.775,280.8,6.1,11.4,1.05445,9.91474,11.53155,66.5566,6.132,0.70959
24/05/2020,7:00:00,0.10461,8.85,283.5,6.2,11.6,1.44987,9.81201,12.03511,64.01208,5.708,0.85151
24/05/2020,8:00:00,0.203566,10.6,285.9,5.8,12.1,1.84529,9.91069,12.7401,62.96434,6.203,0.85151
24/05/2020,9:00:00,0.299695,9.775,286.6,6.5,12.8,3.29517,13.42818,18.48069,59.52175,5.755,1.06438
24/05/2020,10:00:00,0.186603,8.35,289.4,7,13.7,2.63613,13.58263,17.62464,58.72347,5.165,0.78055
24/05/2020,11:00:00,0.163985,13.2,288.8,7.1,14.4,2.17481,12.47716,15.81182,59.57165,7.995,0.63863
24/05/2020,12:00:00,0.217703,14.625,285.9,6.8,14.1,3.32812,12.16911,17.27215,59.67143,9.057,0.85151
24/05/2020,13:00:00,0.155502,14.275,288.1,6.9,14.5,2.73499,12.17215,16.36574,63.11401,8.726,0.78055
24/05/2020,14:00:00,0.175294,11.875,292.3,6.8,15.9,3.72354,11.9153,17.62464,61.8667,7.028,1.06438
24/05/2020,15:00:00,0.101784,14.625,292.7,6.4,16.5,2.27367,8.19638,11.68262,65.95789,9.009,0.99342
24/05/2020,16:00:00,0.081992,12.85,295.4,6.2,16.4,2.10891,6.33405,9.56766,68.60219,8.113,0.92247
24/05/2020,17:00:00,0.067855,11.625,287.8,5.6,16,1.77939,5.53004,8.2584,69.60004,7.311,0.92247
24/05/2020,18:00:00,0.062201,10.825,281.7,4.7,15.1,1.38397,4.77673,6.89879,69.40047,7.028,1.27726
24/05/2020,19:00:00,0.079164,11.15,280.5,3.5,13.9,1.38397,6.89169,9.01374,68.35273,7.146,1.06438
24/05/2020,20:00:00,0.113093,13,256.4,2,11.6,1.21921,10.16568,12.03511,62.81466,8.349,0.99342
24/05/2020,21:00:00,0.113093,15.025,268.9,1.9,10.1,0.8897,11.17449,12.53867,61.8667,9.528,1.41918
24/05/2020,22:00:00,0.121575,15.525,296.2,2.9,9.7,0.82379,13.84371,15.10684,55.231,10.094,1.34822
24/05/2020,23:00:00,0.118747,16.225,275.9,2.6,9.1,0.82379,14.09549,15.35862,53.58455,10.566,0.99342
24/05/2020,24:00:00,0.124402,13.35,276.8,2.8,8.7,0.75789,10.72197,11.88404,53.83401,9.245,1.27726
25/05/2020,1:00:00,0.141357,13.525,274.3,1.9,7.5,0.57131,8.72734,9.60332,52.08777,9.104,0.84448
25/05/2020,2:00:00,0.189418,13.7,273.6,2.1,6.6,1.18656,12.0148,13.83416,41.17794,8.962,1.12598
25/05/2020,3:00:00,0.180936,12.875,287.4,2,5.9,1.58208,14.8501,17.27591,28.88776,8.821,0.91486
25/05/2020,4:00:00,0.203553,17.675,284.4,2.1,6.2,2.10944,26.17996,29.41438,12.82237,12.571,1.26672
25/05/2020,5:00:00,0.175283,13.65,280.4,1.8,6.3,2.60383,15.147,19.13949,21.25421,9.41,1.40747
25/05/2020,6:00:00,0.189418,14.125,287,1.5,6.7,4.41663,15.33908,22.11115,21.90281,9.741,0.91486
25/05/2020,7:00:00,0.138529,15.475,280.2,1.6,10,5.24063,14.98224,23.01776,37.02024,10.448,1.26672
25/05/2020,8:00:00,0.115912,16.8,220.3,1.5,14.1,5.93279,14.87792,23.97473,43.50626,10.307,1.82971
25/05/2020,9:00:00,0.107431,13.85,189.3,2.9,16.5,2.99935,8.69797,13.29691,63.36348,8.986,2.18158
25/05/2020,10:00:00,0.104605,12.875,220.7,3,17.8,2.1424,6.78846,10.07342,73.49165,7.665,2.04083
25/05/2020,11:00:00,0.101777,8.7,247,3.8,18.8,1.8128,5.37989,8.15947,81.42456,4.859,1.47784
25/05/2020,12:00:00,0.166801,5.5,250.1,4.2,19.2,2.73567,7.28906,11.4837,88.65897,2.524,1.68896
25/05/2020,13:00:00,0.090469,4.825,255.2,4.2,19.4,1.94464,5.88288,8.86461,93.99747,2.5,1.0556
25/05/2020,14:00:00,0.130048,6.1,264.3,3.9,19.7,2.01056,6.99061,10.07342,98.28823,2.83,1.0556
25/05/2020,15:00:00,0.121567,6.175,268.4,3.7,20,1.9776,7.34335,10.37562,101.03231,2.547,0.98523
25/05/2020,16:00:00,0.09895,5.525,268.9,3.9,19.6,1.77984,8.30135,11.03039,110.26243,2.736,2.88532
25/05/2020,17:00:00,0.104605,5.225,268.2,3.5,18.7,1.77984,8.35172,11.08076,107.01941,2.406,2.18158
25/05/2020,18:00:00,0.135703,7.3,285.2,3.2,17.7,2.43903,11.01776,14.75756,91.70242,3.349,1.61859
25/05/2020,19:00:00,0.096122,6.775,292.5,2.6,16.1,1.74688,12.23015,14.90866,83.27058,3.679,0.77411
25/05/2020,20:00:00,0.11874,7.275,292.4,2,13.3,1.3184,12.28274,14.30425,76.5351,3.868,1.19635
25/05/2020,21:00:00,0.124394,8.5,280.2,2.4,11.4,0.95584,11.57948,13.04508,73.54155,4.646,1.12598
25/05/2020,22:00:00,0.107431,8.575,262.1,2,10,1.02176,10.42069,11.98737,70.84735,5.165,1.19635
25/05/2020,23:00:00,0.107431,7.175,235.3,1.7,8.9,0.69216,9.01212,10.07342,68.30283,4.34,1.40747
25/05/2020,24:00:00,0.132876,6.175,209.4,1.7,8.1,1.45024,11.57692,13.80058,65.15961,3.821,1.47784
26/05/2020,1:00:00,0.090463,5.8,253.2,1.6,11.3,0.61541,10.13956,11.08317,68.9847,3.514,1.30271
26/05/2020,2:00:00,0.101771,7.2,252.7,1.2,11.3,0.52749,6.5128,7.32161,66.25724,4.552,1.20966
26/05/2020,3:00:00,0.076328,6.425,237.2,1.4,10.5,0.59343,6.74756,7.65746,66.85595,3.679,1.11661
26/05/2020,4:00:00,0.073501,5.925,189.8,1.7,10.2,0.56046,6.44546,7.30482,65.00993,3.609,0.90725
26/05/2020,5:00:00,0.073501,7.225,184.6,1.9,10.1,0.79124,8.8624,10.07561,65.15961,4.599,1.04682
26/05/2020,6:00:00,0.076328,10.05,245.6,2.2,10.7,2.24184,9.812,13.24943,60.07057,5.92,0.55831
26/05/2020,7:00:00,0.141348,11.3,287.3,2.1,12.9,3.95618,12.67458,18.74064,58.12476,6.627,0.76767
26/05/2020,8:00:00,0.262908,12.325,301.2,2.2,14.6,5.20897,15.64033,23.62731,54.33293,7.005,1.1864
26/05/2020,9:00:00,0.098944,9.9,317.4,2.6,14.2,3.32979,11.97256,17.07816,58.77337,5.613,1.1864
26/05/2020,10:00:00,0.076328,8.75,319.8,2.8,14.5,2.86823,10.41326,14.81115,59.52175,4.788,0.83746
26/05/2020,11:00:00,0.096116,8.6,311.5,2.8,15.6,3.39572,13.68507,18.89177,53.63444,4.127,1.11661
26/05/2020,12:00:00,0.110252,5.775,307.3,2.5,17.6,3.09901,12.57831,17.33005,53.33508,2.547,0.97704
26/05/2020,13:00:00,0.115905,6.475,312.6,3.1,19.8,4.31883,14.18402,20.80614,50.69078,2.901,1.32598
26/05/2020,14:00:00,0.098944,7.5,313.6,3.9,20.2,3.85728,13.07812,18.99253,56.17896,4.033,1.04682
26/05/2020,15:00:00,0.087636,8.85,314,3.8,20.2,3.46166,11.36734,16.67514,63.31358,4.057,0.90725
26/05/2020,16:00:00,0.107424,8,313,4,19.7,3.59353,13.9863,19.49631,65.75832,4.269,0.90725
26/05/2020,17:00:00,0.096116,6.775,311.7,4,18.8,3.13198,9.55545,14.35775,74.93854,3.585,0.97704
26/05/2020,18:00:00,0.118732,5.925,308.7,3.9,17.5,2.24184,9.812,13.24943,77.53295,3.019,0.69788
26/05/2020,19:00:00,0.076328,6.05,306.4,3.5,15.5,1.68138,9.51266,12.09073,74.4895,3.137,0.97704
26/05/2020,20:00:00,0.135694,7,297.1,3.2,13.1,1.4506,11.88163,14.10586,66.35703,4.34,1.32598
26/05/2020,21:00:00,0.138521,8.9,304.9,3.3,11.6,1.15389,12.23583,14.0051,63.06412,5.849,1.11661
26/05/2020,22:00:00,0.107424,10.625,313.6,3.2,10.5,1.12092,11.83298,13.5517,57.12691,6.439,1.11661
26/05/2020,23:00:00,0.104598,10.2,321.4,2.7,9.5,1.08795,12.28656,13.95472,52.48691,6.651,0.97704
26/05/2020,24:00:00,0.070674,10.85,328.9,2.6,8.7,0.82421,9.46676,10.73053,53.33508,6.722,1.60513
27/05/2020,1:00:00,0.131917,11.4,318,2.3,7.7,0.7035,8.52883,9.60751,52.68648,7.052,1.10725
27/05/2020,2:00:00,0.143223,11.3,322,2.3,6.7,0.65953,7.05098,8.06225,51.55558,6.84,1.66087
27/05/2020,3:00:00,0.135685,12.3,330.2,2.2,6.1,0.65953,7.05098,8.06225,48.99444,7.241,1.38406
27/05/2020,4:00:00,0.144166,10.625,328.2,1.9,5.6,1.02227,9.41735,10.98481,43.80562,6.722,0.96884
27/05/2020,5:00:00,0.14134,10,329.2,2,6.4,1.28608,9.51674,11.4887,41.61035,6.415,0.69203
27/05/2020,6:00:00,0.14982,11.175,10.3,2.2,10.2,3.4955,11.72219,17.08188,38.41723,6.604,1.03804
27/05/2020,7:00:00,0.144166,13.625,16.7,2.8,12.7,10.02483,21.91668,37.28788,29.83572,6.722,1.10725
27/05/2020,8:00:00,0.081977,10.35,19.2,3.3,14.6,4.68265,10.20425,17.38422,53.18541,4.717,1.03804
27/05/2020,9:00:00,0.050883,8.625,18.8,2.9,16,2.50621,6.38617,10.22897,64.31143,4.575,0.55362
27/05/2020,10:00:00,0.073496,9.425,13.5,2.6,16.3,2.2424,5.73251,9.1708,68.5024,4.623,1.10725
27/05/2020,11:00:00,0.093284,7.225,22.6,2.3,17.1,2.803,7.19083,11.4887,74.04047,3.42,1.17645
27/05/2020,12:00:00,0.08763,7.775,27.3,2.3,17.9,2.34133,5.2281,8.81808,77.58284,3.656,0.96884
27/05/2020,13:00:00,0.076324,10.1,39.8,2.6,18.2,2.47323,5.98324,9.77547,76.5351,4.717,1.03804
27/05/2020,14:00:00,0.07915,10.4,43.7,2.9,18.5,2.14347,6.13614,9.42275,77.93209,4.717,0.89964
27/05/2020,15:00:00,0.08763,10.6,32.5,2.5,18.7,3.03383,8.49973,13.15154,78.23144,4.693,1.17645
27/05/2020,16:00:00,0.104591,9.8,23.2,2,19.1,2.90193,6.88797,11.33753,78.13166,4.245,1.24565
27/05/2020,17:00:00,0.101764,12.1,32.8,2,18.7,2.17645,6.23675,9.57392,78.73037,4.976,0.76123
27/05/2020,18:00:00,0.098937,11.825,44.9,2.3,18,1.97859,7.14479,10.17858,73.39187,5.849,0.76123
27/05/2020,19:00:00,0.110245,12.125,49.4,2.2,16.6,1.35203,8.25666,10.32975,71.94499,5.731,1.17645
27/05/2020,20:00:00,0.121552,12.725,112.5,3,14,0.89036,7.90638,9.27158,70.34843,6.297,1.31485
27/05/2020,21:00:00,0.121552,12.65,119.5,3,11.9,0.59358,7.95833,8.86847,66.15746,7.028,0.89964
27/05/2020,22:00:00,0.110245,11.75,127.4,2.2,10.5,0.72548,8.71347,9.82586,60.61939,6.321,0.76123
27/05/2020,23:00:00,0.121552,12.025,160.9,0.7,9.4,0.65953,7.4037,8.41497,58.17466,6.887,0.69203
27/05/2020,24:00:00,0.118725,12.375,6.6,0.3,8.4,0.62655,7.7566,8.7173,56.5781,7.429,1.10725
28/05/2020,1:00:00,0.101758,12.75,48.1,1.1,7.1,0.65969,9.33728,10.3488,53.61781,7.783,0.54894
28/05/2020,2:00:00,0.115891,17.875,355.8,0.9,6.3,0.87959,24.12011,25.4688,34.12647,10.472,1.00639
28/05/2020,3:00:00,0.138504,21.875,1,1.4,5.9,1.74819,32.80108,35.4816,22.80087,13.585,1.30374
28/05/2020,4:00:00,0.183729,33.15,41.1,1.8,5.3,1.55028,22.72214,25.0992,33.32819,23.915,1.71544
28/05/2020,5:00:00,0.144157,25.575,50.7,1.6,6,1.38536,16.92702,19.0512,40.36303,21.462,1.09788
28/05/2020,6:00:00,0.13285,20.85,90.1,0.9,8.1,1.78117,14.20331,16.9344,47.54755,15.283,1.44097
28/05/2020,7:00:00,0.13285,19.075,147.3,1.5,11.1,3.19952,16.26215,21.168,46.89895,13.42,1.50959
28/05/2020,8:00:00,0.107411,24.975,152.9,2.1,13.6,6.06918,18.81725,28.1232,44.90325,13.915,2.60747
28/05/2020,9:00:00,0.081971,27.625,168.5,2.4,16,8.51005,19.10664,32.1552,48.29594,13.656,5.76387
28/05/2020,10:00:00,0.073492,23.8,163.6,2.5,17.7,6.92679,16.09108,26.712,53.13551,11.958,4.94046
28/05/2020,11:00:00,0.093278,22.6,157.1,2.7,18.9,7.28962,17.39954,28.5768,58.22455,9.576,4.11705
28/05/2020,12:00:00,0.096105,22.725,156.7,3.1,19.9,5.70635,15.89599,24.6456,65.00993,8.538,4.11705
28/05/2020,13:00:00,0.084798,20.05,162.1,3.2,20.6,3.59533,11.27044,16.7832,78.97983,7.524,2.333
28/05/2020,14:00:00,0.073492,17.2,163.7,3.3,21,2.8037,10.66986,14.9688,89.50715,7.028,1.78406
28/05/2020,15:00:00,0.090451,17.85,163.5,3.1,21.2,2.73773,12.13181,16.3296,97.83919,6.863,2.47023
28/05/2020,16:00:00,0.101758,20.25,166.6,2.8,21.2,3.03459,13.18863,17.8416,101.43145,6.722,1.64682
28/05/2020,17:00:00,0.070666,17.075,158.3,2.9,20.8,1.7152,10.22206,12.852,106.67017,5.755,1.37235
28/05/2020,18:00:00,0.070666,12.95,161.6,2.9,19.9,1.48431,9.76969,12.0456,103.82629,4.811,1.1665
28/05/2020,19:00:00,0.065012,11.15,156.5,2.4,18.8,1.22043,11.5855,13.4568,98.58758,4.104,1.50959
28/05/2020,20:00:00,0.062186,11.325,154.5,2.2,16.3,0.8576,11.78903,13.104,93.74801,4.505,1.85267
28/05/2020,21:00:00,0.135677,16.675,150.2,2.6,14.5,0.79163,15.61978,16.8336,74.73897,7.052,4.25429
28/05/2020,22:00:00,0.138504,16.7,147.8,2.4,13.3,0.8576,20.25623,21.5712,57.27659,8.042,2.95056
28/05/2020,23:00:00,0.15829,17.3,153.3,2.3,12,0.82462,20.30681,21.5712,56.27874,8.939,1.5782
28/05/2020,24:00:00,0.155464,14.8,157.4,1.9,11,0.89059,23.73365,25.0992,49.8925,8.09,1.71544
29/05/2020,1:00:00,0.144148,14.325,187.6,0.9,10.1,0.9238,21.97421,23.39069,49.0277,7.5,1.63277
29/05/2020,2:00:00,0.144148,19.15,180.8,0.4,8.8,1.18775,25.60238,27.42357,40.7788,8.868,1.72348
29/05/2020,3:00:00,0.15828,20.275,120.9,0.9,8.2,1.55067,37.29578,39.67343,25.74453,9.693,1.49671
29/05/2020,4:00:00,0.203503,19.725,142.4,1.7,8.4,1.71563,34.119,36.7496,26.24346,11.58,2.04097
29/05/2020,5:00:00,0.175239,19.575,147.2,1.2,8.7,5.1469,40.40191,48.29371,17.36259,10.472,4.28603
29/05/2020,6:00:00,0.195024,24.825,141.1,0.7,8.3,11.31658,38.30187,55.65371,21.55356,11.533,4.28603
29/05/2020,7:00:00,0.195024,42.1,171.8,0.4,8.8,18.37707,37.05401,65.2318,24.69679,13.467,10.00074
29/05/2020,8:00:00,0.146974,33.8,169.6,1.9,14.8,14.31894,32.7405,54.6959,39.11572,9.646,13.33432
29/05/2020,9:00:00,0.059356,22.775,163.2,3,17.2,7.22546,20.5288,31.60768,60.5695,5.59,7.41551
29/05/2020,10:00:00,0.07914,17.95,158,3.4,18.3,4.32208,13.38607,20.01316,73.79101,5.071,3.12948
29/05/2020,11:00:00,0.076313,14.825,152.9,3.5,19.2,2.77141,8.65578,12.90521,84.11876,4.387,1.36065
29/05/2020,12:00:00,0.062181,17.725,148.4,3.8,19.9,3.2663,9.9638,14.97206,82.82155,4.198,1.9049
29/05/2020,13:00:00,0.059356,16,146.4,3.8,20.3,2.90338,8.40301,12.8548,84.36822,4.104,0.88442
29/05/2020,14:00:00,0.062181,14.85,143,4,20.6,2.47447,8.05244,11.84658,84.76736,4.222,1.36065
29/05/2020,15:00:00,0.062181,13.625,140.1,4,20.6,2.47447,7.69957,11.4937,80.32693,4.057,1.08852
29/05/2020,16:00:00,0.067834,11.3,141.7,3.7,20.5,2.73842,5.58089,9.77973,80.42671,3.609,1.22458
29/05/2020,17:00:00,0.073488,11.3,146.5,3.7,20.1,2.21053,7.95304,11.34247,77.58284,3.514,1.76884
29/05/2020,18:00:00,0.093272,12.025,142.8,3.6,18.9,1.71563,6.59461,9.22521,75.08821,3.797,2.92539
29/05/2020,19:00:00,0.062181,9.05,134.8,2.9,17.4,0.89081,4.73384,6.09973,74.83875,3.561,1.9049
29/05/2020,20:00:00,0.090446,9.85,120,2.7,14.9,0.9568,8.36307,9.83014,71.74542,4.269,4.49013
29/05/2020,21:00:00,0.121537,9.475,120.2,2.9,12.9,0.82482,12.34625,13.61096,65.55875,4.693,8.91222
29/05/2020,22:00:00,0.132842,9.95,124.6,2.5,11.4,0.85782,15.01786,16.33316,58.47401,5.425,8.29993
29/05/2020,23:00:00,0.115883,10.475,121,2.1,10,0.9238,15.06791,16.48439,54.03358,6.179,6.327
29/05/2020,24:00:00,0.107404,10.6,109.3,1.7,8.7,0.82482,14.91721,16.18192,51.68863,6.722,3.33358
30/05/2020,1:00:00,0.120587,9.8,81.3,1.8,6.8,0.79203,12.16419,13.37862,53.28519,6.226,3.14752
30/05/2020,2:00:00,0.139429,10.1,79.6,1.8,5.9,0.74803,10.41647,11.56343,57.54268,6.415,3.0576
30/05/2020,3:00:00,0.130007,10.375,66.4,1.9,5.2,0.72603,9.47538,10.58861,57.02713,6.91,1.55128
30/05/2020,4:00:00,0.138486,11.9,63,1.5,5.6,1.12204,11.54053,13.26097,47.19831,8.656,1.0117
30/05/2020,5:00:00,0.141313,13.175,27,1.4,5.4,1.28705,9.22023,11.19367,50.24175,10.142,0.94426
30/05/2020,6:00:00,0.127182,13.35,49.8,1.6,5.7,1.48505,9.42084,11.69789,61.36778,8.868,1.1466
30/05/2020,7:00:00,0.107397,10.125,65.6,1.8,6.4,2.37609,11.4833,15.12658,59.72132,6.604,1.41639
30/05/2020,8:00:00,0.098919,10.825,58.2,1.6,7.2,1.94707,5.98964,8.97511,66.25724,7.359,2.2932
30/05/2020,9:00:00,0.070656,11.225,68.2,1.9,8.4,2.57409,7.24678,11.19367,67.35488,6.981,3.84447
30/05/2020,10:00:00,0.06783,11,78.4,2.1,9.7,2.50809,7.54967,11.39536,74.68907,5.967,2.22575
30/05/2020,11:00:00,0.087614,12.825,91.1,2.5,12.9,2.7061,8.90999,13.05928,81.47445,7.028,2.63043
30/05/2020,12:00:00,0.101745,15.875,121.5,3.2,16.9,2.47509,9.41546,13.21055,91.1536,8.09,3.50724
30/05/2020,13:00:00,0.101745,17.3,120.9,3.6,18.8,2.17808,9.11455,12.45422,100.63317,8.255,3.50724
30/05/2020,14:00:00,0.093266,17.125,116.5,4.4,19.7,1.84807,8.51127,11.34494,107.96737,8.137,3.23745
30/05/2020,15:00:00,0.104572,18.025,123.9,4.3,19.4,1.71606,7.75566,10.38692,105.27318,8.066,2.96767
30/05/2020,16:00:00,0.096093,16.05,114.9,4.4,18.3,1.81507,9.11652,11.89958,104.77425,7.453,3.37235
30/05/2020,17:00:00,0.096093,15.425,111.5,5.1,18,1.84807,10.27604,13.10971,105.67232,7.288,4.78873
30/05/2020,18:00:00,0.098919,12.9,113,4.7,16.6,1.45205,9.52186,11.74831,103.42715,6.509,4.4515
30/05/2020,19:00:00,0.110224,13.2,109.7,4.1,14.9,1.28705,12.34639,14.31983,95.34457,6.415,4.65384
30/05/2020,20:00:00,0.138486,13.775,98.1,2.8,13,1.18804,13.25452,15.07616,83.32048,7.382,1.21404
30/05/2020,21:00:00,0.155444,14.65,93.5,2.8,11.6,0.99004,13.35644,14.87447,77.28348,8.514,0.80936
30/05/2020,22:00:00,0.152618,16.05,88.1,2.9,10.5,0.82503,12.44974,13.71477,73.64133,9.387,1.07915
30/05/2020,23:00:00,0.135661,15.375,97,3.2,10.1,0.82503,9.02105,10.28608,69.55015,9.835,0.53958
30/05/2020,24:00:00,0.132834,15.45,94.6,2.4,9.7,0.62702,8.66917,9.63059,69.74972,10.024,0.87681
31/05/2020,1:00:00,0.110217,14.275,35,2.3,7,0.83624,5.91288,7.1951,70.11559,9.245,0.80234
31/05/2020,2:00:00,0.121522,13.6,36.5,1.9,7.1,0.7042,5.77912,6.85888,65.39244,9.222,0.89149
31/05/2020,3:00:00,0.118696,13.05,43.9,2.3,7.1,0.79223,5.69458,6.90931,62.5153,8.939,1.13665
31/05/2020,4:00:00,0.113044,12.7,37.2,2.3,6.8,0.82524,4.23184,5.49719,66.70627,9.08,0.80234
31/05/2020,5:00:00,0.113044,13.9,50.3,2.5,6.6,0.79223,3.97986,5.19459,64.71057,9.576,1.20351
31/05/2020,6:00:00,0.118696,13.425,42.2,2.2,6.7,0.99028,4.4831,6.00152,69.69982,9.245,0.8692
31/05/2020,7:00:00,0.087608,12.375,41.5,2.2,7.2,1.12232,3.87718,5.59805,69.79961,9.198,0.80234
31/05/2020,8:00:00,0.067826,12.675,47.1,2.3,8,1.32038,3.67437,5.69892,69.25079,10,1.20351
31/05/2020,9:00:00,0.056522,13.05,51.8,2.3,9.3,1.45242,3.72408,5.95108,77.93209,9.599,1.13665
31/05/2020,10:00:00,0.05087,10.625,65,2.5,11.2,1.35339,4.12808,6.20325,86.76306,7.288,1.53782
31/05/2020,11:00:00,0.079131,10.425,83.1,2.9,15.1,1.84853,5.33576,8.17013,91.40306,6.392,1.53782
31/05/2020,12:00:00,0.084783,11.65,114.7,3.3,18.6,1.28737,4.9858,6.95974,104.37511,6.462,1.7384
31/05/2020,13:00:00,0.073478,12.2,124.9,4,20.3,1.28737,6.29706,8.271,111.01081,6.203,1.87212
31/05/2020,14:00:00,0.070652,11.675,114.3,4.8,20.6,1.02329,5.44115,7.01018,119.69211,5.825,1.87212
31/05/2020,15:00:00,0.081956,11.725,118.7,4.9,20.3,1.0563,6.04616,7.6658,124.08265,6.038,3.07563
31/05/2020,16:00:00,0.093261,11.75,117.3,5,19.8,1.12232,6.90316,8.62403,122.3863,5.495,4.14542
31/05/2020,17:00:00,0.067826,10.975,118.4,4.9,19,1.15533,6.29778,8.06927,116.19963,4.599,5.48265
31/05/2020,18:00:00,0.056522,8.55,111.8,4.5,17.8,1.08931,5.99555,7.6658,104.67447,3.538,4.34601
31/05/2020,19:00:00,0.062174,8.025,109.4,3.6,16.2,1.18834,8.56708,10.38918,92.00177,3.373,3.87797
31/05/2020,20:00:00,0.079131,8.125,105.2,2.6,14.1,0.88025,10.68695,12.03666,89.50715,4.245,2.6076
31/05/2020,21:00:00,0.107392,8.775,97.4,2.6,12.5,0.66019,10.33513,11.34741,89.65682,5.024,1.40409
31/05/2020,22:00:00,0.118696,10.425,89.3,2.4,11.2,0.89126,16.94058,18.30715,79.1794,5.236,1.60468
31/05/2020,23:00:00,0.121522,12.975,74.7,2.3,10,0.79223,12.40216,13.61689,81.8237,6.58,1.33723
31/05/2020,24:00:00,0.121522,13,61.9,2.4,9.3,0.79223,14.26817,15.4829,76.08606,7.453,1.40409
1/6/2020,1:00:00,0.121513,12.825,16.8,2.5,7.2,0.88047,11.49634,12.84638,75.30441,8.774,0.88369
1/6/2020,2:00:00,0.104558,13.025,28.6,2.2,7,0.66035,5.98236,6.99489,77.16707,9.198,0.88369
1/6/2020,3:00:00,0.11021,13.25,9.6,2,6.8,0.72639,6.35191,7.46569,72.84305,9.104,1.19298
1/6/2020,4:00:00,0.118688,12.275,11.6,1.8,6.3,0.72639,5.24215,6.35593,70.39832,8.514,0.99414
1/6/2020,5:00:00,0.118688,12.775,20.5,2.2,6.5,1.08959,8.26677,9.93745,64.76047,8.726,0.99414
1/6/2020,6:00:00,0.113036,11.75,25.2,2.1,6.7,2.37728,10.78185,14.42695,66.90584,7.524,0.99414
1/6/2020,7:00:00,0.084777,9.075,20.1,2.1,7.3,3.86307,13.19494,19.11823,69.25079,5.401,1.3918
1/6/2020,8:00:00,0.064996,8.325,30.5,2.4,10.2,3.13668,8.659,13.46852,73.24219,3.75,1.3918
1/6/2020,9:00:00,0.045214,8.475,60.6,2.9,14.4,2.67444,6.84558,10.94632,75.38757,2.972,0.92787
1/6/2020,10:00:00,0.059344,10.575,64.2,3.7,17,2.24521,5.93996,9.38256,79.07961,3.09,1.3918
1/6/2020,11:00:00,0.079125,10.65,64.7,3.8,18.4,2.21219,6.89858,10.29055,83.1708,3.137,1.65691
1/6/2020,12:00:00,0.087603,10.875,73,4.2,19.6,1.98106,5.63876,8.67635,86.81295,3.349,1.3918
1/6/2020,13:00:00,0.079125,9.85,79.1,4.4,20.2,2.11313,6.04158,9.28167,87.46155,2.925,1.1267
1/6/2020,14:00:00,0.070647,9.075,84.3,4.3,20.4,2.14615,5.99095,9.28167,89.00822,3.113,0.92787
1/6/2020,15:00:00,0.081952,10.975,86.7,4.2,20.2,1.71692,5.74111,8.37368,92.84994,3.42,1.1267
1/6/2020,16:00:00,0.084777,14.075,88.1,4.2,19.8,2.74047,8.66119,12.86319,91.30328,3.844,1.19298
1/6/2020,17:00:00,0.087603,12.025,91.6,4.5,18.7,1.74994,7.96046,10.64366,92.60048,3.915,1.25925
1/6/2020,18:00:00,0.098907,13.8,87.9,4,17.4,1.71692,8.16242,10.79499,93.49855,4.175,1.19298
1/6/2020,19:00:00,0.084777,10.875,88.5,3.5,15.7,1.6839,8.31393,10.89588,85.21639,3.491,1.1267
1/6/2020,20:00:00,0.084777,8.65,87.2,2.3,13.5,0.95751,7.10729,8.57546,77.53295,2.807,1.52436
1/6/2020,21:00:00,0.09608,10.1,78,2.1,11.6,0.82544,7.81424,9.0799,74.63918,4.198,1.25925
1/6/2020,22:00:00,0.11021,8.875,56,1.8,10.3,0.79243,7.66309,8.87812,72.04477,3.373,1.25925
1/6/2020,23:00:00,0.113036,9.975,25.8,1.9,9.2,1.02355,13.36197,14.93139,65.25939,4.175,1.3918
1/6/2020,24:00:00,0.101732,9.75,4.7,2.4,8.2,1.1226,9.27547,10.99677,62.66498,4.127,1.45808
2/6/2020,1:00:00,0.109261,10.3,342.1,2,7.1,0.92473,7.32761,8.74551,64.19502,5.566,1.22623
2/6/2020,2:00:00,0.109261,9.875,328.8,2,6.2,0.79262,4.83925,6.05458,63.66283,4.835,1.48899
2/6/2020,3:00:00,0.110203,9.425,340.5,2,5.6,0.66052,3.88134,4.89412,66.75617,4.741,1.18244
2/6/2020,4:00:00,0.113029,9.025,331.3,2.1,5.1,0.72657,4.43597,5.55004,66.40692,4.67,1.05106
2/6/2020,5:00:00,0.110203,7.975,334.9,2.1,5.2,1.12288,8.47015,10.19188,59.92089,4.269,1.24813
2/6/2020,6:00:00,0.101727,9.4,329.7,1.8,6.4,3.3026,16.07667,21.14058,52.83616,4.127,1.64228
2/6/2020,7:00:00,0.107378,9.325,342.7,1.7,9.5,4.62364,15.86748,22.95696,54.38283,3.892,1.4452
2/6/2020,8:00:00,0.146938,38.275,354.9,1.2,11.8,4.02917,11.7335,17.91148,62.5652,7.807,2.10211
2/6/2020,9:00:00,0.056515,8.825,11.3,1.4,14.4,2.57603,7.70522,11.65507,72.04477,2.759,1.37951
2/6/2020,10:00:00,0.05934,11.85,23.1,1.7,17.4,2.37787,6.24313,9.88915,80.17725,2.571,1.37951
2/6/2020,11:00:00,0.081946,7.925,29.2,1.7,18.9,2.11366,5.38688,8.62778,85.61553,2.241,1.24813
2/6/2020,12:00:00,0.064991,6.175,31,1.6,20,2.01458,5.38743,8.47642,90.55489,1.745,1.4452
2/6/2020,13:00:00,0.05934,7.6,26.2,2,20.8,3.075522,3.973072,8.688808,89.47388,1.934,1.298722
2/6/2020,14:00:00,0.0775022,7.475,14.2,1.8,21.3,2.14669,8.46444,11.75598,93.44865,1.934,0.995568
2/6/2020,15:00:00,0.07912,7.875,4.4,1.4,21.6,2.50997,9.47151,13.32008,94.4964,2.075,0.78829
2/6/2020,16:00:00,0.067817,8.325,33.4,0.7,21.6,2.11366,8.16189,11.4028,99.03661,2.099,0.85398
2/6/2020,17:00:00,0.087598,7.4,19.1,0.3,21.2,2.11366,9.92781,13.16872,101.48135,2.689,0.78829
2/6/2020,18:00:00,0.07912,6.85,317,2.8,18.1,1.28801,10.79015,12.76508,104.82414,2.406,1.31382
2/6/2020,19:00:00,0.073469,8.3,305.8,2.2,17,0.95775,10.84245,12.31098,107.36866,2.642,1.05106
2/6/2020,20:00:00,0.118681,13.45,301.2,2.7,14.8,0.82565,18.56278,19.82876,87.01252,4.363,1.37951
2/6/2020,21:00:00,0.124332,13.925,304.6,2.6,13.5,0.36329,11.7035,12.26053,72.5437,3.844,1.37951
2/6/2020,22:00:00,0.138461,12.175,296.9,2.4,12.7,0.49539,12.76232,13.5219,70.39832,3.703,0.98537
2/6/2020,23:00:00,0.138461,12.075,288.8,2.3,11.7,0.46236,11.95522,12.66417,69.60004,3.609,0.91967
2/6/2020,24:00:00,0.127157,11.2,303.6,2.5,11.3,0.39631,16.7488,17.35647,57.8753,3.396,1.18244
3/6/2020,1:00:00,0.070631,9.85,43.5,1.9,11.3,0.39665,10.77218,11.38036,65.05982,3.231,1.13864
3/6/2020,2:00:00,0.090408,9.475,22,2.5,10.2,0.52886,8.14523,8.95614,64.79373,3.609,1.05105
3/6/2020,3:00:00,0.096058,10.95,19.6,2.6,10.6,0.46275,6.76513,7.47467,63.11401,5.118,0.91967
3/6/2020,4:00:00,0.144087,14.5,30.3,3.1,10.9,0.56191,8.38074,9.24233,57.17681,9.41,0.98536
3/6/2020,5:00:00,0.121485,14.75,32,2.8,10.9,0.72718,8.22835,9.34334,59.27229,9.976,0.7226
3/6/2020,6:00:00,0.079106,9.7,23.6,2.7,11,1.38826,8.62884,10.75747,63.06412,6.792,0.98536
3/6/2020,7:00:00,0.101709,7.275,16.8,3.5,11.2,2.6443,13.77357,17.82811,67.80391,4.882,0.91967
3/6/2020,8:00:00,0.093233,5.4,18.3,4.3,11.4,2.31376,13.21979,16.76751,71.04692,3.514,0.98536
3/6/2020,9:00:00,0.073456,2.75,21,5.2,11.5,2.87567,11.60064,16.00994,64.41122,1.604,0.26276
3/6/2020,10:00:00,0.104534,3.35,22.3,5.6,12.1,2.90873,9.12574,13.58572,64.41122,1.769,1.18243
3/6/2020,11:00:00,0.076282,3.15,24,6.5,12.7,2.51208,9.02686,12.87866,69.69982,1.958,1.11674
3/6/2020,12:00:00,0.073456,3.45,22.1,7.2,13,3.90034,8.36286,14.34329,67.8538,2.17,1.11674
3/6/2020,13:00:00,0.11866,7.05,23.5,7.3,13.6,5.48692,10.17252,18.58567,66.85595,3.797,1.11674
3/6/2020,14:00:00,0.073456,5.25,22.7,7.4,13.3,4.52836,8.4605,15.40389,64.511,2.807,0.7226
3/6/2020,15:00:00,0.070631,6.95,24.6,7.1,12.9,3.43759,8.16332,13.43421,63.96219,3.396,1.24812
3/6/2020,16:00:00,0.093233,8.7,30.2,6.6,12.6,4.36309,12.45125,19.14122,61.8667,3.821,1.05105
3/6/2020,17:00:00,0.093233,7.575,30.2,6.1,12.2,3.1401,13.92243,18.73719,62.01638,3.915,1.3795
3/6/2020,18:00:00,0.067805,6.725,28.7,5.3,11.9,2.67735,11.04615,15.15136,66.65638,3.278,1.24812
3/6/2020,19:00:00,0.062155,6.3,16.3,4.5,10.9,2.24765,9.12928,12.57563,65.95789,3.066,0.98536
3/6/2020,20:00:00,0.05368,5.175,17.9,5.4,10.2,1.18993,8.37738,10.20192,67.90369,2.736,1.05105
3/6/2020,21:00:00,0.067805,5.525,18,6.2,9.9,0.95856,11.20687,12.67664,63.41337,2.665,1.18243
3/6/2020,22:00:00,0.070631,3.425,4.2,4.9,9,1.05772,8.27708,9.89889,65.45896,1.958,0.91967
3/6/2020,23:00:00,0.070631,3.85,346.9,4.1,9.2,0.72718,5.19807,6.31307,63.91229,2.476,0.85398
3/6/2020,24:00:00,0.062155,5.2,350.8,4.3,9.1,0.49581,3.73468,4.49491,61.71702,3.325,1.11674
4/6/2020,1:00:00,0.059319,5.725,347.4,3.2,7.2,0.30876,2.82945,3.30288,62.93107,3.231,1.22622
4/6/2020,2:00:00,0.067794,5.95,334.5,3,6.4,0.30876,2.69464,3.16807,61.40104,3.349,1.13863
4/6/2020,3:00:00,0.056495,6.875,336.6,3,6,0.29773,2.67784,3.13436,61.01853,3.632,1.3138
4/6/2020,4:00:00,0.067794,5.975,330.8,3,5.6,0.23157,3.03206,3.38714,61.81681,2.925,1.24811
4/6/2020,5:00:00,0.064969,3.875,333.5,3.3,6.2,0.49622,5.05288,5.81374,62.61509,1.981,1.24811
4/6/2020,6:00:00,0.064969,4.625,336.1,3.5,7.7,3.47355,16.41228,21.73832,50.591,1.91,1.18242
4/6/2020,7:00:00,0.093216,6.7,342.7,3.8,9.5,5.62385,24.18659,32.8097,41.56045,2.241,1.18242
4/6/2020,8:00:00,0.098866,5.55,344.4,3.7,11.2,5.42536,24.6426,32.96136,41.85981,2.335,1.51087
4/6/2020,9:00:00,0.124289,6.4,334.5,3.6,12.5,5.16071,18.17301,26.08599,52.08777,2.571,1.18242
4/6/2020,10:00:00,0.073444,6.925,323.9,3.1,11.5,2.77884,13.53426,17.79509,61.46756,2.665,0.91966
4/6/2020,11:00:00,0.079093,6.45,322.3,3.3,11.7,3.2089,12.87485,17.79509,61.46756,2.642,1.3138
4/6/2020,12:00:00,0.076268,7.9,309,3.5,12,3.96977,12.3654,18.4523,59.52175,3.632,0.72259
4/6/2020,13:00:00,0.129939,12.875,296.5,3.8,13.1,7.47641,16.94782,28.41148,57.62584,6.792,1.18242
4/6/2020,14:00:00,0.209032,13.475,290.6,4.8,15.2,6.98019,18.92198,29.62478,56.22885,6.816,1.18242
4/6/2020,15:00:00,0.17796,9.15,300,5.5,15.1,7.90647,24.37708,36.50016,52.38713,5.825,1.05104
4/6/2020,16:00:00,0.231629,6.75,295.9,5.1,14.1,5.42536,21.40713,29.72589,53.33508,4.104,1.11673
4/6/2020,17:00:00,0.194908,4.575,284.1,4.7,13.2,5.02838,25.50406,33.21414,47.54755,2.476,0.98535
4/6/2020,18:00:00,0.194908,4.325,285.4,4.7,12,3.63896,25.56175,31.14141,43.2568,2.925,0.98535
4/6/2020,19:00:00,0.17796,7.3,279.2,4.6,11.2,5.02838,35.81712,43.5272,31.33249,3.915,1.18242
4/6/2020,20:00:00,0.175135,6.325,291.8,4.5,11,4.96222,37.89019,45.49882,27.84002,3.443,1.83932
4/6/2020,21:00:00,0.11299,3.725,345.3,4,10.1,1.55483,13.94498,16.32902,47.84691,2.193,1.18242
4/6/2020,22:00:00,0.115815,4.475,30.9,1.7,9.3,1.09169,10.56023,12.23413,49.44347,2.075,1.18242
4/6/2020,23:00:00,0.10734,4.4,342.6,2.3,8.9,0.86012,7.62927,8.9481,47.64734,2.311,0.78828
4/6/2020,24:00:00,0.098866,3.75,350.2,2.3,8.3,0.99244,5.55587,7.07759,52.08777,2.17,1.11673
5/6/2020,1:00:00,0.105439,4.1,321.3,2.3,8.1,0.35316,3.64175,4.18326,56.7444,2.052,0.96345
5/6/2020,2:00:00,0.120502,2.575,352.3,3.1,8.3,0.4856,5.05801,5.80258,49.95902,1.934,1.57655
5/6/2020,3:00:00,0.101673,2.575,3.9,3.7,8,0.23177,2.57966,2.93503,58.37423,1.675,1.37948
5/6/2020,4:00:00,0.096026,2.675,5.7,4.1,7.5,0.16555,3.13663,3.39046,59.97079,2.052,1.31379
5/6/2020,5:00:00,0.09885,2.5,354.5,4.2,7.2,0.52975,5.159,5.97127,57.12691,1.722,1.18241
5/6/2020,6:00:00,0.107322,2.325,352.8,3.9,7.1,3.41025,13.89931,19.12829,48.69508,1.368,1.31379
5/6/2020,7:00:00,0.104497,1.8,346.7,4.4,7.2,5.92655,18.5425,27.62975,47.69723,0.896,1.18241
5/6/2020,8:00:00,0.079079,2.325,332,3.8,8.7,6.22453,14.79635,24.34049,50.69078,0.92,1.64224
5/6/2020,9:00:00,0.090377,3.025,318.1,4.1,10,4.96638,11.31086,18.92587,51.98799,1.203,1.77362
5/6/2020,10:00:00,0.073431,4.275,314.8,6.1,11.7,4.76772,9.5407,16.85111,56.67788,1.25,1.37948
5/6/2020,11:00:00,0.093201,4.6,318.4,6.8,12,5.06571,11.91762,19.68493,59.82111,1.108,1.37948
5/6/2020,12:00:00,0.155335,4.075,318.8,6.4,12.1,6.42319,13.47967,23.32841,64.81036,0.967,1.31379
5/6/2020,13:00:00,0.084728,4.3,310.8,6.5,12.1,4.80083,12.22255,19.58372,60.66928,1.108,1.37948
5/6/2020,14:00:00,0.13839,3.275,303.4,6.5,12.1,5.49613,14.64812,23.07539,54.08347,1.038,1.11672
5/6/2020,15:00:00,0.19205,2.9,293.9,7.2,11.7,6.02587,16.56846,25.80801,52.73637,1.25,0.91965
5/6/2020,16:00:00,0.208996,2.875,300.1,7.6,11.7,5.59545,14.39461,22.97419,53.2353,1.132,1.31379
5/6/2020,17:00:00,0.206172,4.525,294.5,6.5,10.6,5.13193,17.73675,25.60559,48.49551,2.193,1.11672
5/6/2020,18:00:00,0.160983,7.925,290.5,5.7,9.9,4.86705,14.19577,21.65848,56.37853,2.995,1.44517
5/6/2020,19:00:00,0.096026,10.525,293.1,5.7,9.3,2.71495,11.72676,15.88964,57.42627,3.585,1.37948
5/6/2020,20:00:00,0.104497,13.25,287.3,6.1,8.3,2.01966,13.90615,17.00292,57.07702,4.599,1.37948
5/6/2020,21:00:00,0.11297,10.275,286.6,6.3,7.6,1.65546,15.67908,18.21742,53.2353,3.797,1.18241
5/6/2020,22:00:00,0.110146,10.6,285.5,6.4,7.4,1.52302,14.76886,17.10413,52.5368,4.198,1.05103
5/6/2020,23:00:00,0.115795,9.975,283.9,6.5,7.8,1.39059,13.85864,15.99084,54.88175,4.34,1.31379
5/6/2020,24:00:00,0.11297,9.375,284.7,7.5,8,0.86084,13.00098,14.32091,52.83616,4.198,1.11672
6/6/2020,1:00:00,0.112951,4.575,285.9,7.1,7.6,0.92783,11.27452,12.69718,52.95257,2.193,1.48895
6/6/2020,2:00:00,0.121423,2.775,286.4,7.5,7.7,0.92783,15.79957,17.22223,51.42254,1.509,1.05102
6/6/2020,3:00:00,0.121423,2.325,288.6,6.5,8.1,0.72901,12.9639,14.08171,51.38928,1.179,1.24809
6/6/2020,4:00:00,0.138365,1.775,293.6,5.7,8.4,0.8947,14.83731,16.20916,48.74497,0.849,1.05102
6/6/2020,5:00:00,0.14119,1.125,298.3,4.2,8.5,0.92783,15.24238,16.66504,45.95099,0.613,0.85396
6/6/2020,6:00:00,0.138365,1.3,293.8,4.1,8.9,1.2592,9.71958,11.65033,43.65594,0.59,0.78827
6/6/2020,7:00:00,0.200488,1.425,305.2,5.8,10.8,3.47938,12.24183,17.57681,45.80132,0.613,0.78827
6/6/2020,8:00:00,0.090361,1.65,316.8,6.5,12.4,2.7835,6.11601,10.38399,56.32863,0.684,1.05102
6/6/2020,9:00:00,0.0593,2.775,317.8,7.3,12.6,1.59057,4.60201,7.04085,64.86025,0.967,1.11671
6/6/2020,10:00:00,0.079065,2.65,314.7,7.8,12.8,2.18704,4.59921,7.95262,60.27014,0.92,1.37947
6/6/2020,11:00:00,0.08189,2.475,317.1,7.9,13.1,2.35272,5.45954,9.067,57.02713,0.849,1.11671
6/6/2020,12:00:00,0.096008,3.75,331.2,8.1,13.9,2.75037,6.11617,10.33334,54.03358,0.92,1.31378
6/6/2020,13:00:00,0.10448,3.4,341.9,8.2,14.5,3.08174,7.43161,12.15687,56.02928,1.203,1.1824
6/6/2020,14:00:00,0.107303,5.075,350.9,8,14.3,3.18115,7.22853,12.10622,59.12261,1.745,1.11671
6/6/2020,15:00:00,0.090361,6.425,3.4,7.7,15.1,2.65096,5.45814,9.52288,60.91874,2.453,1.51085
6/6/2020,16:00:00,0.084713,6.95,9.6,7.7,14,2.48527,5.71219,9.52288,61.46756,2.901,1.37947
6/6/2020,17:00:00,0.087537,7.5,10,6.9,14,2.419,8.04257,11.75164,62.66498,3.325,1.1824
6/6/2020,18:00:00,0.093185,5.775,8.3,5.7,13.3,2.71723,9.71273,13.87909,59.57165,2.642,1.37947
6/6/2020,19:00:00,0.090361,6.45,7.7,3.7,12.5,1.65685,11.08536,13.62582,58.82326,3.208,1.51085
6/6/2020,20:00:00,0.090361,6.725,355.3,1.9,10.7,1.59057,9.51541,11.95426,58.5738,3.609,1.31378
6/6/2020,21:00:00,0.14119,8.7,333.5,2,9,1.65685,17.46772,20.00818,46.84906,4.623,1.51085
6/6/2020,22:00:00,0.194841,11.75,309,2,7.8,2.1539,26.93761,30.24021,33.62755,6.91,1.11671
6/6/2020,23:00:00,0.237198,12.275,290,2.4,6.9,3.11487,30.02297,34.79904,22.30195,7.783,1.83929
6/6/2020,24:00:00,0.180722,8.075,305.1,2.5,6.8,1.35861,18.73546,20.81864,33.2783,5.731,1.57654
7/6/2020,1:00:00,0.135518,7.9,274.3,2.2,6.9,0.79595,12.23284,13.45328,37.85178,5.071,0.78826
7/6/2020,2:00:00,0.143988,7.55,303,2,7.9,0.61907,11.89561,12.84484,36.58783,5.377,1.1386
7/6/2020,3:00:00,0.121402,8.625,301.1,3.1,8.8,0.46431,6.03162,6.74354,45.65164,5.708,1.31377
7/6/2020,4:00:00,0.104461,8.725,327.1,2.8,9.1,0.36481,4.20674,4.76611,48.5454,5.495,1.11671
7/6/2020,5:00:00,0.101638,3.725,338.2,2.8,9.2,0.33165,3.90267,4.41119,50.64089,2.288,1.05102
7/6/2020,6:00:00,0.107285,3.075,345.6,3,9.7,0.92861,7.65204,9.07589,44.65379,1.934,1.1824
7/6/2020,7:00:00,0.118578,2.675,327.4,2.7,10.1,1.45925,10.28624,12.52372,40.91185,1.58,1.11671
7/6/2020,8:00:00,0.101638,2.35,326.9,2.6,10.5,1.85722,8.05351,10.90121,44.25465,1.415,1.11671
7/6/2020,9:00:00,0.093169,2.05,325.3,2.6,11.2,1.35975,5.06425,7.14917,50.14196,1.509,0.91964
7/6/2020,10:00:00,0.101638,1.65,359.1,3.6,11.9,1.26026,4.05062,5.98299,53.13551,1.132,1.37946
7/6/2020,11:00:00,0.101638,2.25,3.1,3.6,12.3,1.65823,7.19245,9.73504,49.44347,1.509,1.1824
7/6/2020,12:00:00,0.110109,3.875,5.6,3.6,13.1,2.68634,10.78778,14.90678,44.15486,2.264,1.1824
7/6/2020,13:00:00,0.107285,3.8,5.7,3.9,13.1,2.98482,9.82308,14.39974,46.99874,2.476,1.05102
7/6/2020,14:00:00,0.095992,4.875,8.3,4,12.8,3.51546,9.11086,14.50115,47.34798,2.948,1.24808
7/6/2020,15:00:00,0.087522,5.75,20,4.4,12.7,2.78583,6.98459,11.25614,50.44132,3.278,1.64221
7/6/2020,16:00:00,0.076228,5.525,22.3,4.6,12.1,1.95672,4.85876,7.85901,52.68648,2.925,1.51084
7/6/2020,17:00:00,0.073405,6.175,26.9,3.9,11.5,1.82406,7.0903,9.88715,51.63874,3.137,1.24808
7/6/2020,18:00:00,0.05082,4.825,21.2,4.8,12.5,1.75773,4.75824,7.45339,55.18111,2.689,1.1824
7/6/2020,19:00:00,0.059289,4.4,28.6,4.3,11.1,1.29342,6.12931,8.11253,54.68218,2.429,1.51084
7/6/2020,20:00:00,0.067759,5.475,21,2.6,9.5,0.82912,5.47225,6.74354,58.07487,2.642,1.7079
7/6/2020,21:00:00,0.076228,5,17,3.1,8.4,0.86228,6.38476,7.70691,57.42627,2.83,1.64221
7/6/2020,22:00:00,0.073405,6.2,17.1,2.8,7.6,0.96178,8.26033,9.73504,54.5824,3.113,1.64221
7/6/2020,23:00:00,0.084699,6.45,7.4,1.9,6.4,0.36481,5.32221,5.88158,56.22885,3.609,1.97066
7/6/2020,24:00:00,0.070582,7.9,344.4,1.9,5.5,0.43114,3.69941,4.36049,60.61939,4.481,1.31377
8/6/2020,1:00:00,0.079039,9.775,330.7,2.2,6.2,0.26554,1.96132,2.36847,61.99975,5.212,0.61309
8/6/2020,2:00:00,0.082803,9.8,337,2.2,5.5,0.22128,3.04424,3.38353,60.7358,5.071,1.05101
8/6/2020,3:00:00,0.084684,13.65,341.4,2.2,4.8,0.16596,2.63845,2.89292,60.41982,6.509,0.78826
8/6/2020,4:00:00,0.081862,16.375,333.6,2.1,4.4,0.29873,3.19617,3.65422,58.67358,7.311,0.45982
8/6/2020,5:00:00,0.087507,16.025,339.7,2.4,5.1,0.53108,6.29111,7.10542,55.28089,7.123,1.18238
8/6/2020,6:00:00,0.084684,17.05,356.2,2.5,6.7,2.35666,12.42445,16.03795,50.74067,7.264,0.5255
8/6/2020,7:00:00,0.101621,19.95,5.6,2.7,7.8,5.37717,19.00948,27.25436,46.94884,7.618,0.85394
8/6/2020,8:00:00,0.09033,16.5,12.1,2.7,9,4.11586,13.83805,20.14894,54.23315,6.722,0.78826
8/6/2020,9:00:00,0.067747,13.825,9.3,2.8,10.2,3.31924,9.62894,14.71837,60.5196,5.873,0.91963
8/6/2020,10:00:00,0.053634,12.4,14.9,2.9,11.8,2.55582,7.65282,11.57169,62.61509,5.472,0.78826
8/6/2020,11:00:00,0.062102,13.05,22.8,3.1,13.5,3.58478,10.79513,16.29172,58.67358,5.59,0.91963
8/6/2020,12:00:00,0.073393,11.275,18.6,3.3,14.7,2.68859,9.68238,13.80482,58.77337,5.825,0.72257
8/6/2020,13:00:00,0.079039,10.425,17.6,3.2,15.5,3.9499,11.60562,17.66205,58.27444,5.802,0.45982
8/6/2020,14:00:00,0.07057,10.425,24,3,15.7,3.78394,10.79428,16.59623,60.36993,5.755,0.65688
8/6/2020,15:00:00,0.076216,11.725,27,3,15.5,4.11586,9.77781,16.0887,63.01423,6.58,0.39413
8/6/2020,16:00:00,0.124204,10.875,35.6,3.1,14.5,4.84609,15.86506,23.29563,61.06842,5.896,0.85394
8/6/2020,17:00:00,0.095975,9.45,47.6,2.8,13,3.41882,11.86165,17.10376,64.66068,5.542,0.72257
8/6/2020,18:00:00,0.081862,9.425,66.3,2.5,12.1,2.42305,9.53125,13.24654,67.30498,5.283,0.5255
8/6/2020,19:00:00,0.084684,8.75,82.7,2.5,11.5,2.25708,12.01885,15.47967,66.95574,5.094,0.78826
8/6/2020,20:00:00,0.073393,7.85,94.3,2.9,10.8,1.02897,10.7045,12.28223,68.05337,4.151,0.45982
8/6/2020,21:00:00,0.059279,6.725,106.8,2.9,10,0.46469,8.52453,9.23705,60.17036,3.726,0.59119
8/6/2020,22:00:00,0.067747,6.475,107.6,2.1,9.7,0.36512,8.32194,8.88178,57.82541,3.373,0.39413
8/6/2020,23:00:00,0.084684,7.2,100.5,1.5,9.5,0.33192,9.18488,9.69382,52.38713,3.868,0.65688
8/6/2020,24:00:00,0.110089,7.65,91.5,1.1,9.4,0.79662,19.63802,20.85949,38.96604,4.222,0.45982
9/6/2020,1:00:00,0.118538,9.45,68,1.2,4.9,1.94892,44.15661,47.1449,15.43341,5.259,0.96342
9/6/2020,2:00:00,0.143938,12.15,23.9,1.3,4.2,2.12609,38.19504,41.455,15.89908,7.052,0.43792
9/6/2020,3:00:00,0.169339,10.95,342.4,1.4,3.7,2.75727,33.51865,37.7464,12.97205,7.076,0.78825
9/6/2020,4:00:00,0.155227,9.775,333.1,1.5,3.3,1.95999,24.17417,27.17944,14.56861,6.769,0.59119
9/6/2020,5:00:00,0.191917,10.625,350,1.3,4.4,11.26163,29.31848,46.58608,8.73119,6.792,0.5255
9/6/2020,6:00:00,0.259653,15.925,118.9,0.6,7.5,24.51648,34.29442,71.88582,8.33205,8.349,1.37944
9/6/2020,7:00:00,0.234252,23.05,179.4,1.3,10.5,31.85813,41.98677,90.83522,15.66625,9.953,2.23338
9/6/2020,8:00:00,0.093136,18.825,170.4,1,12.8,15.84602,29.50317,53.80006,36.5712,6.816,2.102
9/6/2020,9:00:00,0.064913,13.475,155,1,13.4,8.0725,21.15212,33.52978,48.29594,6.061,16.02776
9/6/2020,10:00:00,0.081847,15.675,133.3,1.6,13,8.47114,21.60774,34.59664,48.44562,7.264,15.23951
9/6/2020,11:00:00,0.12136,16.6,157.3,1.5,13.4,6.87657,22.22381,32.76774,48.94454,7.783,5.12363
9/6/2020,12:00:00,0.118538,24.775,157.5,1.6,13.7,6.47793,20.54893,30.48162,53.38498,11.321,3.87557
9/6/2020,13:00:00,0.079025,24.125,165.9,2,13.9,5.28201,17.14998,25.24894,61.2181,12.642,3.61282
9/6/2020,14:00:00,0.076203,23.925,179.2,2.3,13.9,3.9532,16.2917,22.35319,65.90799,13.066,1.90494
9/6/2020,15:00:00,0.112892,25.05,198,2.9,13.4,3.4549,23.25368,28.55112,62.76477,13.892,1.64219
9/6/2020,16:00:00,0.143938,28,206.2,2.5,12.8,5.78031,29.44222,38.30524,56.82756,14.599,2.6275
9/6/2020,17:00:00,0.107248,25.6,189.3,1.8,12.4,2.95659,22.29044,26.82382,66.90584,14.623,2.49613
9/6/2020,18:00:00,0.135471,23.625,183.9,1.9,12.7,3.72066,25.74194,31.44687,62.61509,13.868,3.02163
9/6/2020,19:00:00,0.11007,21.45,175.5,1.4,11.9,1.76067,24.78461,27.48426,65.45896,13.326,2.03632
9/6/2020,20:00:00,0.152405,24.5,200.6,1.2,11.6,1.56135,24.73461,27.12864,57.82541,16.25,0.85394
9/6/2020,21:00:00,0.138293,24.3,261,1.7,11.3,1.09627,14.42354,16.10446,62.5153,17.028,0.5255
9/6/2020,22:00:00,0.12136,21.675,315.2,1.1,10,0.79728,13.5611,14.78359,65.65853,15.259,0.59119
9/6/2020,23:00:00,0.08467,17.275,279.6,2.2,8.8,0.4983,9.90451,10.66857,68.70197,11.392,0.5255
9/6/2020,24:00:00,0.090314,15.8,290.9,1.9,8.9,0.4983,10.51415,11.2782,64.41122,11.274,0.85394
10/6/2020,1:00:00,0.047971,15.4,238.4,1.4,8,0.39898,8.13486,8.74661,64.39459,10.613,0.61308
10/6/2020,2:00:00,0.070546,15.925,284.2,1.1,8.4,0.70929,16.06665,17.15421,50.22512,11.156,0.5255
10/6/2020,3:00:00,0.112873,18.175,323.3,0.5,7.8,1.36316,19.26785,21.358,42.05938,13.514,0.85393
10/6/2020,4:00:00,0.101586,16.275,359.8,1.3,7.5,0.63171,13.16836,14.13697,41.31099,12.5,0.5255
10/6/2020,5:00:00,0.093121,11.95,311.3,0.9,6.7,1.09718,16.01431,17.69663,42.50841,9.646,0.59118
10/6/2020,6:00:00,0.112873,12.375,343.3,0.7,7.9,3.05881,22.82104,27.51114,38.96604,9.623,0.5255
10/6/2020,7:00:00,0.163666,15.85,14.2,0.2,9.4,7.31454,36.84004,48.05551,22.80087,11.109,0.78824
10/6/2020,8:00:00,0.21728,23.55,190,0.6,11,10.63933,39.06485,55.37825,29.63615,11.344,0.72256
10/6/2020,9:00:00,0.118517,14.125,196.3,0.5,11.8,7.87975,30.63389,42.71601,42.15916,8.844,1.31374
10/6/2020,10:00:00,0.090299,11.575,133.8,0.7,12.7,4.58821,21.89985,28.93501,52.08777,8.821,1.70786
10/6/2020,11:00:00,0.073368,15.2,118,1.3,12.7,3.89,21.394,27.35859,54.68218,10.943,1.64218
10/6/2020,12:00:00,0.081833,17.125,110.9,1.8,12.8,3.55753,17.58134,23.03613,61.96649,11.321,1.44512
10/6/2020,13:00:00,0.079011,16.3,110,1.8,14.3,3.22505,18.49795,23.44295,57.02713,10.212,0.98531
10/6/2020,14:00:00,0.098764,16.375,114.7,2.4,14.9,6.21736,24.58881,34.12195,53.03573,11.58,1.05099
10/6/2020,15:00:00,0.093121,19.425,112.8,2.7,14.9,5.25317,20.77856,28.83331,57.57595,13.043,1.18237
10/6/2020,16:00:00,0.110052,18.95,95,2.7,14.8,6.74932,24.0274,34.37622,55.33078,13.467,1.70786
10/6/2020,17:00:00,0.101586,17.375,87.8,2.9,14.4,1.92838,16.72307,19.67988,65.05982,14.057,1.5108
10/6/2020,18:00:00,0.132626,16.25,95.6,3.9,13.4,1.92838,18.24864,21.20545,62.46541,13.09,0.85393
10/6/2020,19:00:00,0.149557,12.25,99.2,4.2,12.1,1.69564,18.80891,21.40886,56.87745,9.576,0.78824
10/6/2020,20:00:00,0.104408,13.2,96.7,4.6,11.4,0.99744,16.16725,17.69663,57.62584,9.811,0.59118
10/6/2020,21:00:00,0.093121,11.875,102.6,4.9,10.9,0.49872,13.27057,14.03526,54.28304,10,0.72256
10/6/2020,22:00:00,0.112873,13.325,89.8,4.7,10.2,0.43222,13.32168,13.98441,52.18756,10.943,0.85393
10/6/2020,23:00:00,0.149557,15.15,85.3,4.4,9.8,0.43222,11.7961,12.45884,54.38283,13.113,0.65687
10/6/2020,24:00:00,0.121339,11.85,87.5,5.2,9.7,0.29923,9.25399,9.71281,58.97294,10.259,0.78824
11/6/2020,1:00:00,0.124139,9.925,93.1,4.2,10,0.31057,9.02552,9.50172,71.31301,8.019,0.9634
11/6/2020,2:00:00,0.097807,8.55,80.9,4.6,10,0.17747,4.343,4.61512,78.43101,6.156,0.70066
11/6/2020,3:00:00,0.098747,8.875,73.4,4.4,10.1,0.23293,3.25689,3.61405,77.73252,6.392,1.05099
11/6/2020,4:00:00,0.084641,10.15,67.6,4.7,10.4,0.23293,2.90058,3.25773,74.19015,7.099,0.72255
11/6/2020,5:00:00,0.084641,10.525,73.8,5,10,0.36603,3.30732,3.86856,69.60004,6.675,1.18236
11/6/2020,6:00:00,0.081819,9.6,65.8,5.2,10.3,0.83189,5.03631,6.31186,67.55445,5.802,0.78824
11/6/2020,7:00:00,0.070533,8.45,59.6,5.1,11,1.4974,5.54293,7.83892,67.90369,5.354,1.11667
11/6/2020,8:00:00,0.053606,9,52.1,5.5,11.4,1.69706,5.69492,8.29704,69.15101,5.637,0.85393
11/6/2020,9:00:00,0.062069,9.575,47.6,5.5,11.2,1.86344,7.78131,10.63854,68.30283,5.472,0.72255
11/6/2020,10:00:00,0.076176,9.25,51.7,5.3,11.6,2.5955,8.69491,12.67462,64.11186,5.896,0.9853
11/6/2020,11:00:00,0.084641,11,51.4,6.5,14.6,3.76015,9.45425,15.21972,60.02068,6.698,0.9853
11/6/2020,12:00:00,0.081819,11.075,47.3,5.9,14.2,2.36257,10.0701,13.69266,61.16821,6.887,0.72255
11/6/2020,13:00:00,0.084641,10.575,39.9,6.2,14.4,2.89498,7.67579,12.1147,65.70842,6.745,1.18236
11/6/2020,14:00:00,0.101568,13.225,35.7,7.5,15.2,2.66205,6.40408,10.48583,70.79746,8.184,0.91961
11/6/2020,15:00:00,0.126961,12.8,31.7,7.2,14,3.79342,10.77758,16.59408,67.00563,8.797,0.85393
11/6/2020,16:00:00,0.138245,10.875,32.1,6.4,12.6,4.05963,11.08203,17.30671,65.45896,7.476,1.31373
11/6/2020,17:00:00,0.129782,9.25,39.1,6.6,11.8,2.82843,10.93376,15.27062,67.60434,6.462,0.91961
11/6/2020,18:00:00,0.126961,6.525,34.6,6.6,11.6,2.12964,9.71463,12.98003,71.99488,4.976,0.85393
11/6/2020,19:00:00,0.126961,5.25,35.6,7.2,11.3,1.2312,7.42727,9.31508,73.29208,3.868,1.05099
11/6/2020,20:00:00,0.112854,6.325,39.3,6.7,11.3,0.49914,5.29202,6.05735,74.73897,4.505,0.65687
11/6/2020,21:00:00,0.098747,6.375,46.2,6.1,11.3,0.33276,4.22367,4.7339,76.13596,4.953,0.91961
11/6/2020,22:00:00,0.098747,4.175,46.4,6.3,11.3,0.33276,4.32548,4.8357,75.48735,3.16,0.85393
11/6/2020,23:00:00,0.095925,2.175,43.5,6.1,11.4,0.36603,3.10371,3.66495,77.23359,1.321,0.59118
11/6/2020,24:00:00,0.098747,1.575,43.4,5.8,11.5,0.29948,2.59493,3.05413,73.64133,1.108,1.11667
12/6/2020,1:00:00,0.056417,1.1,51.9,5.5,12.2,0.17762,2.37715,2.64949,70.58126,0.755,1.05098
12/6/2020,2:00:00,0.050775,1.075,56.3,5.2,12.1,0.17762,1.76573,2.03807,71.51258,0.59,0.70065
12/6/2020,3:00:00,0.059238,1.225,55.4,4.9,11.7,0.09991,1.32441,1.4776,71.54585,0.92,0.72255
12/6/2020,4:00:00,0.059238,1.725,58.1,4.7,11.6,0.09991,1.73202,1.88522,68.90154,1.321,0.9196
12/6/2020,5:00:00,0.073342,2.225,58.8,4.3,11.4,0.16652,2.19036,2.44569,67.8538,1.675,0.65686
12/6/2020,6:00:00,0.070521,5.65,50.3,3.8,11.5,0.69937,3.97187,5.04423,70.74757,4.08,0.85392
12/6/2020,7:00:00,0.084626,4.425,50.4,3.5,12.3,2.03151,9.3173,12.43223,61.96649,2.877,1.05098
12/6/2020,8:00:00,0.104372,3.25,44.5,3.4,12.8,3.49685,17.82129,23.18306,50.49121,1.91,0.85392
12/6/2020,9:00:00,0.093088,5.825,44.6,3.8,13.6,2.23133,13.08706,16.50838,53.08562,4.269,1.18235
12/6/2020,10:00:00,0.095909,8.5,43.1,3.8,13.7,1.79838,8.65572,11.4132,59.92089,6.038,0.85392
12/6/2020,11:00:00,0.09873,5.925,49.9,3.4,13.7,1.76508,7.53489,10.24131,65.60864,4.08,0.65686
12/6/2020,12:00:00,0.115655,6.125,71.4,3.7,14.5,1.89829,7.33063,10.24131,63.06412,4.41,0.85392
12/6/2020,13:00:00,0.155147,8.125,82.5,4.2,14.7,2.39784,11.86365,15.54029,55.43057,5.967,0.78823
12/6/2020,14:00:00,0.143864,9.35,73.2,4.4,14.4,2.83079,13.79835,18.13883,52.23745,6.415,0.52549
12/6/2020,15:00:00,0.13258,9.7,59.9,4.3,14,2.63097,12.01572,16.04981,58.72347,5.92,0.85392
12/6/2020,16:00:00,0.13258,7.5,51.3,4.1,13.6,2.23133,8.95996,12.38128,65.15961,5.165,0.98529
12/6/2020,17:00:00,0.110013,7.025,58.3,4.3,13,1.19892,8.14823,9.98655,66.35703,4.906,1.05098
12/6/2020,18:00:00,0.107193,5.6,56.9,4.2,12.5,0.9658,7.5376,9.01847,65.00993,3.561,0.85392
12/6/2020,19:00:00,0.107193,4.65,57.6,4.2,12,0.89919,7.43592,8.81466,62.41552,3.255,0.85392
12/6/2020,20:00:00,0.110013,3.925,52.2,3.8,12.1,0.76598,6.92685,8.10133,60.81896,2.877,1.11666
12/6/2020,21:00:00,0.118476,5.7,62.2,3.3,12.3,0.69937,6.21375,7.2861,58.5738,4.057,0.72255
12/6/2020,22:00:00,0.101551,8.975,67.3,3.5,12.3,0.66607,6.57053,7.59181,52.5368,6.769,0.72255
12/6/2020,23:00:00,0.093088,8.875,58.8,3.5,12.4,0.49955,5.3992,6.16517,52.73637,7.123,0.59118
12/6/2020,24:00:00,0.093088,8.375,55,3.8,12.4,0.39964,4.78811,5.40089,54.5325,6.792,0.9196
13/06/2020,1:00:00,0.047946,12.025,57.4,4.5,12.5,0.31109,4.41914,4.89614,54.14999,10.212,0.78823
13/06/2020,2:00:00,0.062048,13.625,63.1,4.2,12.6,0.13333,3.12767,3.3321,65.79158,11.793,0.70065
13/06/2020,3:00:00,0.073329,12.35,71.2,3.1,12.5,0.23332,3.00835,3.3661,69.74972,10.896,0.85391
13/06/2020,4:00:00,0.064868,12.4,82.6,2.5,12.3,0.13333,2.90666,3.11109,67.10541,10.896,0.85391
13/06/2020,5:00:00,0.090252,12.85,80.6,2.6,12.1,0.33331,3.41604,3.92711,62.06627,11.25,0.65686
13/06/2020,6:00:00,0.081791,12.25,77.5,2.5,11.9,0.46664,5.96569,6.68119,52.63659,10.708,0.85391
13/06/2020,7:00:00,0.084611,9.625,77.2,2.6,12.1,1.69989,11.36794,13.9744,46.99874,7.854,0.72254
13/06/2020,8:00:00,0.095893,8.675,78.3,2.5,12.5,1.26658,9.83927,11.78134,50.44132,7.311,0.65686
13/06/2020,9:00:00,0.098713,9.925,71.5,2.5,13.3,1.76655,11.57174,14.28041,47.84691,8.019,0.26274
13/06/2020,10:00:00,0.124096,15.4,85.4,2.7,14.4,2.9998,16.15797,20.7576,52.93594,13.231,0.78823
13/06/2020,11:00:00,0.104353,15.65,113.1,3.5,18.5,3.46644,16.20749,21.52262,63.26369,13.019,0.98528
13/06/2020,12:00:00,0.095893,15.075,124.6,4.1,20.4,2.49983,12.58945,16.42247,79.52865,11.863,0.9196
13/06/2020,13:00:00,0.093072,12.6,124.4,4.1,21.3,1.66656,8.66497,11.22032,92.84994,9.693,0.65686
13/06/2020,14:00:00,0.098713,13.65,128.3,4,22,1.4999,8.41049,10.71031,93.7979,9.316,0.98528
13/06/2020,15:00:00,0.098713,13.525,121.5,4,22.1,1.73322,10.75582,13.41339,95.39446,9.363,1.05097
13/06/2020,16:00:00,0.101533,13.8,117.2,4,21.9,1.79988,12.64267,15.40244,98.93683,9.929,0.9196
13/06/2020,17:00:00,0.098713,14.6,119.5,3.9,21.6,1.56656,11.72538,14.12741,100.53339,9.34,1.31371
13/06/2020,18:00:00,0.101533,15.025,109.4,4.1,20.6,1.23325,13.25648,15.14744,98.63747,10.354,0.9196
13/06/2020,19:00:00,0.095893,16,99.4,3.8,18.9,1.0666,13.92002,15.55545,96.4422,12.17,0.85391
13/06/2020,20:00:00,0.203067,15.975,95.2,3,16.7,1.63323,20.85443,23.35867,80.92564,11.722,0.78823
13/06/2020,21:00:00,0.169222,15.55,88.8,2.6,14.6,1.26658,17.23448,19.17655,79.92779,11.604,0.59117
13/06/2020,22:00:00,0.152299,18.075,72.4,2.4,13,0.56663,12.44256,13.31138,87.21209,14.198,0.78823
13/06/2020,23:00:00,0.141018,22.8,61.7,2.4,12.4,0.66662,9.79017,10.81231,74.5394,18.679,0.9196
13/06/2020,24:00:00,0.129737,24.175,42.2,2.7,12.1,0.49997,6.4246,7.19121,83.22069,21.321,0.98528
14/06/2020,1:00:00,0.127835,24.6,38.2,2.4,11.1,0.31135,6.32942,6.80682,82.02327,21.816,0.8758
14/06/2020,2:00:00,0.131594,23.725,26.1,2.1,10.3,0.40031,7.14598,7.75978,71.77868,21.132,1.13854
14/06/2020,3:00:00,0.115616,17.825,35.8,2.5,9.9,0.40031,4.59342,5.20722,75.93639,15.896,0.85391
14/06/2020,4:00:00,0.112795,14.5,23.1,2.4,9.7,0.30023,3.98111,4.44145,76.38542,13.066,0.91959
14/06/2020,5:00:00,0.135355,13.65,37.7,2.6,10.1,0.30023,3.72585,4.1862,76.43531,12.123,0.78822
14/06/2020,6:00:00,0.135355,12.175,37.6,2.5,9.9,0.40031,4.95078,5.56458,73.69122,10.92,0.85391
14/06/2020,7:00:00,0.101516,13.425,27.7,2.3,9.9,0.7339,7.3492,8.47449,72.19445,12.028,1.18233
14/06/2020,8:00:00,0.093056,10.1,24.4,2.1,10.8,0.63382,6.17532,7.14716,76.83445,8.797,0.52548
14/06/2020,9:00:00,0.090236,8.9,33.9,2.5,11.8,1.03412,6.27624,7.86188,79.42886,7.453,0.78822
14/06/2020,10:00:00,0.098696,10.85,43.4,2.6,12.6,1.10084,7.65443,9.34236,75.78671,9.198,0.65685
14/06/2020,11:00:00,0.084597,10.4,47.2,2.6,13.9,1.83474,8.06067,10.8739,78.08176,8.467,0.78822
14/06/2020,12:00:00,0.067677,10.675,58.9,2.7,16.6,1.8681,8.00952,10.8739,85.51575,8.42,0.98528
14/06/2020,13:00:00,0.093056,8.575,76.8,3,18.6,1.33435,6.88797,8.93395,92.89984,6.439,0.85391
14/06/2020,14:00:00,0.087416,8.275,71.3,3.1,19.3,1.23428,6.58196,8.47449,95.54414,5.967,0.85391
14/06/2020,15:00:00,0.095875,12.725,77,2.9,19.7,2.4352,11.98984,15.72376,89.10801,9.08,0.85391
14/06/2020,16:00:00,0.067677,10.525,81.4,2.8,19.5,1.83474,9.13275,11.94597,99.68522,6.557,0.91959
14/06/2020,17:00:00,0.064858,8.75,86.9,2.6,18.9,1.23428,8.67506,10.56759,101.1321,6.109,1.3137
14/06/2020,18:00:00,0.070497,7.45,80.5,2.4,18.3,0.46702,6.63527,7.35137,108.66587,5,1.18233
14/06/2020,19:00:00,0.070497,7.05,83,2.4,17.2,0.53374,8.42187,9.24026,101.7807,4.316,0.98528
14/06/2020,20:00:00,0.090236,8.125,96,2.4,15,0.86733,19.70319,21.03308,84.21854,5.778,1.05096
14/06/2020,21:00:00,0.132535,11.825,96.8,2.7,13.9,0.70054,22.86885,23.94299,71.14671,8.491,1.3137
14/06/2020,22:00:00,0.140994,10.075,82,2.1,13,0.7339,20.5204,21.64569,64.36133,7.783,1.18233
14/06/2020,23:00:00,0.126894,11.65,73.6,1.6,12.8,0.53374,11.84229,12.66069,57.37638,9.387,1.05096
14/06/2020,24:00:00,0.109975,11.525,66.5,1.5,12.5,0.36695,7.09503,7.65767,63.66283,9.552,0.91959
15/06/2020,1:00:00,0.067666,9.875,80.6,0.9,11.9,0.35612,5.79046,6.33651,66.58986,8.538,1.05095
15/06/2020,2:00:00,0.073304,13.35,351.4,0.7,11.1,0.26709,5.85884,6.26837,67.45466,11.958,0.8758
15/06/2020,3:00:00,0.073304,14.675,339.3,1.2,11.3,0.26709,5.87587,6.2854,64.71057,13.302,0.72253
15/06/2020,4:00:00,0.078943,13.425,7.9,1.5,11.2,0.36725,3.93376,4.49688,65.2095,11.769,0.72253
15/06/2020,5:00:00,0.053568,10.75,30.1,1.6,11.2,0.60096,5.77276,6.69421,66.00778,9.245,0.78821
15/06/2020,6:00:00,0.067666,9.85,44.7,1.2,11.3,1.10176,9.19514,10.88448,66.5067,8.042,0.59116
15/06/2020,7:00:00,0.078943,12.575,58.3,0.9,11.7,1.90304,13.02552,15.94346,61.31788,9.741,0.78821
15/06/2020,8:00:00,0.115595,25.275,69.7,0.8,12.1,6.61055,31.46006,41.59609,42.20906,16.368,0.52548
15/06/2020,9:00:00,0.073304,21.35,42.7,0.8,12.6,6.44361,24.81741,34.69748,50.04218,13.656,0.65685
15/06/2020,10:00:00,0.093039,25.5,50.7,0.4,13.9,10.2163,23.22297,38.88775,52.18756,14.528,1.11664
15/06/2020,11:00:00,0.090221,21.875,100.6,0.8,16.6,7.54537,18.6823,30.2517,60.86885,13.915,1.24801
15/06/2020,12:00:00,0.081763,21.35,101.5,1.2,18.2,6.37684,18.94099,28.71868,67.95359,15.189,0.98527
15/06/2020,13:00:00,0.073304,23.625,101.1,1.7,18.1,6.87764,19.24623,29.7918,67.05552,16.981,0.91959
15/06/2020,14:00:00,0.070485,23.825,111.4,2.1,19.7,4.64074,15.98189,23.09758,75.93639,17.76,0.8539
15/06/2020,15:00:00,0.070485,23.5,116.4,2.7,20.4,3.43882,15.52526,20.79805,84.86714,16.415,0.59116
15/06/2020,16:00:00,0.064846,22.525,116.1,2.9,20.5,3.20511,15.3726,20.28704,94.54629,13.514,0.65685
15/06/2020,17:00:00,0.101498,25.375,119.2,2.8,20.4,1.96981,15.58038,18.60071,99.73511,17.783,0.72253
15/06/2020,18:00:00,0.222732,26.975,124.8,2.9,20,1.53578,13.99744,16.35227,106.02156,20.189,1.05095
15/06/2020,19:00:00,0.112776,22.175,129.4,2.9,19,1.06837,13.3344,14.97255,108.11705,16.368,0.98527
15/06/2020,20:00:00,0.166344,33.375,122.2,2.2,17,0.70112,16.19705,17.27209,93.49855,25.873,0.72253
15/06/2020,21:00:00,0.205815,33.775,113.6,2.7,15.1,0.70112,20.28512,21.36015,83.27058,27.972,0.72253
15/06/2020,22:00:00,0.152247,22.05,117.5,2.9,13.8,0.73451,18.2921,19.41832,59.67143,17.453,1.05095
15/06/2020,23:00:00,0.121234,19.45,118.6,2.5,13.2,0.66773,16.81036,17.8342,54.13336,15.142,0.65685
15/06/2020,24:00:00,0.115595,27.625,90.5,1.8,12.3,0.73451,16.35027,17.47649,52.38713,23.42,0.91959
16/06/2020,1:00:00,0.098661,32.725,91.2,1.4,12,0.66829,15.61628,16.64098,51.15644,28.609,1.40126
16/06/2020,2:00:00,0.109938,27.9,48.7,1.3,11.1,0.66829,12.82005,13.84475,51.8882,24.882,1.57642
16/06/2020,3:00:00,0.090205,24.8,61.2,1.3,11,0.60146,9.76824,10.69046,50.74067,22.099,1.11663
16/06/2020,4:00:00,0.090205,22.25,34,1.5,10.9,0.56804,8.33611,9.2071,49.19401,19.67,1.05095
16/06/2020,5:00:00,0.084567,16.9,38.8,1.7,10.9,0.60146,6.0854,7.00762,49.04433,14.811,0.91958
16/06/2020,6:00:00,0.090205,14.1,43.5,1.7,11,1.8712,10.2254,13.09454,42.85766,11.934,1.248
16/06/2020,7:00:00,0.098661,12.475,34.7,1.6,11.2,4.04313,18.19942,24.39881,40.76217,10.519,1.11663
16/06/2020,8:00:00,0.1043,13.95,39.3,1.5,11.8,4.31045,16.81768,23.42695,40.06368,11.91,0.98526
16/06/2020,9:00:00,0.107118,17.775,42.3,1.6,13,3.40826,14.41588,19.64181,50.04218,14.764,0.98526
16/06/2020,10:00:00,0.098661,21.675,57.2,1.8,14.8,1.97145,10.89011,13.91295,62.91444,18.326,1.248
16/06/2020,11:00:00,0.090205,20.5,82.8,2.5,17.7,3.0407,12.98459,17.64694,65.10971,16.604,1.05095
16/06/2020,12:00:00,0.070473,15.65,91.9,2.8,19.1,3.14095,10.27336,15.08941,61.91659,12.359,0.85389
16/06/2020,13:00:00,0.062016,17.875,92.1,3.3,19.9,3.74241,12.62477,18.36305,67.2052,13.231,0.91958
16/06/2020,14:00:00,0.064834,19.7,84.2,3.2,20.4,3.24119,11.65417,16.62393,75.78671,13.066,0.91958
16/06/2020,15:00:00,0.070473,17.85,86.1,3.3,21.1,3.77582,11.49937,17.28888,84.66757,11.91,1.05095
16/06/2020,16:00:00,0.059197,17.975,97.7,2.8,21.3,2.67315,11.5533,15.65207,89.95618,11.109,1.248
16/06/2020,17:00:00,0.076111,14.4,96.4,3.4,20.6,2.60632,14.2133,18.20959,89.50715,10.307,0.98526
16/06/2020,18:00:00,0.062016,12.675,104.2,4,19.4,1.10267,9.71583,11.40657,97.63962,8.844,1.18232
16/06/2020,19:00:00,0.064834,14.425,97.2,3.7,17.7,0.76853,8.84711,10.02551,96.69167,10.071,0.85389
16/06/2020,20:00:00,0.064834,14.525,96,3,15.6,0.53463,10.17761,10.99737,76.38542,9.835,1.31368
16/06/2020,21:00:00,0.087386,15.575,88.5,2.7,13.8,0.43439,10.68937,11.35542,65.55875,10.472,1.31368
16/06/2020,22:00:00,0.101481,16.7,64.9,2.9,12.9,0.73512,14.62721,15.75437,58.92304,12.123,1.51073
16/06/2020,23:00:00,0.095843,16.15,62.1,2.4,12.1,0.63487,10.79117,11.76463,62.86455,13.255,0.91958
16/06/2020,24:00:00,0.084567,17.65,47.6,2.4,11.5,0.43439,9.51291,10.17896,66.30713,14.505,1.31368
17/06/2020,1:00:00,0.090189,20.1,31.9,2.4,11.1,0.4459,9.14675,9.83045,70.24864,17.642,1.05094
17/06/2020,2:00:00,0.060126,16.975,30.2,2.6,10.7,0.35672,4.43653,4.98349,70.58126,14.764,0.96336
17/06/2020,3:00:00,0.062005,13.2,17,2,10.2,0.2341,4.40268,4.76162,63.11401,11.344,0.7882
17/06/2020,4:00:00,0.064824,13.425,31.3,2,10.4,0.30098,6.70654,7.16803,54.33293,12.005,1.11662
17/06/2020,5:00:00,0.078915,13.45,33.6,2.2,10.4,0.53507,8.29321,9.11364,55.231,12.146,1.05094
17/06/2020,6:00:00,0.093008,13.9,33.6,2.1,10.5,1.23736,12.28521,14.18247,51.83831,11.887,1.11662
17/06/2020,7:00:00,0.093008,13,34.1,2,10.8,3.44453,17.40016,22.6817,45.35228,11.061,0.72252
17/06/2020,8:00:00,0.095826,14.1,41.9,2,11.4,5.68515,18.31661,27.03372,44.80347,11.439,0.85389
17/06/2020,9:00:00,0.098645,16.925,46.7,2,12.2,16.62071,16.24345,41.72819,42.85766,13.113,0.98525
17/06/2020,10:00:00,0.093008,15.7,46.6,2,13.2,5.25041,18.21521,26.26572,43.05723,12.877,1.37936
17/06/2020,11:00:00,0.090189,17.425,60.3,2.3,15.4,4.94943,15.70709,23.29611,47.14841,13.892,0.85389
17/06/2020,12:00:00,0.081734,21.025,92.8,2.3,18.5,3.47798,14.89127,20.22409,56.5282,14.505,0.85389
17/06/2020,13:00:00,0.073279,19.725,108.2,2.6,20.1,3.11011,13.40731,18.17608,67.2052,15.637,0.7882
17/06/2020,14:00:00,0.090189,22.05,108.1,2.9,21,4.58157,15.50313,22.5281,68.95144,16.722,0.52547
17/06/2020,15:00:00,0.084552,25.7,111.4,2.8,21,3.84584,15.91443,21.8113,74.43961,19.01,0.98525
17/06/2020,16:00:00,0.124011,18.825,107.3,2.6,20.7,4.68189,18.93332,26.11212,79.87789,13.561,1.77346
17/06/2020,17:00:00,0.115555,15.4,112.6,3.4,20.3,2.90946,17.04299,21.5041,84.31833,10.684,1.05094
17/06/2020,18:00:00,0.064824,15.25,113.6,3.7,18.9,1.10359,11.41511,13.10726,98.73726,10.259,1.05094
17/06/2020,19:00:00,0.093008,19.175,113.7,3.6,18,0.90294,11.46678,12.85126,89.60693,13.656,1.1823
17/06/2020,20:00:00,0.104281,18.4,113.1,2.8,16,0.83605,14.94855,16.23047,79.42886,13.915,1.1823
17/06/2020,21:00:00,0.101464,17.45,107.3,2.4,14.3,0.60196,15.05148,15.97447,69.00133,12.571,1.1823
17/06/2020,22:00:00,0.104281,17.35,94.2,2.2,12.9,1.40457,13.76963,15.92327,62.81466,13.208,1.44504
17/06/2020,23:00:00,0.078915,12.65,78.3,2.3,12.1,0.60196,10.34106,11.26405,62.31573,10,1.44504
17/06/2020,24:00:00,0.073279,13.275,59.6,2.2,12.1,0.46819,7.62776,8.34564,61.46756,10.684,1.31367
18/06/2020,1:00:00,0.070448,15,13.4,2,11.3,0.40164,8.33582,8.95165,58.47401,12.264,1.40124
18/06/2020,2:00:00,0.067631,16.175,17,1.8,10.9,0.26776,3.55277,3.96333,63.92892,14.08,1.40124
18/06/2020,3:00:00,0.070448,16.325,3.4,2.3,10.4,0.26776,4.20194,4.61249,60.86885,14.481,1.1823
18/06/2020,4:00:00,0.076084,14.55,20.9,2.8,10.6,0.23429,2.81826,3.1775,60.66928,12.877,0.85388
18/06/2020,5:00:00,0.070448,12.6,18.1,2.8,10.9,0.50205,3.8427,4.61249,59.62154,11.038,0.91956
18/06/2020,6:00:00,0.073267,12.525,22.5,2.9,11.2,1.23838,7.17241,9.07124,61.71702,10.401,0.85388
18/06/2020,7:00:00,0.059176,9.225,21.5,3.2,11.6,2.54371,13.26843,17.16873,67.90369,7.453,1.05093
18/06/2020,8:00:00,0.064812,7.3,20.4,3.8,12.1,3.24657,15.16321,20.14122,64.71057,5,1.05093
18/06/2020,9:00:00,0.067631,7.275,30.7,3.9,13.6,2.71106,13.67808,17.83497,58.07487,4.788,0.98525
18/06/2020,10:00:00,0.078902,10.725,39.9,4.2,15.6,3.8825,14.80314,20.75622,58.87315,6.722,0.72251
18/06/2020,11:00:00,0.104263,16.15,46.6,4.5,16.7,3.64821,15.72612,21.31997,64.91014,10.59,1.1823
18/06/2020,12:00:00,0.104263,18.3,51.6,4.6,17.3,4.01638,17.67285,23.83122,67.95359,12.146,1.05093
18/06/2020,13:00:00,0.09581,13.95,51.8,4.8,17.2,3.71515,13.36849,19.06497,72.34413,10.307,0.98525
18/06/2020,14:00:00,0.084538,11.05,48,4.8,16.8,3.14616,11.01218,15.83623,71.64563,8.208,0.85388
18/06/2020,15:00:00,0.078902,11.275,39.9,4.8,16.1,3.14616,12.29343,17.11748,72.19445,8.255,0.98525
18/06/2020,16:00:00,0.087356,11,40.7,4.5,15.4,3.14616,11.67843,16.50248,69.74972,8.208,0.85388
18/06/2020,17:00:00,0.076084,9.925,42.9,4.6,15.4,2.74453,10.85927,15.06748,66.70627,7.712,1.1823
18/06/2020,18:00:00,0.078902,6.225,47.3,3.7,14.2,1.7739,11.32254,14.04248,63.06412,5.047,1.11662
18/06/2020,19:00:00,0.067631,5.375,49.6,3.7,13.6,1.1045,9.37644,11.06998,62.61509,4.198,1.05093
18/06/2020,20:00:00,0.092992,5.575,60.5,3.3,13.2,0.93716,10.81178,12.24873,56.32863,4.175,0.91956
18/06/2020,21:00:00,0.101445,10.25,68.7,2.6,13,0.93716,13.93803,15.37498,49.34368,7.783,1.11662
18/06/2020,22:00:00,0.140896,13.375,78,2.4,12.9,2.00819,23.41703,26.49621,34.77507,10.189,1.24798
18/06/2020,23:00:00,0.126807,16.775,115.4,1.3,12.9,1.80737,24.74995,27.52121,36.77077,12.877,1.05093
18/06/2020,24:00:00,0.109899,19.65,147.6,1.3,13,0.70287,14.65601,15.73373,48.94454,15.991,0.85388
19/06/2020,1:00:00,0.123968,16.275,113.5,1.4,10.6,0.40197,8.54919,9.16553,49.62641,14.151,1.05092
19/06/2020,2:00:00,0.123968,16.1,126.3,2.1,10.4,0.4913,10.5326,11.28592,39.914,13.915,1.31365
19/06/2020,3:00:00,0.13242,15.475,122.2,1.8,10.4,0.77044,14.67025,15.85158,30.28475,13.302,1.24797
19/06/2020,4:00:00,0.123968,14.7,124.4,2.2,10.3,1.20591,17.90131,19.75035,26.69249,11.604,0.91956
19/06/2020,5:00:00,0.135237,13.325,110.9,2.4,10.1,3.18227,30.72252,35.60193,18.75958,9.882,1.18229
19/06/2020,6:00:00,0.12115,13.275,117.9,2.6,9.9,2.98128,26.41373,30.98497,29.98539,10.024,1.05092
19/06/2020,7:00:00,0.104245,13.25,138.2,2.6,10.1,3.81872,29.38755,35.24284,33.97679,9.552,1.18229
19/06/2020,8:00:00,0.118333,13,133.5,2.5,10.1,2.34483,19.74597,23.34133,44.75357,9.41,0.52546
19/06/2020,9:00:00,0.140872,18.925,133,2.6,10.2,4.42168,26.87274,33.65255,36.07228,12.618,0.32841
19/06/2020,10:00:00,0.123968,15.425,129.6,2.7,10.5,3.91921,21.58982,27.59919,43.70583,10.566,0.78819
19/06/2020,11:00:00,0.129602,14.95,119.8,2.5,11.7,5.4266,21.2279,29.54858,42.25895,9.693,0.98524
19/06/2020,12:00:00,0.138054,9.15,137.2,2.6,13.2,6.26404,18.66136,28.26609,43.65594,5.047,1.31365
19/06/2020,13:00:00,0.101427,4.575,157.5,2.8,13.8,5.86207,14.50684,23.49523,46.25035,2.193,0.85388
19/06/2020,14:00:00,0.090158,3.95,176.4,2.8,14.3,4.52217,13.63725,20.57115,56.22885,1.604,1.24797
19/06/2020,15:00:00,0.078889,6.775,233.3,3.6,14.5,3.91921,13.07408,19.08346,43.2568,1.604,0.78819
19/06/2020,16:00:00,0.073254,5.525,250.8,4.8,14,3.75173,11.22761,16.98017,46.5497,1.25,0.85388
19/06/2020,17:00:00,0.081706,5.075,252.5,4.4,13.4,3.08178,12.40875,17.13407,47.04863,1.368,0.91956
19/06/2020,18:00:00,0.084523,3.825,254.6,4.6,12.6,2.04335,12.87239,16.00548,46.00089,1.604,0.72251
19/06/2020,19:00:00,0.087341,5.375,257.4,4.4,12.2,1.87586,13.0266,15.90288,45.85121,2.712,0.85388
19/06/2020,20:00:00,0.092975,3.95,260.1,4.3,12.3,1.57439,12.97586,15.38989,46.94884,2.359,0.91956
19/06/2020,21:00:00,0.056348,3.825,263.3,3.9,12.1,0.97143,12.1049,13.5944,53.98369,1.91,0.72251
19/06/2020,22:00:00,0.056348,6.1,249.4,2.9,11.2,1.03843,14.72105,16.31328,45.60175,4.269,0.91956
19/06/2020,23:00:00,0.056348,6.825,246.5,2.3,10.1,0.77044,14.56765,15.74898,41.46067,4.481,0.91956
19/06/2020,24:00:00,0.053531,6.625,242.1,2.8,9.8,0.87094,12.72068,14.0561,40.66239,4.788,0.72251
20/06/2020,1:00:00,0.12019,6.775,220.9,2.6,9.4,0.53641,9.31045,10.13293,42.04275,4.434,1.31364
20/06/2020,2:00:00,0.12019,6.6,212.1,2.2,8.5,0.71521,9.65249,10.74912,44.57063,4.033,1.22607
20/06/2020,3:00:00,0.104227,6.95,216.8,2.4,7.9,0.56993,7.54741,8.42129,45.95099,4.175,1.31364
20/06/2020,4:00:00,0.121129,8.175,240.9,2.4,8.6,0.46935,7.13678,7.85645,45.35228,4.575,1.18228
20/06/2020,5:00:00,0.109861,8.1,235.7,2.8,9.5,0.93871,9.18997,10.62931,44.10497,5.094,0.85387
20/06/2020,6:00:00,0.107045,8.525,234.7,2.7,10.4,2.7826,10.8301,15.0967,40.21336,5.165,1.18228
20/06/2020,7:00:00,0.10141,7.825,236.4,2.8,12.3,3.21843,9.85375,14.7886,44.6039,4.575,1.18228
20/06/2020,8:00:00,0.076058,8.075,247,3,14,2.21267,6.00421,9.39692,53.93379,4.316,1.24796
20/06/2020,9:00:00,0.047888,7.425,239.4,3.4,15.7,2.48087,7.33885,11.1428,59.02283,3.656,1.1166
20/06/2020,10:00:00,0.06479,6.625,231.9,3.1,17,2.11209,6.98002,10.21851,62.06627,3.844,1.24796
20/06/2020,11:00:00,0.084508,6.65,227.4,3.5,18.4,2.71555,8.67354,12.83733,56.77767,3.609,1.1166
20/06/2020,12:00:00,0.107045,7.925,213.9,3.9,19.4,3.15138,12.72942,17.56146,49.84261,4.481,1.05091
20/06/2020,13:00:00,0.109861,7.2,213.8,4.5,19.7,4.35829,14.4733,21.15591,50.34153,3.703,1.05091
20/06/2020,14:00:00,0.109861,5.475,211.7,4.8,19.9,2.95023,9.90554,14.42916,60.86885,2.901,0.91955
20/06/2020,15:00:00,0.107045,5.875,207.2,5,19.7,2.58145,9.13591,13.09407,69.79961,3.325,1.1166
20/06/2020,16:00:00,0.115496,7.85,196.8,4.7,19.4,2.3803,9.75243,13.40217,72.44391,3.844,1.18228
20/06/2020,17:00:00,0.112678,8.05,182.1,4.4,19.4,2.44735,11.34415,15.0967,65.8581,4.033,1.05091
20/06/2020,18:00:00,0.115496,6.025,169.3,5.4,17.4,2.71555,14.63006,18.79385,66.65638,3.349,1.05091
20/06/2020,19:00:00,0.118312,7.55,169.6,4.2,16.3,1.40806,12.47555,14.63455,70.64778,4.104,0.85387
20/06/2020,20:00:00,0.154933,8.25,170.4,3.6,15.2,1.10634,14.73542,16.43178,62.06627,5.024,1.31364
20/06/2020,21:00:00,0.163384,7.075,168.1,3.4,14.3,0.83813,13.76023,15.04535,51.48906,4.009,1.37933
20/06/2020,22:00:00,0.171834,7,161.8,3.4,13.5,0.97223,14.78699,16.27773,43.50626,4.575,0.98523
20/06/2020,23:00:00,0.171834,8.725,160.5,3.2,12.9,1.24044,20.74307,22.64504,32.67959,5.425,1.31364
20/06/2020,24:00:00,0.180285,8.8,165.5,3.1,12.4,1.03928,15.86522,17.45877,38.41723,5.307,1.97047
21/06/2020,1:00:00,0.121108,7.975,176.2,3.7,13.6,0.62632,10.2789,11.23925,47.96332,4.764,1.92666
21/06/2020,2:00:00,0.115475,7.275,185,3.8,13.6,0.40264,4.11134,4.72871,54.01695,4.316,1.40121
21/06/2020,3:00:00,0.126741,7.575,176.9,4.1,12.9,0.43619,4.36829,5.0371,50.24175,4.575,1.11659
21/06/2020,4:00:00,0.129558,6.325,183.4,5.1,12.5,0.30198,4.06009,4.52311,47.09852,4.151,0.98523
21/06/2020,5:00:00,0.129558,7.1,183.4,4.8,12.5,0.73817,14.28786,15.4197,36.42153,4.057,0.65682
21/06/2020,6:00:00,0.132374,4.675,188.2,5,12.8,0.63751,7.91453,8.89203,45.40218,2.948,0.7225
21/06/2020,7:00:00,0.157722,15.3,203.4,4.6,14.1,1.1408,8.325,10.07421,43.80562,4.222,0.52545
21/06/2020,8:00:00,0.171804,24.425,234,5.1,17.1,3.52307,12.99888,18.40084,36.27185,4.811,0.78818
21/06/2020,9:00:00,0.101393,6.7,241.8,5.4,18.2,2.51648,5.65027,9.50881,51.33938,2.995,0.52545
21/06/2020,10:00:00,0.05633,9.675,248.6,5.5,19,1.74476,4.5206,7.19586,57.07702,4.434,1.05091
21/06/2020,11:00:00,0.076044,11.025,243.4,5.8,18.8,1.94608,4.62311,7.60705,57.62584,5.283,0.98523
21/06/2020,12:00:00,0.078861,9.375,238.2,6.5,19.6,1.94608,4.26332,7.24726,59.37208,4.811,0.65682
21/06/2020,13:00:00,0.092944,8.375,245.6,6.6,19.8,1.77831,4.52055,7.24726,60.02068,4.316,0.78818
21/06/2020,14:00:00,0.081678,7.075,252.6,6.7,19.6,1.71121,4.77765,7.40146,63.46326,3.679,0.98523
21/06/2020,15:00:00,0.078861,6.95,262.6,6.5,19,1.91252,4.98295,7.91545,61.66713,3.774,1.37932
21/06/2020,16:00:00,0.098576,6.825,271.5,6,17.4,2.91911,8.68223,13.15814,57.32648,3.962,0.7225
21/06/2020,17:00:00,0.070412,5.925,280.4,5.4,16.5,2.08029,6.47328,9.66301,58.72347,3.514,1.18227
21/06/2020,18:00:00,0.073228,7.125,276.5,5.5,16.5,2.28161,7.70657,11.20498,57.12691,3.892,0.85386
21/06/2020,19:00:00,0.08731,7.4,276.8,3.7,15.6,1.61055,6.57676,9.04622,57.52605,3.915,0.65682
21/06/2020,20:00:00,0.104209,10.45,285.3,2.7,13.8,0.97304,7.04026,8.53223,55.03143,6.061,0.91954
21/06/2020,21:00:00,0.101393,11.5,254.7,2.2,12.5,0.70461,8.01723,9.09762,52.63659,6.769,0.91954
21/06/2020,22:00:00,0.123924,12.725,245.6,2.7,11.4,0.97304,14.33892,15.83089,42.50841,7.123,0.78818
21/06/2020,23:00:00,0.098576,13.8,245,2.9,10.8,0.83883,11.10098,12.38716,43.20691,7.5,0.7225
21/06/2020,24:00:00,0.090127,15.25,246.4,2.6,10,0.60396,9.55934,10.4854,45.45207,8.042,0.59114
22/06/2020,1:00:00,0.081664,15.725,222.1,2.2,8.9,0.44774,8.98582,9.67235,45.30239,8.443,1.0509
22/06/2020,2:00:00,0.078848,16.075,244.2,2.3,8.3,0.40297,10.01485,10.63273,45.56848,8.585,1.0509
22/06/2020,3:00:00,0.059136,16.55,244.6,2.7,8.2,0.67162,8.38531,9.41511,46.40003,8.443,0.91954
22/06/2020,4:00:00,0.081664,16.225,246.7,2.7,7.9,0.50371,8.48842,9.26077,46.00089,8.019,0.72249
22/06/2020,5:00:00,0.092928,15.6,248.4,3.4,9,1.5783,16.25585,18.67587,35.67314,7.877,0.78818
22/06/2020,6:00:00,0.073215,15.9,246.5,3.3,10.5,3.4924,16.04772,21.40266,37.36948,7.759,0.78818
22/06/2020,7:00:00,0.067583,17.625,241.6,3.4,11.9,7.35419,19.85019,31.12646,34.87486,8.066,0.52545
22/06/2020,8:00:00,0.214015,23.075,226.9,3.5,13.8,8.69742,16.40149,29.73734,42.45852,8.75,0.85386
22/06/2020,9:00:00,0.126719,16.55,227,3.7,15.3,7.21987,14.0881,25.15841,48.74497,6.627,1.0509
22/06/2020,10:00:00,0.095744,11.875,217.2,4.3,16.6,5.30576,10.18035,18.31574,53.58455,4.693,0.72249
22/06/2020,11:00:00,0.149247,14.175,209.2,4.4,18,5.64157,11.10601,19.7563,56.97724,4.717,0.98522
22/06/2020,12:00:00,0.135167,15.325,212.8,4.6,18.8,5.2386,15.06805,23.10046,53.93379,5.825,0.98522
22/06/2020,13:00:00,0.087295,16.1,213.1,4.3,17.1,4.09685,11.51949,17.80125,61.51745,5.755,0.78818
22/06/2020,14:00:00,0.101375,15.275,209.9,3.9,17.2,4.02969,13.47462,19.6534,65.2095,6.344,0.78818
22/06/2020,15:00:00,0.123903,18.8,206.5,3.6,17.5,4.70131,13.98829,21.19686,66.30713,6.179,0.52545
22/06/2020,16:00:00,0.104191,16.75,191.5,3.5,17.3,3.92895,13.11461,19.13891,66.85595,5.943,0.91954
22/06/2020,17:00:00,0.129535,12.125,182.1,3.5,17,2.95511,11.67524,16.20634,69.30068,5.401,1.18226
22/06/2020,18:00:00,0.087295,11.55,197.9,4.5,18.6,2.82079,16.66592,20.99107,64.11186,5.236,0.52545
22/06/2020,19:00:00,0.112639,11.325,196.1,3.6,17.5,2.11559,18.46749,21.71135,57.97509,5.094,1.0509
22/06/2020,20:00:00,0.109824,12.05,200.1,4.4,17.4,0.90668,15.07336,16.46358,63.16391,5.519,2.29884
22/06/2020,21:00:00,0.098559,13.4,220.2,4.2,16.4,0.63804,13.89037,14.86867,65.50885,6.462,1.44499
22/06/2020,22:00:00,0.118271,14.525,229.3,3.8,15.9,0.57087,15.79405,16.66938,62.76477,6.981,0.72249
22/06/2020,23:00:00,0.126719,14.625,229.5,4.1,15.6,0.60445,18.315,19.24181,56.82756,7.594,1.83907
22/06/2020,24:00:00,0.121087,13.025,232.2,3.8,15.2,0.47013,7.71673,8.43759,62.01638,6.981,0.59113
23/06/2020,1:00:00,0.090096,13.125,209.1,2.3,13.3,0.58255,11.53505,12.42828,53.21867,7.359,1.13847
23/06/2020,2:00:00,0.090096,11.7,197,2.2,12.2,0.62736,10.98569,11.94763,50.55773,6.722,1.31361
23/06/2020,3:00:00,0.084465,8.725,193.3,2.5,11.5,0.50413,4.78884,5.56183,53.43487,5.448,1.11657
23/06/2020,4:00:00,0.084465,7.8,200.3,2.3,10.7,0.63856,5.14919,6.12831,49.94239,5.118,0.85385
23/06/2020,5:00:00,0.08728,9.375,210,2.2,11.2,0.8066,7.36345,8.60023,47.14841,6.179,1.31361
23/06/2020,6:00:00,0.092911,11.1,241,3.4,14.4,3.12559,14.82838,19.62088,37.56905,6.509,0.72249
23/06/2020,7:00:00,0.135144,13.725,240.4,3.9,16,7.36027,23.32133,34.60691,28.93765,6.415,0.52545
23/06/2020,8:00:00,0.149221,12.35,239.2,4.1,17.3,11.09081,18.37372,35.37939,31.08303,5.495,0.45977
23/06/2020,9:00:00,0.132328,11.25,234.6,4.1,18.9,7.12501,13.38238,24.30724,35.274,3.892,0.78817
23/06/2020,10:00:00,0.180191,9,231,4.3,20.3,6.01592,11.27207,20.49636,37.76862,2.736,0.85385
23/06/2020,11:00:00,0.250579,7.75,221.1,4.1,21.8,7.42748,11.01315,22.4018,38.46712,2.807,0.72249
23/06/2020,12:00:00,0.225239,9.125,208.5,4,22.8,7.86439,13.74212,25.80069,37.51916,3.467,0.45977
23/06/2020,13:00:00,0.216793,9.975,200.7,4.7,23.5,6.95696,10.34415,21.01134,44.10497,3.42,0.52545
23/06/2020,14:00:00,0.168929,9.9,198.2,5,23.7,6.25118,11.73532,21.32033,44.50411,3.396,0.65681
23/06/2020,15:00:00,0.135144,15.925,196.5,4.8,23.9,6.35201,15.08261,24.82222,47.19831,4.623,0.72249
23/06/2020,16:00:00,0.140775,14.05,195.6,4.7,24,4.23467,13.74579,20.23887,66.85595,5.118,0.78817
23/06/2020,17:00:00,0.073203,12.35,194.4,4.6,23.8,3.1592,15.90981,20.75385,93.09941,4.458,1.90474
23/06/2020,18:00:00,0.064756,11.075,194,4.2,23.1,2.25177,16.8892,20.34186,99.53554,4.599,1.11657
23/06/2020,19:00:00,0.076019,12.125,188.6,3.1,22.3,1.5796,14.93294,17.35495,99.53554,5.495,0.85385
23/06/2020,20:00:00,0.095726,13.7,175.3,2.4,20.2,1.20991,22.70956,24.56473,92.05166,6.344,0.78817
23/06/2020,21:00:00,0.137959,17.75,159.6,2.5,18.2,1.10908,37.43821,39.13877,71.24649,8.184,1.24793
23/06/2020,22:00:00,0.163299,34.075,161.7,2.7,17.2,1.1763,44.18442,45.98806,55.8796,11.415,2.69291
23/06/2020,23:00:00,0.168929,26.8,162.7,2.4,16,1.24352,38.00455,39.91125,54.38283,11.651,1.90474
23/06/2020,24:00:00,0.180191,19.325,153.5,2.3,15.8,1.31073,29.97073,31.9805,52.5368,10.472,1.57634
24/06/2020,1:00:00,0.11823,18.025,163.6,2.3,14.9,1.3006,28.17858,30.17281,46.96547,10.259,1.22603
24/06/2020,2:00:00,0.092895,17.7,171.6,2.4,15.2,1.12121,26.04807,27.76723,43.50626,10.307,0.87574
24/06/2020,3:00:00,0.10134,18.825,190.2,2.1,15.2,1.37909,33.81444,35.92901,34.67529,10.472,0.78816
24/06/2020,4:00:00,0.121045,20.725,180.9,2.1,14.8,2.08545,37.93772,41.13536,25.14582,11.509,1.37929
24/06/2020,5:00:00,0.152011,23.5,176.7,1.8,14.3,6.05453,44.48117,53.76464,15.86582,12.736,1.3136
24/06/2020,6:00:00,0.216755,34.4,172.1,1.9,14.3,10.09088,39.52933,55.0018,19.957,15.118,1.83905
24/06/2020,7:00:00,0.188605,36.775,159.9,1.8,14.5,22.23356,46.99413,81.08512,19.957,15.071,4.07218
24/06/2020,8:00:00,0.132306,27.25,151.8,1.7,16.8,14.46359,41.02075,63.19794,41.31099,11.297,7.09346
24/06/2020,9:00:00,0.121045,34.875,154.9,2.2,20.9,7.63543,30.45883,42.16633,66.45681,12.665,6.10826
24/06/2020,10:00:00,0.12386,30.45,157.5,2.9,23.2,4.50726,24.01781,30.92885,96.69167,13.514,4.20353
24/06/2020,11:00:00,0.12386,32.4,155.6,3.3,24.5,3.4309,22.42068,27.68132,118.34501,12.925,3.48105
24/06/2020,12:00:00,0.11823,26.7,150.3,3.4,25.5,2.52272,18.5553,22.42341,134.80954,11.887,2.75857
24/06/2020,13:00:00,0.1126,23.4,148.6,3.6,26.1,1.81636,15.82381,18.60886,153.0203,11.439,2.36449
24/06/2020,14:00:00,0.10697,25.7,152.3,3.8,26.6,1.78272,16.64861,19.38208,159.80568,11.368,2.43017
24/06/2020,15:00:00,0.07882,27,150.8,3.8,26.7,1.14363,12.88611,14.63965,170.58246,11.085,2.10177
24/06/2020,16:00:00,0.070375,22.125,153.2,3.7,26.7,1.78272,17.83421,20.56768,172.62805,10.283,2.10177
24/06/2020,17:00:00,0.06193,21.525,158.9,3.6,26.5,1.04272,14.58727,16.1861,180.56096,10.849,1.77337
24/06/2020,18:00:00,0.076005,23.2,147.4,3.5,25.8,0.77363,12.21628,13.4025,179.31365,12.453,1.51065
24/06/2020,19:00:00,0.140751,27.45,132.1,2.9,24.6,0.90818,16.23692,17.62944,162.44998,14.859,0.59112
24/06/2020,20:00:00,0.17453,26.35,109.7,3.2,22.1,0.70636,19.27842,20.36149,148.67965,14.764,1.24793
24/06/2020,21:00:00,0.16327,25.4,109.1,3,19.7,0.80727,21.39181,22.62961,131.36695,14.929,1.83905
24/06/2020,22:00:00,0.1689,27.45,110.4,2.7,18,0.70636,25.61883,26.7019,119.24308,17.382,2.75857
24/06/2020,23:00:00,0.171715,31,105.3,2.5,16.5,0.74,27.06215,28.1968,114.15404,21.227,3.21833
24/06/2020,24:00:00,0.135121,30.35,90.8,2.5,15.2,0.74,17.62885,18.7635,115.20178,21.533,3.34969
25/06/2020,1:00:00,0.149169,28.275,54.7,2.2,13,0.67328,14.65337,15.68572,105.90515,19.882,3.15263
25/06/2020,2:00:00,0.151984,28.475,60.7,2.4,12,0.71817,13.00222,14.10339,97.12407,20.283,2.36447
25/06/2020,3:00:00,0.140726,29.075,65.7,2.3,11.8,0.70694,10.88672,11.97068,95.89339,20.613,1.83903
25/06/2020,4:00:00,0.140726,28.25,41.4,1.9,11.4,0.67328,10.37076,11.40311,91.35317,20.189,1.83903
25/06/2020,5:00:00,0.135097,29.125,42.3,1.9,11.2,0.8416,12.22818,13.51862,84.66757,21.25,1.90471
25/06/2020,6:00:00,0.135097,26.975,49.7,2,11.6,1.44755,16.04606,18.26561,85.36607,19.387,2.16743
25/06/2020,7:00:00,0.106952,21.375,72.6,2.1,12.1,2.0535,16.71648,19.86514,95.74371,13.443,2.36447
25/06/2020,8:00:00,0.115396,21.25,70.6,1.9,12.7,3.3664,19.96637,25.12811,90.85424,12.217,2.82423
25/06/2020,9:00:00,0.14354,21.95,66,2,14.3,4.44365,20.17213,26.98563,83.32048,11.486,3.28399
25/06/2020,10:00:00,0.109767,20.45,81.3,2.6,17.7,2.92877,13.87809,18.36881,92.65037,10.236,2.75855
25/06/2020,11:00:00,0.118209,23.425,95.8,3.1,20.8,1.75053,10.47333,13.15743,110.91103,10.236,2.36447
25/06/2020,12:00:00,0.126653,22.975,111.9,3.9,23.2,1.58221,11.86656,14.29258,125.97856,10.094,2.16743
25/06/2020,13:00:00,0.160428,21.675,115.7,4.3,24.6,1.81786,14.29152,17.07886,136.80524,10.094,3.21831
25/06/2020,14:00:00,0.109767,19.2,113.2,4.5,25.1,1.48122,11.45384,13.72501,136.3562,6.698,4.13782
25/06/2020,15:00:00,0.090065,17.6,113.2,4.7,24.9,1.91885,13.67229,16.61448,129.42115,6.297,4.5319
25/06/2020,16:00:00,0.061919,16.35,112.7,4.5,24.5,2.8951,18.8315,23.27059,124.28222,5.519,4.72894
25/06/2020,17:00:00,0.061919,15.525,112.4,4.2,23.8,1.61587,15.37519,17.85283,137.25427,6.203,3.80942
25/06/2020,18:00:00,0.095694,19.475,114,3.9,23,1.41389,17.07804,19.24597,146.18503,8.373,2.88991
25/06/2020,19:00:00,0.132282,22.85,101.8,3.6,21.3,0.80794,14.13732,15.37614,145.78589,12.972,1.70767
25/06/2020,20:00:00,0.157613,26.4,93.8,3.1,18.9,0.70694,16.82046,17.90443,133.0633,15.826,1.51063
25/06/2020,21:00:00,0.166057,27.65,89.6,2.8,17.1,0.60595,15.89176,16.82087,122.93512,17.193,1.24791
25/06/2020,22:00:00,0.182944,28.575,106.5,3.1,16.1,0.74061,20.48388,21.61946,105.82199,18.373,0.72248
25/06/2020,23:00:00,0.180129,27.775,106.4,2.4,15.2,0.67328,21.61907,22.65142,102.12995,18.396,0.91952
25/06/2020,24:00:00,0.185759,32,89.2,2,14.6,0.8416,20.48382,21.77426,92.30113,21.91,0.91952
26/06/2020,1:00:00,0.090049,28.875,50.8,2.1,12.6,0.67384,11.84424,12.87743,94.52966,20.849,1.66387
26/06/2020,2:00:00,0.101305,28.8,47.5,2,12.5,0.89845,16.80231,18.17991,85.61553,20.967,1.5763
26/06/2020,3:00:00,0.095677,27.125,37.2,1.8,12.1,0.74122,14.61596,15.75248,84.61768,20.047,1.83902
26/06/2020,4:00:00,0.095677,27.525,49.3,2,11.9,0.77491,12.08522,13.2734,79.72822,20.66,1.77334
26/06/2020,5:00:00,0.101305,30.45,23.6,1.9,11.3,1.11183,14.30593,16.01071,62.91444,22.854,1.64198
26/06/2020,6:00:00,0.081607,29.55,23.5,2.1,11.3,2.12258,16.31981,19.57439,70.09896,22.5,1.51062
26/06/2020,7:00:00,0.075979,28.7,39.4,2.2,11.6,3.70609,21.58727,27.26986,71.44606,19.906,1.97038
26/06/2020,8:00:00,0.095677,27.725,34.5,1.9,12.2,2.89749,23.18864,27.63139,71.8452,18.208,2.16742
26/06/2020,9:00:00,0.109747,30.175,43.3,1.8,13.7,3.53763,23.65323,29.07752,74.83875,17.948,2.62717
26/06/2020,10:00:00,0.121003,28.45,77.5,1.9,17.1,4.44731,25.87373,32.69284,79.47875,16.934,2.10174
26/06/2020,11:00:00,0.320799,42.7,101.2,2.5,19.9,7.44587,44.82724,56.24408,64.61079,20.991,2.95557
26/06/2020,12:00:00,0.211052,29.95,113.9,2.6,21.6,5.82867,43.79489,52.73205,70.04907,17.76,2.10174
26/06/2020,13:00:00,0.123817,22.375,138.4,3.5,23.6,4.78423,24.32418,31.65989,97.44005,13.726,1.64198
26/06/2020,14:00:00,0.123817,22.875,148.2,3.4,25,3.20072,19.26332,24.17101,127.22588,13.066,1.70766
26/06/2020,15:00:00,0.095677,29.1,144.3,3.4,26,2.4595,20.08995,23.86113,141.99406,15,1.70766
26/06/2020,16:00:00,0.101305,29.275,152.6,3.8,25.5,1.75197,17.3529,20.03921,152.02245,15.519,1.70766
26/06/2020,17:00:00,0.146329,26.625,176.1,3.6,24.8,3.50394,31.50365,36.87629,104.27533,15.967,1.5763
26/06/2020,18:00:00,0.180098,27.925,232,2.5,23.2,4.04301,34.96383,41.16302,76.08606,19.953,0.72247
26/06/2020,19:00:00,0.194168,25.075,302.9,3.9,22,3.63871,33.72444,39.30372,63.26369,17.099,0.72247
26/06/2020,20:00:00,0.146329,24.025,299.5,3.9,18.7,2.66165,24.84144,28.92258,72.29423,17.5,0.91951
26/06/2020,21:00:00,0.154771,25.825,298,2.6,16.8,2.15627,16.68133,19.98757,65.45896,19.151,0.65679
26/06/2020,22:00:00,0.112561,21.9,282.4,2.1,15.4,2.08889,13.94404,17.14696,54.08347,16.014,0.52544
26/06/2020,23:00:00,0.135073,23.4,277.3,2,14.1,1.92043,13.37598,16.3206,50.19186,16.486,0.78815
26/06/2020,24:00:00,0.064723,19.875,259.7,1.6,13.1,0.90968,9.03797,10.43279,55.18111,14.646,1.24791
27/06/2020,1:00:00,0.129423,22.65,251.8,1.5,14.2,0.62943,7.30643,8.27154,50.95687,15.873,0.78815
27/06/2020,2:00:00,0.137863,24.6,240.2,1.5,13.2,0.76431,7.5132,8.68512,43.17364,16.769,0.78815
27/06/2020,3:00:00,0.132237,24.375,209.4,1.4,13.2,0.74183,8.68501,9.82246,37.66884,16.816,0.78815
27/06/2020,4:00:00,0.160372,27.15,185.1,2,13.4,1.31506,16.69797,18.71437,27.19141,19.552,0.65679
27/06/2020,5:00:00,0.188507,31.275,188.9,3,13.6,2.15805,22.74641,26.05537,21.35399,22.311,0.98518
27/06/2020,6:00:00,0.123796,10,179.2,3.3,13.8,1.85457,14.47491,17.31855,35.07443,6.91,1.11654
27/06/2020,7:00:00,0.118169,6.3,171.3,2.5,14.4,3.13591,17.62823,22.43656,35.97249,3.609,1.11654
27/06/2020,8:00:00,0.115355,7.625,170.2,3.9,14.4,4.72073,21.81545,29.0538,31.68174,4.08,0.78815
27/06/2020,9:00:00,0.118169,8.95,169.6,4.5,14.4,6.71018,21.86684,32.15563,26.89206,5.731,1.64197
27/06/2020,10:00:00,0.123796,8.95,176.1,5.4,15.3,6.94621,18.60988,29.26059,29.08733,6.179,1.90468
27/06/2020,11:00:00,0.104102,5.3,170.4,5.2,16.1,5.59743,12.87171,21.45432,37.02024,3.231,2.1674
27/06/2020,12:00:00,0.090033,4.675,172.8,7,18.5,4.51841,10.7006,17.62873,41.06153,2.288,1.97036
27/06/2020,13:00:00,0.09566,4.4,188.5,6.5,19.8,3.40567,8.73628,13.95823,49.39358,1.934,2.03604
27/06/2020,14:00:00,0.146304,4.15,215.4,6.9,19.8,4.34981,14.21603,20.88565,44.70368,2.17,0.98518
27/06/2020,15:00:00,0.090033,3.475,218.7,6.8,18.9,4.1475,8.1158,14.4752,50.24175,1.698,1.05086
27/06/2020,16:00:00,0.081593,4.675,218.1,6.5,18.4,2.19177,6.77198,10.13264,53.8839,2.429,1.51061
27/06/2020,17:00:00,0.109728,4.325,238.1,5.4,16.4,2.46152,9.92546,13.69974,45.95099,1.792,1.31358
27/06/2020,18:00:00,0.098474,1.95,257.9,5.3,17.1,2.56268,6.82362,10.75301,45.40218,1.038,1.2479
27/06/2020,19:00:00,0.106914,3.5,232.3,4.9,16.2,2.15805,8.2712,11.58016,45.45207,2.099,1.44493
27/06/2020,20:00:00,0.112542,3.075,236.6,5,14.4,1.31506,7.49588,9.51228,50.89035,1.274,1.2479
27/06/2020,21:00:00,0.101288,3.775,238.6,4.9,13.1,1.34878,8.42642,10.49452,47.09852,1.769,1.11654
27/06/2020,22:00:00,0.092847,4.45,242.9,4.7,12.4,1.01158,7.65102,9.20209,50.19186,2.099,1.11654
27/06/2020,23:00:00,0.08722,3.65,234.8,5,12.2,1.01158,6.97896,8.53003,51.58885,2.075,1.37925
27/06/2020,24:00:00,0.053458,5.45,233.3,5,11.7,0.40463,4.13571,4.75614,51.8882,3.184,0.78815
28/06/2020,1:00:00,0.078765,4.775,232,4.5,11.9,0.31497,3.17382,3.65678,52.61996,2.689,1.22599
28/06/2020,2:00:00,0.087204,3.65,236.5,4.6,11.2,0.26998,2.55286,2.96682,52.61996,2.052,0.96328
28/06/2020,3:00:00,0.075952,3.425,230.7,5.3,11,0.30373,2.17338,2.63909,53.18541,1.769,0.78814
28/06/2020,4:00:00,0.061888,3.675,233.5,5.1,10.8,0.20248,1.70766,2.01813,52.93594,2.217,0.78814
28/06/2020,5:00:00,0.053448,5.05,239.4,5.6,11,0.26998,1.70766,2.12162,52.88605,2.524,0.98517
28/06/2020,6:00:00,0.059074,3.9,240.7,5.9,11.1,0.43871,1.91466,2.58734,52.88605,2.146,0.78814
28/06/2020,7:00:00,0.126587,6.6,242.9,6.2,11.4,1.58612,3.57062,6.00263,51.58885,2.524,1.18221
28/06/2020,8:00:00,0.075952,5.575,241.2,6.2,11.9,1.41738,3.51886,5.69215,52.88605,2.642,0.85382
28/06/2020,9:00:00,0.084392,6.475,240.9,6.7,12.5,1.55237,4.34682,6.72709,53.53465,2.759,0.98517
28/06/2020,10:00:00,0.10971,5.25,241.4,7.1,13.8,2.69978,6.4685,10.6081,51.78842,2.642,0.85382
28/06/2020,11:00:00,0.075952,7.4,243.8,7.5,15.3,2.69978,6.00278,10.14238,55.48046,3.538,1.31357
28/06/2020,12:00:00,0.078765,7.725,241.6,7.6,15.8,2.49729,6.10626,9.93539,58.17466,3.019,1.77331
28/06/2020,13:00:00,0.098456,6,243.6,7.7,16.2,2.93601,8.17616,12.67798,57.12691,2.241,1.18221
28/06/2020,14:00:00,0.075952,4.025,246.5,7.6,16.1,2.39605,5.69228,9.36618,59.37208,1.981,1.05085
28/06/2020,15:00:00,0.081579,6.65,242.9,7.5,15.8,2.69978,5.74405,9.88365,58.12476,3.019,1.18221
28/06/2020,16:00:00,0.067513,6.95,241,7.2,15.5,1.65361,5.22652,7.76203,59.97079,2.642,1.64196
28/06/2020,17:00:00,0.106896,4.975,242.5,6.2,14.7,1.92359,6.52021,9.46967,54.13336,2.571,1.11653
28/06/2020,18:00:00,0.115335,3.75,240.7,5.7,13.8,2.05858,8.43485,11.59129,50.89035,2.146,0.98517
28/06/2020,19:00:00,0.115335,3.2,239.2,6.1,13,1.55237,8.38307,10.76334,51.83831,2.005,0.72246
28/06/2020,20:00:00,0.118149,5.025,234.7,6,12.2,1.51863,9.78024,12.10876,45.95099,2.948,0.72246
28/06/2020,21:00:00,0.10127,6.4,238.4,5.9,12,0.91118,8.1243,9.52142,45.45207,3.585,0.59111
28/06/2020,22:00:00,0.087204,7.925,237.4,6.1,11.9,0.84368,6.5719,7.86552,49.34368,3.726,0.9195
28/06/2020,23:00:00,0.10971,7.4,239.1,6.5,11.5,1.07991,7.81383,9.46967,46.25035,3.821,1.05085
28/06/2020,24:00:00,0.090018,8.625,239.7,6.6,11.5,0.43871,5.53694,6.20962,47.94669,4.481,0.85382
29/06/2020,1:00:00,0.060002,6.05,238.6,5.9,11.5,0.31523,3.38413,3.86748,50.09207,3.632,1.31356
29/06/2020,2:00:00,0.063752,5.175,242.2,5.9,11.5,0.22517,1.9338,2.27905,54.14999,2.759,1.05085
29/06/2020,3:00:00,0.067501,3.875,240.1,6,11.6,0.23642,1.70935,2.07186,52.68648,2.028,0.98517
29/06/2020,4:00:00,0.067501,2.15,239.9,5.5,11.6,0.43908,3.2633,3.93654,49.69293,1.156,1.05085
29/06/2020,5:00:00,0.073127,2.25,244.8,5.6,11.5,0.74305,6.63015,7.76948,44.40433,1.274,1.24788
29/06/2020,6:00:00,0.092815,2.075,247.1,5.7,11.6,1.24967,11.29198,13.20812,38.36733,1.226,1.24788
29/06/2020,7:00:00,0.143441,1.825,247.8,5.7,11.7,4.35697,20.87516,27.55576,29.73593,0.896,1.24788
29/06/2020,8:00:00,0.106877,4.975,250.2,6.1,12,5.40399,22.42934,30.71535,28.6383,1.486,1.1822
29/06/2020,9:00:00,0.140628,3.2,248.6,6.3,12.5,5.60664,17.19794,25.79467,34.27615,1.203,1.64195
29/06/2020,10:00:00,0.101253,2.9,255.6,7.3,13,4.59339,12.58778,19.63089,38.36733,1.179,1.24788
29/06/2020,11:00:00,0.084377,3.5,263.5,8.3,13.3,4.49207,12.84674,19.73448,38.26755,1.439,1.11652
29/06/2020,12:00:00,0.13219,4.175,264.2,8.5,13.6,5.94439,13.83126,22.94587,37.16991,2.075,1.05085
29/06/2020,13:00:00,0.210943,3.525,261.3,8.8,13.9,6.68744,13.67607,23.93,38.01809,1.58,1.37923
29/06/2020,14:00:00,0.241881,2.675,263.9,8.4,13.9,7.46427,14.03885,25.48389,37.51916,1.415,1.24788
29/06/2020,15:00:00,0.233443,3.325,263,8.6,13.7,6.34969,11.60412,21.34017,39.46497,1.651,0.98517
29/06/2020,16:00:00,0.258756,5.625,262.6,8.6,14.2,5.47154,11.3449,19.73448,41.41078,3.137,0.91949
29/06/2020,17:00:00,0.267193,7.55,260.2,6.8,13.5,5.10002,10.67144,18.49136,43.9054,3.962,1.05085
29/06/2020,18:00:00,0.281257,7.375,263.5,7.3,14.3,4.25564,9.73888,16.26411,44.90325,4.104,1.1822
29/06/2020,19:00:00,0.281257,7.125,262,5.7,13.7,4.12054,9.79064,16.10872,43.85551,3.797,0.98517
29/06/2020,20:00:00,0.219381,6.475,263.2,5.2,12.7,3.03975,8.44364,13.10452,44.65379,3.726,0.91949
29/06/2020,21:00:00,0.146254,6.325,259.8,3.6,11.9,1.72252,9.01306,11.65422,44.90325,3.302,0.85381
29/06/2020,22:00:00,0.281257,6,260.7,3.1,11.4,3.85035,9.63518,15.53896,42.40863,3.113,0.98517
29/06/2020,23:00:00,0.120941,5.425,260.3,3,11.2,1.31722,6.63031,8.65002,43.80562,2.783,0.85381
29/06/2020,24:00:00,0.081565,5.45,267.6,3.7,12.2,0.97947,5.49069,6.99253,43.35658,2.925,0.98517
30/06/2020,1:00:00,0.061866,4.225,264.9,3.7,13,0.40563,4.21702,4.83898,43.77235,2.689,0.96327
30/06/2020,2:00:00,0.061866,2.5,265,4,12.5,0.54084,5.87616,6.70545,39.64791,1.722,1.05084
30/06/2020,3:00:00,0.06749,3.675,265.3,2.7,11.5,0.47324,4.51085,5.23647,42.65809,2.335,1.18219
30/06/2020,4:00:00,0.061866,2.4,254.4,2.6,10.9,1.2507,7.10353,9.02124,38.71658,1.627,0.98516
30/06/2020,5:00:00,0.078738,3.75,264.5,2.7,12,0.60845,6.11815,7.05109,41.71013,2.382,1.11651
30/06/2020,6:00:00,0.078738,4.15,271,2.8,12.2,2.19718,10.21476,13.58371,35.87271,2.5,0.98516
30/06/2020,7:00:00,0.317765,4.325,274.8,3.4,12.7,7.16617,15.03883,26.02681,30.5841,2.665,1.05084
30/06/2020,8:00:00,0.354322,3.15,269.7,3.7,13.3,9.56616,17.06198,31.72989,26.34324,1.226,0.91948
30/06/2020,9:00:00,0.314952,2.8,262.8,4.2,13.8,9.05912,18.09866,31.98912,25.84432,1.085,1.18219
30/06/2020,10:00:00,0.309329,3.35,258.9,4.8,14.6,9.12673,14.00284,27.99696,31.98109,1.014,0.78813
30/06/2020,11:00:00,0.247462,4.725,260.7,5.6,16.7,9.02532,12.34371,26.18235,38.6168,1.321,1.24787
30/06/2020,12:00:00,0.261524,5.45,265.7,5.6,17.4,7.5042,13.4836,24.98988,40.11357,2.288,1.18219
30/06/2020,13:00:00,0.1198634,5.8,267.8,5.4,18.1,5.768998,19.16644,28.012114,38.06798,2.359,1.006002
30/06/2020,14:00:00,0.345885,7.85,272.9,5,17.8,9.09293,20.37991,34.3222,33.12862,3.325,0.78813
30/06/2020,15:00:00,0.317765,11.85,265,4.3,17.8,8.31546,21.6757,34.42589,33.02884,4.741,1.24787
30/06/2020,16:00:00,0.281208,10.175,263.3,3.6,17.4,8.21406,23.85319,36.4479,36.32174,5.448,1.11651
30/06/2020,17:00:00,0.230591,11.3,265.5,3,16.9,5.50984,16.95635,25.40465,48.49551,6.321,1.18219
30/06/2020,18:00:00,0.177161,11.325,274.5,2.6,16.4,4.969,21.15564,28.77466,44.05508,6.651,0.85381
30/06/2020,19:00:00,0.146228,10.65,274.2,2.3,15.4,4.19153,22.03665,28.46358,43.45637,6.627,1.05084
30/06/2020,20:00:00,0.143415,13.125,224.1,2,14.5,2.4676,21.6729,25.4565,41.06153,7.807,1.05084
30/06/2020,21:00:00,0.137792,12.225,195,1.1,13.9,2.29858,24.10959,27.63404,34.47572,7.854,0.78813
30/06/2020,22:00:00,0.137792,13.975,203.9,0.3,13.8,1.79154,19.96165,22.70865,36.27185,9.151,1.11651
30/06/2020,23:00:00,0.143415,13.075,72.6,1.3,13.6,1.55492,21.828,24.21219,31.98109,8.373,1.37922
30/06/2020,24:00:00,0.126544,12.225,65.6,1.7,13.3,1.52112,16.28044,18.61279,32.48002,8.09,0.98516
1/7/2020,1:00:00,0.061941,11.525,348.7,1.4,12.6,0.58609,9.26113,10.15979,39.44834,7.382,0.70023
1/7/2020,2:00:00,0.064756,12.05,4.7,1.5,12.2,0.67626,8.91553,9.95244,40.57923,7.429,0.52517
1/7/2020,3:00:00,0.067572,12.325,342,1.4,12,0.47338,10.05597,10.78181,35.97249,8.467,0.52517
1/7/2020,4:00:00,0.073204,11.85,352.3,1.2,11.8,0.60863,8.24169,9.17491,29.53636,7.759,0.52517
1/7/2020,5:00:00,0.073204,11.95,15.1,1.1,11.7,1.35252,9.48552,11.55935,27.98969,7.406,0.91905
1/7/2020,6:00:00,0.064756,11.725,5.6,0.9,11.7,1.99496,10.78122,13.84012,30.28475,7.5,0.91905
1/7/2020,7:00:00,0.222425,15.725,274.6,0.8,11.7,9.46762,22.96036,37.47717,20.30625,9.693,0.78776
1/7/2020,8:00:00,0.11262,15.95,212.2,1.1,11.9,9.56906,20.47222,35.14457,20.50582,11.085,0.52517
1/7/2020,9:00:00,0.126698,6.75,232.3,1.3,12.4,9.06186,19.22831,33.12298,23.54926,4.953,0.9847
1/7/2020,10:00:00,0.216794,4.25,273.4,1.4,13.3,10.2115,22.1826,37.84002,22.25206,2.359,0.72211
1/7/2020,11:00:00,0.076019,4.15,292.1,1.4,14.3,7.23597,14.14897,25.24396,34.22626,2.689,0.59082
1/7/2020,12:00:00,0.118251,5.8,297.9,1.4,15.2,7.94604,16.11851,28.30226,36.52131,2.359,0.65647
1/7/2020,13:00:00,0.191455,6.725,289.4,1.8,15.9,7.67553,16.89612,28.66511,38.51701,2.075,0.59082
1/7/2020,14:00:00,0.123883,7.55,283.3,2,15.9,8.48704,21.30191,34.31519,30.83357,2.877,0.72211
1/7/2020,15:00:00,0.22524,8.1,279.3,1.8,15.9,11.63165,29.12815,46.96309,22.55141,3.609,0.32823
1/7/2020,16:00:00,0.166115,9.175,276.7,1.6,15.7,11.96977,24.2555,42.6089,32.18066,3.443,0.85341
1/7/2020,17:00:00,0.101359,7.45,307.5,1.4,15.3,6.12014,17.67412,27.05821,41.41078,4.575,0.59082
1/7/2020,18:00:00,0.090096,6.875,355.9,1.8,14.8,3.11079,13.63184,18.40165,49.74282,5.236,0.52517
1/7/2020,19:00:00,0.064756,3.875,27.2,2.2,14,2.77266,9.58876,13.84012,52.78627,2.807,0.65647
1/7/2020,20:00:00,0.070388,4.55,31.6,2.6,13.4,1.14964,9.74476,11.50751,55.13121,3.184,0.72211
1/7/2020,21:00:00,0.070388,4.575,25,2.6,13,0.50719,7.87887,8.65655,58.82326,3.349,0.9847
1/7/2020,22:00:00,0.073204,5.175,30.4,2.8,12.7,0.57482,7.72334,8.60472,52.38713,3.491,0.72211
1/7/2020,23:00:00,0.070388,4.9,33.8,2.5,12.4,0.47338,6.06463,6.79047,52.23745,3.491,0.52517
1/7/2020,24:00:00,0.061941,4.75,36.6,2.3,12.3,0.33813,4.45776,4.97622,52.08777,3.561,0.52517
2/7/2020,1:00:00,0.075171,5.875,68.1,3,12.3,0.45098,4.49102,5.18251,43.43974,3.868,0.43744
2/7/2020,2:00:00,0.056379,5.4,57.9,2.6,12.1,0.58627,2.83247,3.7314,43.50626,3.255,1.04986
2/7/2020,3:00:00,0.062017,3.875,43,2.4,11.9,0.30441,2.90188,3.36863,45.30239,2.5,1.04986
2/7/2020,4:00:00,0.070474,1.225,39.7,2.9,11.7,0.40588,4.09374,4.71608,40.86196,0.495,0.98424
2/7/2020,5:00:00,0.070474,1.375,40.6,3.1,11.4,1.04852,5.33685,6.94456,41.51056,0.542,0.65616
2/7/2020,6:00:00,0.070474,1.7,55,3.2,11.2,2.06321,8.44527,11.60881,43.00734,0.967,0.59054
2/7/2020,7:00:00,0.07893,2.225,46.1,2.9,11.4,5.24259,15.95648,23.995,39.46497,1.297,0.91862
2/7/2020,8:00:00,0.076112,3.175,37,2.7,11.4,6.56169,17.45799,27.51911,36.5712,1.392,1.04986
2/7/2020,9:00:00,0.070474,2.3,23.8,2.7,11.7,5.61464,14.91958,23.52858,40.36303,1.203,0.98424
2/7/2020,10:00:00,0.067654,2.95,21.8,2.5,11.9,8.59108,17.87041,31.04321,39.96389,1.509,0.85301
2/7/2020,11:00:00,0.101482,3.475,28.4,2.3,12.3,5.95287,14.60826,23.73588,37.66884,1.887,1.18109
2/7/2020,12:00:00,0.081749,3.05,36,2.2,12.5,7.40727,17.40525,28.76291,34.37593,1.627,0.98424
2/7/2020,13:00:00,0.07893,2.8,40.8,1.6,12.7,5.61464,12.74293,21.35192,40.5626,1.698,1.04986
2/7/2020,14:00:00,0.124033,3.675,54.9,1.4,12.7,8.1852,16.52339,29.07386,36.22196,2.359,1.11547
2/7/2020,15:00:00,0.101482,3.325,62.5,1.3,12.9,4.76906,15.12779,22.44025,38.71658,1.651,0.59054
2/7/2020,16:00:00,0.132491,4.45,83.9,0.7,13.5,9.0646,20.09837,33.99724,32.97894,2.005,1.2467
2/7/2020,17:00:00,0.07893,4.175,122.7,1.3,15.7,2.3338,12.48733,16.06577,39.51486,2.618,0.78739
2/7/2020,18:00:00,0.093025,5.225,153.4,1.9,15.7,2.09704,15.28614,18.50155,35.57335,2.948,1.11547
2/7/2020,19:00:00,0.081749,6.45,181.7,1.7,15.3,2.13086,20.41678,23.68405,30.53421,3.962,0.59054
2/7/2020,20:00:00,0.084569,7.9,200.3,1.8,13.3,1.82645,20.62441,23.42493,27.9398,4.269,0.72177
2/7/2020,21:00:00,0.104301,10.925,243.8,2,11.7,2.43527,27.30919,31.04321,17.66195,6.439,1.04986
2/7/2020,22:00:00,0.160679,9.675,249.8,2.2,10.4,3.88966,31.45363,37.41769,13.57076,6.533,0.78739
2/7/2020,23:00:00,0.160679,11.275,257,2.3,9.6,3.58525,28.91453,34.41184,12.87227,7.052,0.98424
2/7/2020,24:00:00,0.115576,6.8,251.6,2.3,8.7,3.07791,17.56539,22.28478,35.77292,3.962,1.04986
3/7/2020,1:00:00,0.053625,5.95,218.7,1.8,9.8,0.63156,9.80904,10.77741,46.16719,3.774,1.4866
3/7/2020,2:00:00,0.064915,7.875,224.6,2.1,10.1,0.67667,10.63799,11.67553,39.18224,4.929,1.04937
3/7/2020,3:00:00,0.081849,10.625,239.2,2.7,10.5,0.67667,12.38241,13.41995,37.36948,6.981,1.11495
3/7/2020,4:00:00,0.062093,8.45,235.3,3.2,10.8,0.64284,9.16997,10.15564,41.11142,5.024,1.44288
3/7/2020,5:00:00,0.050802,6.525,224.4,3.2,10.8,0.812,8.91059,10.15564,41.21121,3.585,1.18054
3/7/2020,6:00:00,0.059269,5.95,226.7,3.4,11.3,2.50367,15.48789,19.3268,34.97464,3.278,1.11495
3/7/2020,7:00:00,0.110073,7.975,228.7,4.3,12.1,5.44717,20.66389,29.0161,30.73378,3.349,1.04937
3/7/2020,8:00:00,0.090316,9.25,233,4.6,12.2,4.60134,17.03844,24.09373,35.37378,3.726,1.24612
3/7/2020,9:00:00,0.104428,6.875,234.4,5.5,12.3,4.97351,17.97041,25.59635,35.87271,3.042,1.37729
3/7/2020,10:00:00,0.10725,4.525,239.4,6,13,5.51484,15.68957,24.14554,38.06798,2.005,0.85261
3/7/2020,11:00:00,0.10725,5.2,242.8,6.4,13.8,5.00734,15.22419,22.902,38.36733,2.264,0.91819
3/7/2020,12:00:00,0.081849,5.4,246.5,6.7,14.9,4.60134,11.23522,18.29051,46.5996,2.406,1.04937
3/7/2020,13:00:00,0.087493,5.125,246,6.3,15.1,3.654,10.14887,15.7516,48.34583,2.075,1.18054
3/7/2020,14:00:00,0.090316,5.175,242.6,6,14.9,4.09384,9.26721,15.54434,50.44132,1.84,1.18054
3/7/2020,15:00:00,0.084671,5.025,240.5,6.3,14.9,3.82317,8.54231,14.40442,51.58885,1.25,0.91819
3/7/2020,16:00:00,0.115717,3.825,242.1,5.9,14.8,3.31567,10.82309,15.90704,47.34798,1.132,0.78702
3/7/2020,17:00:00,0.10725,2.25,244.2,5.6,14.6,2.67284,11.49786,15.59616,43.20691,1.038,0.91819
3/7/2020,18:00:00,0.098782,3.075,244.4,5.3,14.4,2.30067,9.5296,13.05725,43.40648,1.274,0.78702
3/7/2020,19:00:00,0.101606,2.15,240.6,5,14.3,2.03,8.70107,11.8137,43.55615,0.825,0.98378
3/7/2020,20:00:00,0.104428,1.9,239.2,4.7,14.4,1.827,9.11596,11.91733,41.01164,0.708,0.98378
3/7/2020,21:00:00,0.124184,1.575,242.5,4.5,14.5,2.60517,10.51352,14.50805,39.21551,0.542,0.85261
3/7/2020,22:00:00,0.098782,1.225,245.7,4.4,14.6,1.35334,8.236,10.31108,40.41293,0.66,1.04937
3/7/2020,23:00:00,0.138296,2.375,251,4.7,14.8,1.79317,7.76885,10.51834,40.01379,1.344,1.04937
3/7/2020,24:00:00,0.110073,3.925,252.8,5,15,0.67667,6.37193,7.40947,40.66239,2.689,0.4591
4/7/2020,1:00:00,0.10738,3.425,235.9,3,15.3,0.49637,4.00486,4.76596,40.71228,2.406,1.13628
4/7/2020,2:00:00,0.090426,1.375,250.3,4.4,15.6,0.40612,2.89995,3.52266,39.84748,0.778,1.04887
4/7/2020,3:00:00,0.098903,2.325,249.6,4,15.7,0.40612,2.95175,3.57447,40.01379,1.226,0.85221
4/7/2020,4:00:00,0.104554,1.125,250.8,4.2,15.8,0.30459,2.84841,3.31545,38.36733,0.542,0.65555
4/7/2020,5:00:00,0.0876,1.725,257.4,4.1,15.6,0.64303,4.60886,5.59482,33.62755,1.038,1.11443
4/7/2020,6:00:00,0.093251,1.775,255.6,4.7,15.6,1.45528,7.87037,10.10176,27.9398,1.203,0.98332
4/7/2020,7:00:00,0.226063,2,260.5,5,16,6.39644,11.17284,20.98057,23.49937,1.108,0.85221
4/7/2020,8:00:00,0.129986,2.225,263.9,5,16.2,5.85494,10.18999,19.16744,22.6512,1.108,1.37665
4/7/2020,9:00:00,0.115858,3.1,264.9,5.2,16.5,6.12569,9.10139,18.49399,21.70324,1.557,1.11443
4/7/2020,10:00:00,0.138464,3,269.4,5.1,16.8,7.81787,11.53173,23.51897,18.21076,1.038,0.58999
4/7/2020,11:00:00,0.110206,2.75,274.5,6.1,18.2,6.32875,8.89364,18.5976,18.95915,1.203,0.91777
4/7/2020,12:00:00,0.132812,5.025,276.2,6.1,19.1,9.07008,12.71993,26.6272,15.21721,3.231,1.24554
4/7/2020,13:00:00,0.121509,4.275,270.3,5.2,19.3,8.29168,11.11605,23.82979,18.16087,2.311,0.98332
4/7/2020,14:00:00,0.127161,2.675,260.8,4.9,18.5,8.02093,9.30363,21.60222,23.24991,1.132,0.85221
4/7/2020,15:00:00,0.113032,1.7,267.3,3.4,17.3,8.4609,8.78444,21.75763,24.34754,0.708,1.04887
4/7/2020,16:00:00,0.096077,2.15,262.5,3.2,16.7,5.55035,8.37765,16.88807,26.39313,0.896,1.24554
4/7/2020,17:00:00,0.084774,2.6,256.1,3.5,16.3,5.68573,8.17008,16.88807,28.5884,1.108,0.85221
4/7/2020,18:00:00,0.093251,2.25,241.7,3.2,15.9,5.48266,8.89587,17.3025,24.94625,1.486,0.85221
4/7/2020,19:00:00,0.149767,7.1,241.4,3.3,15.6,5.71957,12.93595,21.70583,18.31055,5.425,1.17998
4/7/2020,20:00:00,0.14129,7.45,218.4,2.8,15.4,4.87348,14.75131,22.22387,17.36259,5.071,1.04887
4/7/2020,21:00:00,0.138464,5.875,221.9,3.6,15.6,3.48589,14.0297,19.37465,20.6056,4.316,0.98332
4/7/2020,22:00:00,0.115858,5.05,222.1,3.7,15.6,3.38436,9.67844,14.86772,24.597,3.16,1.4422
4/7/2020,23:00:00,0.101729,5.25,229.5,5.3,15.7,1.62449,4.96891,7.45976,27.44088,2.665,0.91777
4/7/2020,24:00:00,0.098903,1.6,238.8,6.7,15.6,1.11684,4.08957,5.80204,24.24776,0.873,0.85221
5/7/2020,1:00:00,0.150892,1.175,248.3,7.6,16.7,0.72222,2.89797,4.00535,25.87758,0.448,0.96102
5/7/2020,2:00:00,0.162209,1.375,251.7,7.7,16.2,0.45138,2.62266,3.31477,23.61578,0.66,1.57258
5/7/2020,3:00:00,0.155607,3.45,266.2,8.8,15.9,0.40625,2.95084,3.57374,22.95055,1.958,1.17943
5/7/2020,4:00:00,0.141461,3.175,272.9,9.3,14.8,0.37239,2.43302,3.00401,29.63615,1.486,1.83467
5/7/2020,5:00:00,0.144291,5.675,274.5,9.3,14.1,0.4401,2.74355,3.41836,31.78152,2.453,1.50705
5/7/2020,6:00:00,0.138632,6.475,277.1,9.6,13.9,0.81249,4.76222,6.00802,39.76432,2.524,1.37601
5/7/2020,7:00:00,0.226338,9.325,276,9.3,14,2.70831,6.51674,10.66942,47.79702,3.113,1.24496
5/7/2020,8:00:00,0.124486,7.55,275.2,9.7,14.5,2.70831,7.39723,11.54991,54.88175,2.359,1.31048
5/7/2020,9:00:00,0.10751,7.1,274.2,9.7,15,1.89581,5.12109,8.02796,59.32218,2.382,1.70362
5/7/2020,10:00:00,0.087706,11.925,272.5,10.1,15.5,3.92704,7.65205,13.67343,61.41767,3.703,1.17943
5/7/2020,11:00:00,0.093364,10.35,270.9,10.8,15.9,3.0807,6.87803,11.6017,59.52175,3.561,1.50705
5/7/2020,12:00:00,0.090535,8.65,269.9,11,16.1,2.84372,6.4127,10.77301,58.12476,3.703,1.17943
5/7/2020,13:00:00,0.093364,8.975,269.1,11,16.3,3.18226,6.87769,11.75708,57.62584,3.231,1.44153
5/7/2020,14:00:00,0.084877,9.25,268.7,11,16.2,3.24997,6.35952,11.34273,58.37423,4.127,1.57258
5/7/2020,15:00:00,0.082047,6.825,267.5,11,16.2,2.97914,5.58354,10.15149,57.07702,2.618,1.17943
5/7/2020,16:00:00,0.144291,5.05,268.4,10.3,15.8,3.65621,10.76057,16.36668,52.5867,2.877,1.24496
5/7/2020,17:00:00,0.130145,7.875,263.5,10.2,15.1,3.55465,7.91228,13.36267,53.38498,3.986,1.44153
5/7/2020,18:00:00,0.115999,11.6,263.3,9.5,14.4,1.82811,6.10539,8.90845,53.08562,5.495,1.37601
5/7/2020,19:00:00,0.121657,8.4,270.2,7.1,13.5,1.99738,5.22433,8.28693,50.09207,4.481,1.44153
5/7/2020,20:00:00,0.135803,9.2,266.7,5.7,12.5,1.38801,5.32999,7.45824,48.74497,4.811,0.72076
5/7/2020,21:00:00,0.130145,10.05,266.3,6,11.8,1.25259,6.57349,8.4941,48.19616,5,1.44153
5/7/2020,22:00:00,0.164095,8.8,271.5,5.9,11.4,1.86196,11.18102,14.03599,45.40218,4.788,1.44153
5/7/2020,23:00:00,0.169753,6.675,284.9,5.6,11.1,1.96352,13.66675,16.67744,42.30884,3.656,1.04838
5/7/2020,24:00:00,0.127315,4.75,292.8,4.6,10.6,0.8802,10.61463,11.96425,44.35443,2.571,1.37601
6/7/2020,1:00:00,0.099143,4.925,287.3,5.2,10.5,0.85789,6.41747,7.73289,46.30024,2.335,1.04789
6/7/2020,2:00:00,0.110473,7.125,285.5,5.5,10.1,0.72243,10.07735,11.18507,46.89895,2.925,0.87324
6/7/2020,3:00:00,0.130302,6.1,283.7,5.5,10.1,0.64342,10.50921,11.49576,48.09637,2.901,0.52395
6/7/2020,4:00:00,0.121804,7.175,283,5.6,10,0.67728,9.31806,10.35654,49.54325,3.231,1.04789
6/7/2020,5:00:00,0.104808,7.275,282.4,6.1,10.5,9.85444,26.41981,41.52974,33.87701,3.514,0.85141
6/7/2020,6:00:00,0.099143,6.35,286.5,6.4,11.8,2.33662,14.12692,17.70969,46.69938,3.137,0.65493
6/7/2020,7:00:00,0.158628,5.05,298.8,6.4,11.8,5.14734,15.61688,23.50936,42.10927,2.406,0.78592
6/7/2020,8:00:00,0.101976,6.425,306.3,6.7,13.2,5.48598,14.21734,22.62905,42.95744,3.184,0.72043
6/7/2020,9:00:00,0.101976,8.1,309,6.9,15.3,5.14734,11.6814,19.57387,45.45207,3.75,0.85141
6/7/2020,10:00:00,0.079315,6.275,312.8,6.5,16.8,4.74097,9.50822,16.7776,47.84691,3.09,0.78592
6/7/2020,11:00:00,0.096311,5.8,316,6.4,17.9,5.31666,11.36999,19.52209,46.05078,2.618,1.04789
6/7/2020,12:00:00,0.087812,4.35,310.3,6.3,18.3,5.28279,13.70036,21.80052,46.30024,1.675,0.91691
6/7/2020,13:00:00,0.08498,4.4,308.4,6.2,18.6,5.6553,12.92206,21.59339,48.44562,1.769,0.72043
6/7/2020,14:00:00,0.110473,6.025,304.1,6.3,18.6,5.38438,12.45715,20.71309,51.28949,2.382,0.91691
6/7/2020,15:00:00,0.093477,8.9,297.6,6.1,18.3,5.68916,11.21309,19.93635,53.83401,3.75,0.91691
6/7/2020,16:00:00,0.101976,12.675,290.3,6,17.6,5.45211,11.26586,19.62565,57.17681,4.481,0.72043
6/7/2020,17:00:00,0.079315,10.45,291.7,6.2,16.8,4.57165,11.01063,18.02039,57.52605,4.34,0.72043
6/7/2020,18:00:00,0.150131,10.9,293.2,5.8,15.5,4.06369,11.63414,17.86504,57.57595,4.363,0.58944
6/7/2020,19:00:00,0.07365,6.45,289.8,4.5,14.3,2.74299,12.00214,16.20799,57.62584,3.042,0.91691
6/7/2020,20:00:00,0.147298,6.325,287.6,3.7,12.5,2.5398,12.05477,15.94908,51.28949,2.901,1.11339
6/7/2020,21:00:00,0.121804,7.175,287.7,3.8,11.3,1.59161,12.47299,14.91342,49.59315,3.042,0.78592
6/7/2020,22:00:00,0.195453,7.825,292,3.6,10.6,2.33662,15.00723,18.59,45.35228,3.373,0.85141
6/7/2020,23:00:00,0.107641,6.175,287.1,3.6,10.1,1.18524,11.49081,13.30816,47.39788,3.113,0.58944
6/7/2020,24:00:00,0.107641,7.175,285.3,3.5,9.7,1.08365,9.88598,11.54755,45.85121,3.278,0.65493
7/7/2020,1:00:00,0.053886,7.1,260.6,2.7,9,0.54199,7.10736,7.93839,46.7659,3.137,1.22197
7/7/2020,2:00:00,0.059558,6.4,264.5,2.3,8.3,0.40649,6.48676,7.11004,44.10497,3.467,0.78555
7/7/2020,3:00:00,0.062394,7.375,264,2.4,7.6,0.50811,8.38457,9.16367,39.56475,3.821,0.78555
7/7/2020,4:00:00,0.068066,8.05,273.8,2.7,7.8,0.54199,8.74681,9.57784,39.16561,4.528,0.85101
7/7/2020,5:00:00,0.068066,8.825,278.4,2.3,8,1.35497,15.16253,17.24012,32.97894,4.41,0.65463
7/7/2020,6:00:00,0.056722,8.7,276.9,2.2,8.4,2.70994,15.0005,19.15569,36.77077,3.821,1.0474
7/7/2020,7:00:00,0.204198,11.325,271.4,2,9.2,7.18135,19.89672,30.90796,35.47357,4.151,1.11287
7/7/2020,8:00:00,0.323313,11.425,265.1,1.9,10.8,8.80731,18.64614,32.15049,37.07013,4.104,0.98194
7/7/2020,9:00:00,0.331821,11.675,270.2,2.6,12.3,7.65559,19.32488,31.06328,36.52131,4.693,0.72009
7/7/2020,10:00:00,0.119115,9.975,271.9,3,13.4,5.62313,15.65912,24.28113,39.86411,4.458,0.72009
7/7/2020,11:00:00,0.255247,10.775,254.6,3.2,14.2,11.585,23.70606,41.46948,33.52776,4.34,1.24379
7/7/2020,12:00:00,0.090755,6.275,258.6,3.2,14.4,6.43611,17.26003,27.1286,44.75357,2.807,1.11287
7/7/2020,13:00:00,0.269428,7.65,254.6,3,13.3,8.19757,23.92992,36.49936,37.81852,3.137,1.24379
7/7/2020,14:00:00,0.306298,7.4,258.4,3.4,13.2,8.33307,28.17456,40.95176,32.28045,3.561,1.11287
7/7/2020,15:00:00,0.192853,7.6,248,2.8,13,8.09595,26.98498,39.39859,30.48432,4.481,0.65463
7/7/2020,16:00:00,0.416905,9.525,232.2,2,12.8,11.68662,28.00264,45.92188,31.2826,3.986,0.91648
7/7/2020,17:00:00,0.153148,4.575,217.4,1.7,12.1,7.28297,24.24508,35.41214,36.37163,2.311,1.0474
7/7/2020,18:00:00,0.110607,2.725,178.6,1.9,11.5,3.52292,16.39433,21.79607,43.35658,1.698,0.72009
7/7/2020,19:00:00,0.119115,4.225,136.3,2.1,11.2,3.96329,21.51759,27.59455,36.5712,2.972,1.0474
7/7/2020,20:00:00,0.243903,4.425,106.7,2.2,11.2,4.67465,26.17356,33.34126,30.48432,2.665,1.11287
7/7/2020,21:00:00,0.119115,5.975,114.8,2.2,11.3,2.60832,27.99581,31.99518,24.29765,3.208,0.65463
7/7/2020,22:00:00,0.116279,6.825,105.7,2.2,11.3,1.99858,28.9825,32.04695,20.15657,3.609,0.85101
7/7/2020,23:00:00,0.119115,5.55,104.2,1.8,11.3,1.1856,26.13906,27.95695,24.44733,3.939,0.85101
7/7/2020,24:00:00,0.113443,4.05,80.5,2,11.3,1.35497,19.6667,21.7443,28.6383,2.972,0.78555
8/7/2020,1:00:00,0.098437,4.925,64.1,1.6,11,0.67769,12.55692,13.59603,31.99772,3.726,0.6107
8/7/2020,2:00:00,0.098437,6.35,59.8,1.9,10.7,0.76805,14.35081,15.52847,29.46984,4.788,0.87243
8/7/2020,3:00:00,0.093704,5.225,30.1,2.2,10.4,0.4405,6.93353,7.60895,37.56905,3.703,1.11234
8/7/2020,4:00:00,0.090865,3.975,27.5,2.7,10.2,0.33885,4.91541,5.43496,45.05293,2.783,0.91605
8/7/2020,5:00:00,0.099383,5.225,38,2.6,10,0.60992,8.43364,9.36884,41.95959,3.679,0.85062
8/7/2020,6:00:00,0.11642,8,47.2,2.8,9.8,3.55787,20.11488,25.57021,27.64045,5.943,1.04691
8/7/2020,7:00:00,0.11642,13.05,41.2,2.1,9.5,7.35294,18.90264,30.17698,19.70754,10.377,0.65432
8/7/2020,8:00:00,0.110741,12.675,57.3,1.9,10.1,6.43806,15.80218,25.67373,24.69679,9.693,0.98148
8/7/2020,9:00:00,0.090865,8.5,72,2,11.2,5.72648,15.23688,24.01736,34.37593,5.731,0.91605
8/7/2020,10:00:00,0.090865,7.95,93.3,2.8,15.2,3.65953,10.33136,15.94256,41.11142,4.953,1.37407
8/7/2020,11:00:00,0.056791,5.825,108.3,2.6,14.5,1.86365,7.18419,10.04174,53.68433,3.325,0.98148
8/7/2020,12:00:00,0.056791,7.325,123.6,2.2,14.9,2.07825,8.26995,11.45656,56.07917,3.585,1.13416
8/7/2020,13:00:00,0.1722176,10.475,133.9,2.3,14.6,6.400916,19.864024,29.678622,52.476932,4.599,0.91545
8/7/2020,14:00:00,0.2210066,17.925,143.8,2.1,14.5,2.98462,27.10483,31.681182,54.825206,10.9386,1.350496
8/7/2020,15:00:00,0.1777022,11.795,126.9,2.5,14.8,15.802184,33.32008,57.549754,33.797182,5.259,1.365622
8/7/2020,16:00:00,0.093704,10.425,122.4,2.9,14.1,3.21903,17.47698,22.41275,53.15214,5.755,0.85062
8/7/2020,17:00:00,0.130617,13.225,119.1,2.7,13.4,3.96449,25.7028,31.78159,45.20261,7.099,2.09382
8/7/2020,18:00:00,0.110741,9.45,121.5,2.9,12.9,1.5248,16.76201,19.10001,55.8796,6.179,2.09382
8/7/2020,19:00:00,0.119259,9.275,119,3.4,12.4,1.5248,14.27746,16.61546,55.68003,6.274,1.70123
8/7/2020,20:00:00,0.105062,9.225,123.2,3.3,11.8,1.05042,13.65904,15.26966,52.08777,6.627,1.04691
8/7/2020,21:00:00,0.136296,9.25,115.6,3.4,11.6,1.99919,22.76364,25.82901,39.46497,6.958,1.24321
8/7/2020,22:00:00,0.113581,6.875,110.5,3.9,11.6,1.28761,14.95172,16.92603,39.66454,5.118,0.65432
8/7/2020,23:00:00,0.107902,4.05,105.3,4.1,11.4,1.49092,14.79527,17.08131,42.45852,3.113,0.65432
8/7/2020,24:00:00,0.093704,2.05,92.8,4,11.3,0.81323,9.31242,10.55936,45.35228,1.344,0.78518
9/7/2020,1:00:00,0.065309,1.8,94.7,4.4,11.2,0.49714,4.21005,4.97232,50.09207,1.203,0.78518
9/7/2020,2:00:00,0.056791,1.425,81.7,4.8,11.1,0.36156,3.03674,3.59112,50.29164,0.778,0.6107
9/7/2020,3:00:00,0.056791,1,81.8,4.7,11,0.30506,2.17379,2.64155,51.28949,0.472,0.39259
9/7/2020,4:00:00,0.05963,0.9,78.6,4.7,11.1,0.44065,2.74283,3.41847,52.28734,0.401,0.65432
9/7/2020,5:00:00,0.06247,0.9,73.8,4.3,10.9,0.54233,3.7264,4.55796,53.13551,0.472,0.52346
9/7/2020,6:00:00,0.076667,0.775,69.9,4.2,10.8,1.83037,6.98273,9.78926,49.29379,0.448,0.85062
9/7/2020,7:00:00,0.090865,1.1,70.9,4,10.8,3.66074,13.34391,18.95698,42.6082,0.542,0.91605
9/7/2020,8:00:00,0.082346,1.5,62.3,3.4,10.7,3.05062,9.09992,13.77747,47.49766,0.778,1.04691
9/7/2020,9:00:00,0.085186,2.05,60.5,3.6,10.8,3.38958,10.6002,15.79748,44.05508,0.896,0.65432
9/7/2020,10:00:00,0.088025,2.7,64.6,3.6,11.1,3.72854,10.13227,15.84928,44.554,1.203,1.17778
9/7/2020,11:00:00,0.090865,2.9,59.7,3.5,11.5,3.96581,10.44179,16.52261,43.80562,1.627,0.71975
9/7/2020,12:00:00,0.085186,2.65,55.8,3.8,12.2,5.15216,12.45558,20.35544,44.15486,1.368,0.98148
9/7/2020,13:00:00,0.090865,3.4,53,3.4,13.2,3.93191,10.02761,16.05646,50.69078,1.816,0.65432
9/7/2020,14:00:00,0.082346,4.4,52.5,3.3,14.3,3.96581,13.96385,20.04467,48.19616,2.288,0.85062
9/7/2020,15:00:00,0.107902,4.3,61.6,3,14.5,4.54204,12.2516,19.21595,46.5996,2.241,0.78518
9/7/2020,16:00:00,0.122099,3.625,63,1.8,14.1,4.50814,17.06871,23.98109,43.95529,2.241,0.58889
9/7/2020,17:00:00,0.144815,3.825,56.6,2.8,14.5,4.57593,17.22374,24.24007,40.66239,2.382,0.65432
9/7/2020,18:00:00,0.110741,3.1,67,2.7,14.1,2.74556,14.48821,18.698,43.20691,1.981,0.98148
9/7/2020,19:00:00,0.102223,3.625,73.6,2.1,14.1,2.30491,13.14385,16.678,44.80347,2.123,0.91605
9/7/2020,20:00:00,0.144815,4.05,85.6,1,12.2,3.32179,19.82007,24.9134,33.17851,2.618,0.78518
9/7/2020,21:00:00,0.133457,3.975,56.1,0.3,10,2.03375,17.59964,20.71801,34.6254,2.783,0.85062
9/7/2020,22:00:00,0.110741,4.525,56.3,0.1,8.5,1.45752,14.18419,16.41902,37.31959,2.759,0.78518
9/7/2020,23:00:00,0.113581,5.4,27.2,0,7.4,1.35583,13.82216,15.90107,36.5712,3.373,0.98148
9/7/2020,24:00:00,0.090865,5.5,343.7,1.5,7.7,0.94908,11.75249,13.20773,36.82067,3.609,1.17778
10/7/2020,1:00:00,0.127778,5.675,245.9,1.5,8.3,0.85898,10.56892,11.886,35.65651,3.703,1.74485
10/7/2020,2:00:00,0.124938,5.85,262.1,1.3,9.3,0.85898,13.40221,14.71929,35.65651,4.269,1.74485
10/7/2020,3:00:00,0.136296,8.575,310.1,1.3,9.7,0.81377,13.36787,14.61563,29.63615,6.179,1.6358
10/7/2020,4:00:00,0.139136,6.575,335.3,2.2,9.9,0.9494,13.41905,14.87478,27.24131,5.189,1.70123
10/7/2020,5:00:00,0.144815,6.575,309.6,2.5,9.8,2.3735,14.24152,17.88083,23.00044,4.575,1.57037
10/7/2020,6:00:00,0.130617,5.35,303.6,3.6,9.4,4.20448,14.38828,20.83505,25.64475,2.618,1.57037
10/7/2020,7:00:00,0.136296,4.175,310.2,3.4,11.4,9.29054,21.2054,35.45069,24.54711,1.745,2.29012
10/7/2020,8:00:00,0.107902,5.45,314.2,4.5,12.5,8.37505,18.51468,31.35624,27.9398,1.91,1.4395
10/7/2020,9:00:00,0.085186,7.05,323.7,4.7,13.6,6.81532,13.49475,23.94476,36.77077,2.241,1.6358
10/7/2020,10:00:00,0.090865,6.1,324.9,4.8,15.2,6.2389,13.29018,22.85636,42.75787,1.84,1.17778
10/7/2020,11:00:00,0.079507,5.5,326.6,5.6,15.9,6.7136,13.8062,24.10025,43.15701,1.887,1.70123
10/7/2020,12:00:00,0.068149,4.35,327.6,5.2,16.6,5.11997,9.71935,17.56986,47.2482,1.627,2.02839
10/7/2020,13:00:00,0.070988,5.25,334.7,5.2,17.4,4.50964,10.60334,17.51803,52.78627,1.769,1.70123
10/7/2020,14:00:00,0.090865,4.975,322.4,5.2,17.5,5.49295,15.57419,23.99659,51.48906,1.792,1.37407
10/7/2020,15:00:00,0.156173,4.575,317.3,5.5,18.2,7.56128,18.10393,29.69772,45.95099,1.934,1.57037
10/7/2020,16:00:00,0.124938,2.45,310.4,6,17.8,5.22169,13.76149,21.76796,50.99014,1.203,1.24321
10/7/2020,17:00:00,0.170371,3.025,309.4,6.4,16.6,5.69639,20.23778,28.97212,42.6082,1.486,1.50494
10/7/2020,18:00:00,0.173211,3.35,301.2,5.5,15.4,4.8148,22.36696,29.74955,38.96604,2.123,1.57037
10/7/2020,19:00:00,0.144815,3.5,297.6,4.7,14.3,5.22169,17.49314,25.49962,38.76647,1.722,1.37407
10/7/2020,20:00:00,0.11642,5.075,294.2,4.5,12.6,3.62806,12.42154,17.98448,35.02454,2.17,1.89753
10/7/2020,21:00:00,0.11642,5.5,293.8,4.7,11.8,4.54355,12.36535,19.33203,32.18066,2.311,1.50494
10/7/2020,22:00:00,0.141975,6.625,293.2,4.4,11.5,4.47573,14.9571,21.81979,30.08518,2.783,2.02839
10/7/2020,23:00:00,0.17889,7.45,294.3,4,10.8,4.7809,18.01352,25.34413,22.25206,3.208,1.37407
10/7/2020,24:00:00,0.099383,6.775,293.3,3.2,10.1,2.30568,8.79985,12.33518,33.77722,2.854,1.57037
11/7/2020,1:00:00,0.136296,7.3,290.1,2.9,8.6,1.40196,9.53659,11.68623,33.52776,2.877,0.69794
11/7/2020,2:00:00,0.124938,6.7,300.5,3.6,8.5,1.17584,5.73435,7.53727,35.72303,2.783,0.87243
11/7/2020,3:00:00,0.122099,7.2,305.8,3.4,8.1,1.01755,5.54487,7.10509,36.52131,2.854,0.65432
11/7/2020,4:00:00,0.119259,6.525,294.8,2.9,7.4,1.35673,6.16576,8.24605,34.42583,2.83,0.65432
11/7/2020,5:00:00,0.124938,6.4,300,3.3,7.9,1.18714,5.44041,7.26067,35.62325,2.83,1.11234
11/7/2020,6:00:00,0.127778,6.075,312.3,3.9,9.9,2.0351,6.47402,9.59446,35.32389,2.877,0.98148
11/7/2020,7:00:00,0.107902,7.275,313.1,4.2,11.1,3.90061,8.02187,14.00273,36.82067,2.854,0.78518
11/7/2020,8:00:00,0.065309,5.875,320.1,4.6,13.1,4.81641,7.8105,15.19555,45.35228,2.524,0.91605
11/7/2020,9:00:00,0.076667,5.4,319.6,4.5,14.6,4.10412,7.3468,13.6397,48.24605,2.406,1.17778
11/7/2020,10:00:00,0.06247,4.55,315.7,4.6,15.8,3.66318,6.83007,12.44687,50.89035,1.981,0.78518
11/7/2020,11:00:00,0.073828,3.05,314.7,4.9,16.9,3.86669,8.22947,14.15831,51.63874,1.297,0.91605
11/7/2020,12:00:00,0.053951,3,315.3,5,17.8,3.62926,7.81559,13.38039,54.43272,1.226,0.65432
11/7/2020,13:00:00,0.073828,3.7,311.6,5,18.2,3.86669,7.5034,13.43225,52.48691,1.887,0.45802
11/7/2020,14:00:00,0.082346,4.075,307.7,4.9,18.4,4.57898,9.73041,16.75141,54.28304,1.887,0.98148
11/7/2020,15:00:00,0.082346,3.375,307.7,4.7,18.4,3.96845,9.26627,15.35114,56.37853,1.722,0.71975
11/7/2020,16:00:00,0.105062,3.35,306,4.9,17.9,4.986,11.59569,19.24079,54.38283,1.462,0.65432
11/7/2020,17:00:00,0.113581,2.9,307.5,5,17,5.01992,11.803,19.5001,54.48261,1.462,1.11234
11/7/2020,18:00:00,0.107902,3.625,301.9,4.4,15.8,3.62926,12.37944,17.94424,52.43702,1.698,0.98148
11/7/2020,19:00:00,0.124938,3.375,299.7,3.8,14.4,3.39184,10.66902,15.86976,53.08562,1.745,0.91605
11/7/2020,20:00:00,0.136296,3.575,294.4,2.6,12.6,2.20469,10.82969,14.21018,52.63659,1.745,1.17778
11/7/2020,21:00:00,0.150494,4.3,297,2.6,11.1,2.91698,16.11656,20.5892,45.70153,2.429,1.24321
11/7/2020,22:00:00,0.167531,6.2,293.5,2.7,10.2,3.12049,18.65692,23.4416,37.41938,3.679,0.85062
11/7/2020,23:00:00,0.17605,7,292.5,2.7,9.5,2.74739,16.68777,20.90037,36.02239,4.41,1.04691
11/7/2020,24:00:00,0.159012,7.2,293.9,2.6,8.8,2.50996,16.89623,20.74478,32.33034,4.292,1.11234
12/7/2020,1:00:00,0.144815,6.1,279,1.9,7.2,2.21674,13.55356,16.95251,32.72948,3.703,0.69794
12/7/2020,2:00:00,0.136296,4.65,277.7,2.2,6.5,1.58338,13.97113,16.39896,31.86468,3.019,0.87243
12/7/2020,3:00:00,0.141975,5.025,291,2.3,6.2,1.52683,12.70856,15.04967,31.23271,3.066,0.45802
12/7/2020,4:00:00,0.133457,6.375,297.3,2.3,6.4,1.15361,10.06332,11.83216,31.73163,3.561,0.45802
12/7/2020,5:00:00,0.141975,6.275,292.1,2.2,7,1.52683,10.99601,13.33713,28.68819,3.703,0.45802
12/7/2020,6:00:00,0.144815,6.05,297.2,2,7.5,2.7483,10.73188,14.94588,28.83787,3.962,0.85062
12/7/2020,7:00:00,0.181729,6.175,289.3,2,7.8,4.85194,12.07314,19.51268,33.12862,3.939,0.58889
12/7/2020,8:00:00,0.070988,4,292.4,1.6,10.7,2.85009,7.04692,11.41699,54.68218,2.264,0.71975
12/7/2020,9:00:00,0.124938,3.4,289.3,1.9,14.9,3.18939,9.01765,13.90797,62.91444,1.792,0.65432
12/7/2020,10:00:00,0.139136,7.275,256.4,1.8,16.4,3.69833,9.74225,15.41294,57.57595,2.288,0.45802
12/7/2020,11:00:00,0.070988,3.125,232.7,2.1,17.4,6.07341,10.56352,19.87595,61.11831,1.887,0.71975
12/7/2020,12:00:00,0.085186,3.825,228.5,2.3,18.1,3.25725,7.97948,12.97386,63.96219,2.028,0.45802
12/7/2020,13:00:00,0.076667,4.125,224.5,2.5,18.7,4.10549,10.8305,17.12549,65.30928,2.241,0.58889
12/7/2020,14:00:00,0.073828,3.575,231.3,2.5,19.6,3.49475,9.69113,15.04967,73.54155,2.241,0.65432
12/7/2020,15:00:00,0.102223,4.225,235.5,2.5,20.1,4.51264,13.11235,20.03163,75.68692,2.594,0.39259
12/7/2020,16:00:00,0.099383,5.225,245.9,2.6,20.2,3.80012,13.68591,19.51268,80.77596,2.783,0.78518
12/7/2020,17:00:00,0.113581,5.15,255.6,3,19.8,3.18939,12.07948,16.9698,85.01682,2.995,0.85062
12/7/2020,18:00:00,0.096544,5.325,259.3,3,18.9,2.7483,11.71789,15.9319,84.76736,3.302,0.32716
12/7/2020,19:00:00,0.070988,4.925,257.3,2.2,17,2.51079,12.03017,15.88,81.57424,3.09,0.78518
12/7/2020,20:00:00,0.096544,6.375,261.3,2.4,14.7,2.10364,14.93787,18.1634,74.28993,3.868,1.37407
12/7/2020,21:00:00,0.136296,6.325,284,2.2,12.9,1.8322,16.54766,19.35699,56.77767,3.915,0.52346
12/7/2020,22:00:00,0.133457,6.4,261.1,1.7,11.5,1.39112,15.51143,17.64445,49.99229,3.939,0.45802
12/7/2020,23:00:00,0.156173,7.05,237.7,2.3,10.6,1.15361,18.57417,20.34301,41.80992,4.646,0.98148
12/7/2020,24:00:00,0.144815,8.625,222.2,2.3,10,0.81431,15.72121,16.9698,42.6082,5.708,1.04691
13/07/2020,1:00:00,0.102223,8.35,245.9,1.9,12,0.85984,16.8221,18.1405,37.0535,5.967,0.52346
13/07/2020,2:00:00,0.085186,7.6,208.2,1.6,12,0.85984,15.09113,16.40953,35.72303,4.906,0.87243
13/07/2020,3:00:00,0.088025,6.45,228.5,2.2,12.2,0.7467,12.87588,14.0208,37.86841,4.151,0.91605
13/07/2020,4:00:00,0.065309,4.725,232.2,2.3,12.1,0.78064,10.9544,12.15136,43.35658,2.901,0.91605
13/07/2020,5:00:00,0.065309,6.575,224.1,2.4,12,1.28976,14.74351,16.7211,38.16776,3.042,0.78518
13/07/2020,6:00:00,0.070988,6.425,235,2.2,12.1,3.08863,23.20192,27.93775,32.72948,2.665,1.24321
13/07/2020,7:00:00,0.082346,6.125,219.9,1.9,12.5,9.13011,37.51416,51.51347,21.85292,2.807,1.04691
13/07/2020,8:00:00,0.190248,8.825,250.7,3.2,13.5,17.75111,39.14714,66.36513,17.21291,3.561,0.91605
13/07/2020,9:00:00,0.187408,8.025,251.3,3.3,14,11.57386,26.28937,44.0357,25.74453,3.443,0.78518
13/07/2020,10:00:00,0.204445,8.725,261.3,3.3,14.9,9.63922,19.59699,34.37693,33.87701,3.042,0.65432
13/07/2020,11:00:00,0.17605,8.5,264.7,5,17,8.38341,15.23915,28.09353,28.5884,2.476,0.58889
13/07/2020,12:00:00,0.136296,11.925,260.2,4.6,16.4,6.44878,12.12987,22.01785,18.75958,2.689,0.45802
13/07/2020,13:00:00,0.159012,8.4,254.3,3.8,16.5,6.14331,14.25997,23.67958,17.01334,2.359,0.45802
13/07/2020,14:00:00,0.156173,5.925,270.8,3.6,16.9,7.56883,13.00892,24.6143,19.65765,2.193,0.45802
13/07/2020,15:00:00,0.144815,12.125,271.2,4.4,16.9,5.49843,14.93719,23.368,20.45593,3.184,0.45802
13/07/2020,16:00:00,0.170371,18.275,285.6,4.3,18,6.44878,16.90732,26.79531,30.68389,4.505,0.65432
13/07/2020,17:00:00,0.11642,8.2,286.9,4.6,18.4,4.78567,14.67993,22.01785,41.41078,2.901,0.65432
13/07/2020,18:00:00,0.102223,7.825,295.7,4.2,17,3.66562,13.12579,18.74633,48.49551,2.854,0.98148
13/07/2020,19:00:00,0.068149,4.075,304.8,3,15.5,2.88498,9.12987,13.55344,55.28089,2.335,0.78518
13/07/2020,20:00:00,0.133457,4.4,246.9,1.9,13.5,2.17222,13.5462,16.87689,42.65809,2.524,0.98148
13/07/2020,21:00:00,0.096544,4.05,234.4,2.3,12.2,1.76493,12.97634,15.68253,39.16561,2.359,0.91605
13/07/2020,22:00:00,0.173211,4.275,282,2.6,11.8,1.96857,12.81988,15.83831,37.9183,2.359,0.98148
13/07/2020,23:00:00,0.093704,4.95,307.3,2.7,12.1,1.08611,11.05723,12.72258,37.07013,2.712,0.45802
13/07/2020,24:00:00,0.102223,4.825,314,2.9,11.5,1.28976,9.91412,11.89172,34.82497,3.09,0.58889
14/07/2020,1:00:00,0.143868,4.625,278.7,2.4,9.8,0.81485,7.89595,9.14538,33.79385,3.113,0.87243
14/07/2020,2:00:00,0.124938,3.8,293.4,3,10.4,0.63377,5.81797,6.78975,39.84748,2.382,1.04691
14/07/2020,3:00:00,0.11642,3.2,308.8,3.2,9.9,0.50928,4.25946,5.04035,42.80777,1.84,0.78518
14/07/2020,4:00:00,0.096544,3.025,302.3,3.2,9.4,0.57719,5.09066,5.97567,43.85551,1.604,0.91605
14/07/2020,5:00:00,0.099383,3.325,294.5,3.4,9,1.15438,8.20676,9.97677,41.71013,1.509,1.04691
14/07/2020,6:00:00,0.096544,3.4,298.5,3.7,9.3,3.19151,9.60392,14.4975,39.46497,1.462,0.65432
14/07/2020,7:00:00,0.105062,3.575,305.3,3.8,9.8,5.87373,13.49344,22.4997,38.5669,1.486,0.85062
14/07/2020,8:00:00,0.070988,4.35,307.7,4.5,12.4,4.58355,11.00293,18.03094,48.74497,1.533,0.78518
14/07/2020,9:00:00,0.090865,4.85,309.3,4.5,13.1,4.21008,10.22456,16.67992,48.5454,1.486,0.71975
14/07/2020,10:00:00,0.073828,3.925,310.5,4.5,13.5,3.56498,8.7195,14.18573,54.93164,1.321,1.11234
14/07/2020,11:00:00,0.133457,5.65,313,4.7,14.2,5.12679,12.66417,20.52513,51.48906,1.863,0.91605
14/07/2020,12:00:00,0.113581,5.225,316.5,4.7,15.2,4.99098,9.65075,17.30347,54.13336,1.769,0.78518
14/07/2020,13:00:00,0.139136,6.25,317.7,4.7,16.2,6.0435,12.81744,22.08401,49.64304,2.5,0.65432
14/07/2020,14:00:00,0.110741,6.425,315.5,4.6,17.2,5.73792,13.64971,22.44774,48.19616,2.547,0.58889
14/07/2020,15:00:00,0.139136,9.425,306.3,4.1,15.6,6.00954,15.67547,24.88997,46.30024,3.066,1.04691
14/07/2020,16:00:00,0.124938,8.1,304.8,4.5,16.2,5.05888,12.19671,19.95355,46.20046,3.019,0.71975
14/07/2020,17:00:00,0.130617,8.9,299.1,4.4,15.6,4.44774,13.08181,19.90159,48.89465,2.901,0.85062
14/07/2020,18:00:00,0.141975,11.025,295,4.1,14.6,4.04031,14.07026,20.26532,47.8968,3.208,0.78518
14/07/2020,19:00:00,0.139136,5.275,296.7,3.5,13.6,3.42917,15.05929,20.31729,46.10067,2.948,0.91605
14/07/2020,20:00:00,0.147654,6.3,290,3.2,12.2,2.3427,13.71137,17.30347,43.60605,3.656,1.30864
14/07/2020,21:00:00,0.147654,5.125,277.9,3.2,11.3,1.69761,11.84257,14.44554,41.80992,3.302,0.45802
14/07/2020,22:00:00,0.144815,5.2,282.2,3.2,10.9,1.39204,13.03858,15.17301,40.71228,3.396,0.85062
14/07/2020,23:00:00,0.139136,3.975,285.8,2.9,11.5,0.81485,11.32547,12.57489,40.46282,2.453,0.85062
14/07/2020,24:00:00,0.139136,4.05,280.3,2.3,11.8,0.67904,10.39053,11.43172,37.07013,2.877,0.91605
15/07/2020,1:00:00,0.070988,2.5,226.7,1.7,10.5,0.67927,8.31772,9.35925,40.24662,1.84,0.34897
15/07/2020,2:00:00,0.053951,2.2,222.6,1.9,10.4,0.72456,7.20837,8.31933,43.24017,1.58,0.52346
15/07/2020,3:00:00,0.051111,2.675,231.2,1.7,11.2,0.57738,5.71817,6.60347,46.79917,2.028,0.91605
15/07/2020,4:00:00,0.056791,3.025,239,2,11.5,0.57738,5.97815,6.86345,47.2482,2.005,1.04691
15/07/2020,5:00:00,0.05963,3.625,245.8,2,11.7,1.08683,10.81255,12.479,41.31099,2.359,0.91605
15/07/2020,6:00:00,0.06247,3.65,243.8,2.1,11.9,2.37745,19.2328,22.87817,32.48002,1.722,0.65432
15/07/2020,7:00:00,0.136296,4.85,244.6,2.2,12,8.11728,26.91453,39.36085,23.89851,2.052,0.65432
15/07/2020,8:00:00,0.218643,8.375,251.7,2.2,12.4,10.18905,25.45372,41.07671,22.95055,2.783,0.85062
15/07/2020,9:00:00,0.278272,8.3,265.1,2.5,12.9,9.306,19.47629,33.7453,29.18711,2.547,1.11234
15/07/2020,10:00:00,0.105062,6.15,268.3,2.5,13.3,8.21917,17.08707,29.68962,33.02884,1.509,0.71975
15/07/2020,11:00:00,0.102223,5.25,274.6,3.1,13.8,6.4191,16.67539,26.51788,37.31959,1.698,0.78518
15/07/2020,12:00:00,0.102223,7.675,272.4,3.3,14.3,6.31721,16.41565,26.10191,42.50841,2.571,0.78518
15/07/2020,13:00:00,0.153333,4.675,281,4,14.5,7.23423,17.55738,28.6497,37.86841,1.675,0.78518
15/07/2020,14:00:00,0.204445,8.325,294.2,3.9,14.5,8.2871,17.97084,30.67754,31.98109,2.618,1.30864
15/07/2020,15:00:00,0.110741,6.975,300.4,3.6,14.5,6.58892,17.19494,27.29781,32.08088,2.359,0.78518
15/07/2020,16:00:00,0.124938,6.475,299.1,3.2,14.4,6.82667,15.32253,25.78993,32.5798,2.547,0.85062
15/07/2020,17:00:00,0.122099,4.5,298.7,3.6,14.9,5.53605,15.63757,24.12607,32.82927,2.311,0.71975
15/07/2020,18:00:00,0.093704,3.225,299.7,3.7,14.6,4.17751,11.01318,17.4186,36.6211,1.816,1.11234
15/07/2020,19:00:00,0.090865,4.225,299.1,3.4,14.3,3.05672,12.36774,17.05463,36.37163,1.745,0.91605
15/07/2020,20:00:00,0.070988,3.25,304.7,3.6,14,2.44537,9.19744,12.94696,37.02024,1.604,0.71975
15/07/2020,21:00:00,0.068149,3.15,305.8,3.9,13.9,1.56232,6.80774,9.20326,37.96819,1.698,0.85062
15/07/2020,22:00:00,0.076667,2.55,312.3,4.1,13.9,1.46043,5.76806,8.00736,39.16561,1.392,0.78518
15/07/2020,23:00:00,0.06247,2.525,306.2,3.5,13.7,0.95098,4.62537,6.08351,40.66239,1.321,0.65432
15/07/2020,24:00:00,0.056791,2.475,300.9,3.4,13.7,0.81512,4.57369,5.82353,40.6125,1.274,0.39259
16/07/2020,1:00:00,0.096544,2.775,298.4,2.4,11.2,0.5436,3.39821,4.23172,41.51056,1.274,0.78518
16/07/2020,2:00:00,0.085186,2.45,303,3.4,11.2,0.4983,2.91269,3.67674,41.71013,1.038,0.69794
16/07/2020,3:00:00,0.082346,2.05,303.3,3.1,11.1,0.50962,2.39238,3.17379,42.85766,0.991,0.91605
16/07/2020,4:00:00,0.079507,1.625,302.9,3.5,11.8,0.50962,2.6005,3.3819,39.76432,0.731,0.65432
16/07/2020,5:00:00,0.088025,1.575,311.5,3.9,11.9,1.15514,4.31623,6.08743,38.26755,0.613,0.98148
16/07/2020,6:00:00,0.088025,1.65,309.7,4.2,13.1,3.12568,7.59033,12.38298,37.21981,0.66,0.91605
16/07/2020,7:00:00,0.105062,4.175,311.1,4.4,14.7,5.36802,10.91594,19.14678,33.67744,1.108,1.17778
16/07/2020,8:00:00,0.082346,4.9,317.2,4.7,16.3,6.82893,9.5604,20.03128,37.71873,1.226,0.78518
16/07/2020,9:00:00,0.056791,3.775,319.5,4.6,17.7,5.84366,9.6143,18.57446,23.10023,1.085,1.24321
16/07/2020,10:00:00,0.068149,3.225,313.5,4.4,17.6,4.99429,7.53475,15.19256,21.15442,1.038,0.91605
16/07/2020,11:00:00,0.107902,5.925,307.6,4.5,18.3,6.31931,10.54992,20.2394,45.10282,1.675,0.71975
16/07/2020,12:00:00,0.105062,6.325,303.8,5,19.3,6.01354,8.67745,17.89808,49.2439,2.17,0.85062
16/07/2020,13:00:00,0.119259,6.4,302.4,5.3,19.7,8.52767,8.15237,21.22796,41.80992,2.335,0.91605
16/07/2020,14:00:00,0.102223,6.175,299.3,5.3,20.3,7.71228,10.44321,22.26854,17.76173,2.901,0.91605
16/07/2020,15:00:00,0.11642,6.675,294.9,5.2,20.1,7.5424,12.10848,23.67333,19.20861,2.83,0.91605
16/07/2020,16:00:00,0.136296,5.425,292.5,5.1,19.7,6.72701,9.24842,19.56302,25.54496,2.193,0.98148
16/07/2020,17:00:00,0.124938,7.775,291.1,4.9,18.6,5.13019,10.29204,18.15823,33.02884,2.288,0.45802
16/07/2020,18:00:00,0.110741,5.15,293.7,4.3,16.9,4.28082,10.24163,16.80547,17.06324,2.264,0.58889
16/07/2020,19:00:00,0.088025,4.725,293.5,3.7,16.3,3.60133,10.86727,16.38923,27.79012,2.335,0.91605
16/07/2020,20:00:00,0.124938,7.575,284.8,3.4,15.8,2.85388,17.06018,21.43607,16.26496,3.373,0.65432
16/07/2020,21:00:00,0.130617,7.225,286,3.3,15.4,2.37824,15.44818,19.09475,26.04389,3.491,0.71975
16/07/2020,22:00:00,0.136296,8.025,280.5,2.8,15.2,1.80066,13.83637,16.59735,42.75787,3.915,0.85062
16/07/2020,23:00:00,0.150494,9.65,257.3,2.2,13.5,1.97054,16.90577,19.92722,35.07443,5.047,0.85062
16/07/2020,24:00:00,0.147654,8.825,247.4,2.6,12.6,1.66477,18.57129,21.1239,27.04174,4.575,0.45802
17/07/2020,1:00:00,0.136296,8.75,244.7,2.5,11.9,1.67665,15.61644,18.18726,24.54711,4.198,1.2214
17/07/2020,2:00:00,0.15144,8.5,251.9,2.6,12,2.26574,17.35102,20.82511,16.89693,4.104,1.39588
17/07/2020,3:00:00,0.136296,10,270.5,3,13,2.10714,15.30345,18.53435,16.6641,4.599,1.17778
17/07/2020,4:00:00,0.122099,10.375,264.5,2.9,13.4,2.31105,13.8454,17.38897,17.11313,4.67,0.98148
17/07/2020,5:00:00,0.122099,9.125,267.5,3.4,13.3,3.63651,16.55077,22.12668,15.16732,3.844,1.50494
17/07/2020,6:00:00,0.107902,10.725,265.3,3.4,13.2,4.45218,13.89441,20.72098,23.05034,3.986,1.24321
17/07/2020,7:00:00,0.079507,11.625,262.1,3.3,13.4,5.74365,11.86212,20.66892,27.44088,4.41,1.17778
17/07/2020,8:00:00,0.184569,15.3,255.1,3.5,14.2,8.73442,13.4718,26.86439,29.58625,4.481,1.37407
17/07/2020,9:00:00,0.122099,16.675,253.8,3.9,16.5,6.3554,9.62255,19.36735,27.39098,4.41,1.6358
17/07/2020,10:00:00,0.070988,12.375,259.1,4.3,18.3,5.43777,8.63466,16.97246,21.65335,3.75,1.4395
17/07/2020,11:00:00,0.105062,13.65,258.7,4.6,19.7,5.47176,8.63461,17.02453,21.75313,3.962,1.50494
17/07/2020,12:00:00,0.127778,12.225,257.3,4.8,20.7,6.72924,10.35089,20.66892,24.19786,3.703,1.37407
17/07/2020,13:00:00,0.110741,9.95,259.7,4.7,21.6,6.08351,11.23688,20.5648,19.25851,3.137,1.24321
17/07/2020,14:00:00,0.096544,10.175,269.4,4.2,21.1,4.99595,12.01937,19.67973,35.02454,3.491,1.24321
17/07/2020,15:00:00,0.110741,11.575,277,4,22.1,5.43777,11.28986,19.62766,22.90066,4.292,1.11234
17/07/2020,16:00:00,0.127778,11.75,304.1,3.9,18.3,5.1319,16.02801,23.89681,19.957,5.377,1.30864
17/07/2020,17:00:00,0.110741,11.975,275.2,3.4,18.1,4.18029,16.91444,23.32412,31.13292,5.472,0.98148
17/07/2020,18:00:00,0.093704,10.225,282.9,2.7,17.5,3.39861,14.20829,19.41941,44.95314,4.811,1.37407
17/07/2020,19:00:00,0.105062,10.525,289.6,2.6,16.7,2.65091,14.31348,18.37816,37.36948,5.33,1.11234
17/07/2020,20:00:00,0.147654,11.925,274,2.3,16.2,5.74365,22.17055,30.97735,15.26711,5.92,1.04691
17/07/2020,21:00:00,0.130617,10.25,252.2,2.2,16.2,5.1319,20.81779,28.68659,11.17592,5.047,1.37407
17/07/2020,22:00:00,0.133457,10.175,250.5,2.7,16.2,5.53973,18.63057,27.1247,15.41678,4.906,1.57037
17/07/2020,23:00:00,0.127778,9.825,237.8,2.2,15.8,3.70448,14.05166,19.73179,17.36259,5.377,1.70123
17/07/2020,24:00:00,0.124938,9.4,222.2,1.9,15.4,2.85483,10.6688,15.04614,17.81162,5.731,1.30864
18/07/2020,1:00:00,0.073828,9.2,231.6,2.6,16,1.85852,6.24978,9.09948,33.12862,5.755,1.91934
18/07/2020,2:00:00,0.068149,8.725,237.7,3.1,15.7,1.54121,5.97224,8.3354,31.99772,6.038,0.87243
18/07/2020,3:00:00,0.065309,9.1,238.5,3.2,15.4,1.59788,5.41649,7.86653,32.23056,5.094,1.50494
18/07/2020,4:00:00,0.065309,7.675,245,3.6,15.2,1.46189,4.84356,7.08509,30.73378,4.717,1.50494
18/07/2020,5:00:00,0.079507,9.025,243.6,3.9,14.9,1.90385,7.44795,10.36715,28.5884,5.495,1.4395
18/07/2020,6:00:00,0.082346,8.625,242.7,3.4,14.7,3.43373,11.45791,16.72289,29.43658,5.165,1.4395
18/07/2020,7:00:00,0.082346,8.475,251,3.3,15.2,4.82763,11.40449,18.80674,28.78797,4.67,1.24321
18/07/2020,8:00:00,0.076667,10.85,261.8,3.4,15.4,5.60957,11.66423,20.26544,21.15442,5.825,1.24321
18/07/2020,9:00:00,0.249877,7.625,261.9,3.2,15.4,8.09137,12.18283,24.58943,11.57506,4.929,0.91605
18/07/2020,10:00:00,0.153333,6.8,262.9,3,16,8.39735,13.79752,26.67328,11.52517,5.047,1.30864
18/07/2020,11:00:00,0.090865,4.75,269.8,3.7,16.4,7.30943,11.8189,23.02654,12.02409,2.948,0.98148
18/07/2020,12:00:00,0.079507,5.2,276.4,3.6,16.5,6.96946,11.76712,22.45348,16.41463,2.925,1.24321
18/07/2020,13:00:00,0.090865,3.45,272.6,3.7,17.1,7.64941,12.65211,24.38104,17.51227,2.359,0.91605
18/07/2020,14:00:00,0.096544,3.175,278.3,3.4,17.1,7.44542,13.06908,24.48523,13.87012,1.958,0.91605
18/07/2020,15:00:00,0.102223,2.275,286.6,3.4,16.6,6.52749,12.44479,22.45348,23.00044,1.274,1.37407
18/07/2020,16:00:00,0.085186,2.025,293,3.4,16.6,5.06561,10.98749,18.75465,37.12002,1.014,1.04691
18/07/2020,17:00:00,0.065309,2.3,293.6,3.7,16.9,3.9097,9.21732,15.2121,54.5325,1.061,1.17778
18/07/2020,18:00:00,0.053951,3.35,287.2,3.1,15.9,4.52165,10.77962,17.71272,40.11357,1.675,1.04691
18/07/2020,19:00:00,0.056791,3.8,292.7,3.2,15.6,2.88978,12.03148,16.46241,59.72132,2.17,1.30864
18/07/2020,20:00:00,0.06247,5.1,290.3,2.9,13.4,2.71979,10.67714,14.84743,55.72992,2.877,1.04691
18/07/2020,21:00:00,0.082346,7.4,289.5,3.2,12,2.85578,16.30341,20.68221,46.44992,4.693,1.37407
18/07/2020,22:00:00,0.085186,6.15,299.5,3.1,11.3,3.12776,12.65641,17.45224,47.99659,3.514,1.37407
18/07/2020,23:00:00,0.076667,5.325,310.4,2.8,10.7,2.75379,9.37471,13.59712,50.04218,3.042,0.85062
18/07/2020,24:00:00,0.065309,6.125,313.1,2.9,10.2,2.75379,9.58309,13.8055,50.34153,3.278,1.04691
19/07/2020,1:00:00,0.119259,7.075,304.1,2.2,9.3,3.40087,10.63284,15.84743,45.76805,3.797,1.30864
19/07/2020,2:00:00,0.119259,6.15,322.5,2.7,8.7,1.90449,9.52146,12.44162,41.51056,3.868,1.13416
19/07/2020,3:00:00,0.110741,6.15,322.1,2.8,8.3,1.53039,7.87086,10.21742,41.80992,3.656,1.37407
19/07/2020,4:00:00,0.119259,5.95,327.5,2.6,7.5,1.70043,6.93244,9.53974,37.61895,3.231,0.91605
19/07/2020,5:00:00,0.11642,6.1,322.3,2.6,7.5,1.93849,6.09826,9.07057,37.31959,3.325,0.91605
19/07/2020,6:00:00,0.110741,5.975,329.2,2.8,9.8,2.24457,5.31616,8.75779,36.67099,3.019,0.98148
19/07/2020,7:00:00,0.085186,6.7,332.1,3.1,11.6,3.09479,5.47215,10.21742,39.06583,3.325,1.24321
19/07/2020,8:00:00,0.053951,7.775,351.5,3.6,13.8,2.27858,3.75226,7.24603,40.21336,4.198,1.37407
19/07/2020,9:00:00,0.079507,8,357.7,3.5,15.3,2.24457,3.75227,7.1939,24.84647,4.222,0.98148
19/07/2020,10:00:00,0.051111,7.875,357.3,3.5,16.5,3.09479,5.15937,9.90464,40.26325,4.057,0.98148
19/07/2020,11:00:00,0.093704,7.3,347.3,3.2,17.6,3.57091,6.09748,11.5728,52.73637,3.797,0.78518
19/07/2020,12:00:00,0.090865,7.9,335.5,3.4,18.4,3.23082,5.62847,10.58233,55.82971,3.915,1.4395
19/07/2020,13:00:00,0.073828,7.25,324.2,3.8,18.7,4.11505,7.86963,14.17928,59.57165,3.703,0.91605
19/07/2020,14:00:00,0.079507,8.45,316.7,4.2,18.5,3.84298,6.82717,12.71965,59.97079,4.41,1.17778
19/07/2020,15:00:00,0.085186,8.85,317.5,4.8,18.2,4.25108,7.4004,13.91863,61.71702,4.552,0.91605
19/07/2020,16:00:00,0.085186,9.075,319.4,4.7,17.6,4.08104,8.33881,14.59632,62.66498,4.528,1.70123
19/07/2020,17:00:00,0.070988,8.85,314.1,4.6,16.7,3.46888,7.08799,12.40687,67.95359,4.552,1.30864
19/07/2020,18:00:00,0.090865,8.825,306.3,4.4,15,3.57091,8.86035,14.33567,58.62369,4.198,1.04691
19/07/2020,19:00:00,0.110741,7.875,305.7,4,14,4.28509,10.11113,16.68151,50.99014,3.774,1.11234
19/07/2020,20:00:00,0.102223,6.725,295.6,2.9,12.3,2.38061,6.56721,10.21742,51.48906,3.373,1.11234
19/07/2020,21:00:00,0.11642,7.625,288.7,2.8,11.3,2.10854,6.88012,10.11316,49.59315,3.632,1.17778
19/07/2020,22:00:00,0.105062,8.275,302,2.9,10.6,2.07453,7.71421,10.89511,47.99659,4.104,0.78518
19/07/2020,23:00:00,0.105062,8.85,308.6,2.9,10,1.59841,6.4112,8.86205,51.78842,4.34,0.78518
19/07/2020,24:00:00,0.107902,8.625,309.6,3,9.6,1.46237,6.61978,8.86205,44.10497,4.363,1.04691
20/07/2020,1:00:00,0.083293,8.125,290.2,2.3,7.9,1.40616,4.79901,6.95509,41.17794,3.585,0.43621
20/07/2020,2:00:00,0.094651,6.425,296.9,2.6,7.4,1.63296,4.59036,7.09419,41.24447,2.877,0.87243
20/07/2020,3:00:00,0.073828,5.775,303.6,3,7.2,1.66698,4.43387,6.98987,38.96604,2.759,0.78518
20/07/2020,4:00:00,0.093704,5.675,304.9,2.7,6.8,2.27934,6.62472,10.11966,35.12432,2.736,0.78518
20/07/2020,5:00:00,0.096544,5.875,300.7,2.8,6.9,3.16385,10.01533,14.86651,30.33464,2.854,0.65432
20/07/2020,6:00:00,0.090865,7.275,314.6,3.5,9.4,5.37515,13.97973,22.22151,31.08303,3.325,0.91605
20/07/2020,7:00:00,0.090865,7.9,315.5,3.7,10.8,8.16479,15.80544,28.32461,32.48002,3.632,0.91605
20/07/2020,8:00:00,0.096544,10.9,315,4.1,12.7,7.48439,14.24055,25.71645,36.32174,4.245,0.71975
20/07/2020,9:00:00,0.070988,10.6,319.5,4.5,14.1,6.22565,11.31941,20.86527,44.10497,3.821,0.58889
20/07/2020,10:00:00,0.05963,5.875,316.8,4.9,15.5,5.51123,10.22398,18.67442,51.33938,2.382,0.78518
20/07/2020,11:00:00,0.0872086,3.57,315.6,5.1,16.3,5.79926,11.174994,20.067072,47.36794,1.3962,0.828772
20/07/2020,12:00:00,0.1096054,6.73,317.8,4.9,17.2,5.753166,11.244196,20.065592,51.538952,2.948,1.12543
20/07/2020,13:00:00,0.0835262,5.415,310.3,4.7,16.5,4.260634,10.06441,16.597292,61.597282,2.0754,1.427038
20/07/2020,14:00:00,0.0868796,6.155,310.9,4.3,16.9,5.166248,11.49439,19.41586,57.28657,2.2122,1.386544
20/07/2020,15:00:00,0.1015604,5.695,316.8,4.6,17.1,6.08352,10.916838,20.244774,48.36579,2.283,0.774262
20/07/2020,16:00:00,0.0948254,5.115,309.5,4.4,17.1,4.064606,9.979324,16.211632,60.040636,2.1462,1.307444
20/07/2020,17:00:00,0.0961412,6.005,305.1,4.4,16.7,4.974384,10.170242,17.797528,50.800544,2.4104,1.018542
20/07/2020,18:00:00,0.1071692,6.31,304.1,4.6,15.4,3.853418,10.419774,16.328266,59.61156,2.5896,0.829066
20/07/2020,19:00:00,0.1102574,6.595,298.2,3.5,14.1,5.354604,16.027994,24.238266,39.015936,2.8206,1.067572
20/07/2020,20:00:00,0.0993828,5.15,285.1,2.7,12.3,4.466672,17.203944,24.05274,44.025142,2.7972,0.832384
20/07/2020,21:00:00,0.1362192,7.41,282.3,2.7,11.1,1.649444,14.956462,17.485574,39.075808,4.5142,1.066696
20/07/2020,22:00:00,0.1258784,6.605,284.9,2.6,10.1,3.940822,17.95161,23.994124,40.92183,3.8678,0.96999
20/07/2020,23:00:00,0.119554,11.455,289.7,2.5,9.4,1.53858,8.2272,10.586326,58.75341,7.1978,1.160164
20/07/2020,24:00:00,0.131981,8.325,289.2,2.3,8.6,2.179204,12.522944,15.864344,44.118274,4.1132,0.743426
21/07/2020,1:00:00,0.1392432,12.295,282.6,2.3,7.8,4.995994,20.698154,28.35857,42.900898,9.6132,1.064724
21/07/2020,2:00:00,0.1722082,10.34,288.4,2.4,7.3,4.885352,22.625664,30.116432,45.871166,6.9808,1.045566
21/07/2020,3:00:00,0.1993322,7.27,297.6,2.7,7.2,4.292746,17.128878,23.710994,38.252448,3.745,10.19272
21/07/2020,4:00:00,0.1337196,13.15,295.1,2.3,6.7,3.762686,17.379042,23.148414,56.52155,9.4374,1.117556
21/07/2020,5:00:00,0.1306664,11.94,293.4,2.4,6.7,5.794134,19.06276,27.946974,40.372882,7.5852,1.063356
21/07/2020,6:00:00,0.120431,7.955,307.6,3.1,9.6,1.806348,10.757684,13.527376,53.554614,5.0802,0.890964
21/07/2020,7:00:00,0.1096832,7.73,309.6,3.2,11.7,5.618028,18.888202,27.502388,42.468496,4.3916,1.278826
21/07/2020,8:00:00,0.1104888,7.72,315.3,4.1,13.6,5.544494,14.206276,22.707714,61.637194,3.3584,0.970716
21/07/2020,9:00:00,0.0747428,5.99,321.2,4.6,15.1,5.184282,10.606264,18.555386,46.669444,2.67,0.920316
21/07/2020,10:00:00,0.081895,11.26,320.7,4.8,16.2,5.893092,10.802556,19.838508,44.164842,2.7594,1.234916
21/07/2020,11:00:00,0.075604,11.495,321.4,4.6,17.2,6.073568,11.527576,20.840252,46.020844,2.7074,1.313898
21/07/2020,12:00:00,0.065589,9.267,326.7,4.1,18,4.83329,14.63093,22.04187,46.15056,3.491,0.92935
21/07/2020,13:00:00,0.071055,9.425,329.7,3.5,18.7,5.89349,12.76676,21.80332,50.34153,3.325,0.46468
21/07/2020,14:00:00,0.065589,9.8,324.8,3.1,19.1,5.55049,13.34041,21.85103,55.72992,3.75,0.59744
21/07/2020,15:00:00,0.183102,13.95,320.1,3.1,19.1,7.45262,23.21004,34.63723,42.6082,5.283,0.53106
21/07/2020,16:00:00,0.17217,9.35,318.3,3.1,18.9,6.11177,19.06372,28.43497,51.48906,3.585,0.66383
21/07/2020,17:00:00,0.218629,8.975,318.6,2.7,18.5,5.89349,19.15986,28.19642,51.13981,3.868,0.66383
21/07/2020,18:00:00,0.090185,6.925,321,2.2,17.9,4.14727,16.637,22.99606,53.33508,3.113,0.53106
21/07/2020,19:00:00,0.076521,7.875,335.8,1.3,17.2,3.58599,14.82589,20.32432,60.46971,3.656,0.59744
21/07/2020,20:00:00,0.103849,7.35,2.4,1,15,1.87095,14.6407,17.50945,58.67358,3.868,0.59744
21/07/2020,21:00:00,0.163972,9.4,321.5,1.8,13.1,2.27632,22.36833,25.85865,47.69723,5.283,0.86297
21/07/2020,22:00:00,0.185834,14,322.6,2.1,12.2,2.89997,32.00363,36.45019,32.82927,7.783,0.99574
21/07/2020,23:00:00,0.194034,16.625,332.9,1.3,12.1,2.24514,32.5306,35.9731,28.03959,10.637,1.06212
21/07/2020,24:00:00,0.18037,19.25,325,0.9,11.8,2.05805,27.80796,30.96358,27.88991,13.726,0.53106
22/07/2020,1:00:00,0.142109,10.45,275.4,1.6,9.5,0.91799,14.63044,16.038,40.37966,6.627,1.41616
22/07/2020,2:00:00,0.120246,9.55,272.1,1.5,8.7,0.79281,10.28574,11.50136,43.24017,5.59,1.15063
22/07/2020,3:00:00,0.112047,9.425,295,1.1,9.4,0.97015,16.86671,18.35425,35.17421,5.283,1.19489
22/07/2020,4:00:00,0.142109,14.875,273.9,1.5,9.6,0.84497,19.64646,20.94206,31.13292,9.717,0.99574
22/07/2020,5:00:00,0.163972,16.05,249.7,1.4,9.4,2.22195,27.21542,30.62236,21.40388,10.024,0.99574
22/07/2020,6:00:00,0.185834,18.675,255,1.4,9.5,8.91909,31.27539,44.95114,15.76603,11.627,1.06212
22/07/2020,7:00:00,0.240492,22.825,251.6,2.4,11.5,11.64176,30.88655,48.737,20.85507,11.462,1.65956
22/07/2020,8:00:00,0.128445,18.25,230,2.3,13.4,8.98168,26.14757,39.91929,29.88561,6.533,1.85871
22/07/2020,9:00:00,0.084719,13.95,251.3,2.4,14.9,7.04139,23.85119,34.64784,33.22841,4.764,1.59318
22/07/2020,10:00:00,0.114781,13.575,229.9,2,14.6,6.07124,20.30689,29.61599,38.36733,4.292,1.5268
22/07/2020,11:00:00,0.136643,12.775,242,2.2,16.1,6.85362,19.49064,29.99937,40.6125,4.41,1.19489
22/07/2020,12:00:00,0.109315,15.675,234.5,2.7,18.3,7.22916,16.71039,27.79495,43.9054,5.024,0.92935
22/07/2020,13:00:00,0.095651,12.85,240.1,4,18.6,6.66585,15.32177,25.5426,48.24605,4.741,0.86297
22/07/2020,14:00:00,0.05739,15.15,243.9,3.5,16.9,4.00577,16.62101,22.7631,54.83186,5.401,0.79659
22/07/2020,15:00:00,0.098383,15.95,220.7,2.7,17,4.75685,20.59706,27.89079,51.13981,6.061,0.99574
22/07/2020,16:00:00,0.120246,15.125,255.7,3,17.5,4.4126,20.83736,27.60326,45.75142,6.627,1.1285
22/07/2020,17:00:00,0.144842,12.75,251.4,3.7,16.3,3.59893,16.1426,21.66089,50.09207,4.764,1.5268
22/07/2020,18:00:00,0.114781,9.875,256.5,3.3,15.5,3.59893,16.33429,21.85258,45.65164,4.859,1.19489
22/07/2020,19:00:00,0.144842,9.975,262,3.8,15.2,3.75541,17.38827,23.14648,40.76217,4.929,0.86297
22/07/2020,20:00:00,0.158506,8.05,256.4,3.9,14.6,2.5662,16.67182,20.6066,34.47572,4.292,0.92935
22/07/2020,21:00:00,0.139376,7.75,256,3.7,13.8,1.81511,15.52319,18.30633,31.78152,5.212,0.73021
22/07/2020,22:00:00,0.163972,8.225,254.4,3.6,13.5,1.56475,15.04447,17.44373,28.78797,5.66,0.99574
22/07/2020,23:00:00,0.125711,6.575,260.1,3.9,14.1,1.03274,12.74527,14.32877,31.2826,4.528,0.92935
22/07/2020,24:00:00,0.117513,7,258.6,4.3,14.3,0.97015,12.07448,13.56202,31.08303,4.882,1.1285
23/07/2020,1:00:00,0.061945,7.1,249.8,3,13.6,0.58628,9.30567,10.20461,33.12862,4.505,0.97361
23/07/2020,2:00:00,0.061945,5.625,258.6,2.9,13.3,0.5444,8.79226,9.62699,33.86038,4.009,0.35404
23/07/2020,3:00:00,0.076521,7.55,254.8,3.6,13.2,0.31408,8.18272,8.66429,33.22841,5.094,0.73021
23/07/2020,4:00:00,0.076521,8.5,250,2.9,12.8,0.59674,10.20418,11.11918,29.53636,6.085,0.73021
23/07/2020,5:00:00,0.076521,6.25,242.7,3.6,13.1,1.00504,11.11845,12.6595,26.99184,4.245,0.73021
23/07/2020,6:00:00,0.084719,5.4,253.4,3.3,13.3,2.57543,15.06438,19.01331,23.59915,4.033,0.59744
23/07/2020,7:00:00,0.087451,8.775,257.7,3.3,14.1,8.32302,20.98083,33.74261,20.80517,5.991,0.66383
23/07/2020,8:00:00,0.087451,9.65,253.2,4.1,15.2,8.44865,15.63775,28.59217,27.34109,4.693,0.73021
23/07/2020,9:00:00,0.120246,12.975,261.2,4.6,15.8,7.12953,15.97565,26.90745,32.38023,4.976,1.1285
23/07/2020,10:00:00,0.147575,10.375,257.1,5,16.3,6.46997,16.45748,26.37796,33.22841,4.976,0.86297
23/07/2020,11:00:00,0.117513,14.6,245.6,5,16.8,5.59056,15.97677,24.54883,38.11787,5.566,1.19489
23/07/2020,12:00:00,0.087451,13.1,238.8,4.6,17.1,4.61692,11.21211,18.29129,44.25465,4.953,1.26127
23/07/2020,13:00:00,0.084719,12.8,252.2,4.1,16.1,4.17721,13.66731,20.07228,42.40863,4.67,0.86297
23/07/2020,14:00:00,0.084719,10.9,250.6,3.4,15.5,4.08299,15.25583,21.51633,43.70583,4.292,0.73021
23/07/2020,15:00:00,0.106581,11.7,257.3,4.9,16.6,3.54906,16.41146,21.85328,40.31314,4.387,0.46468
23/07/2020,16:00:00,0.136643,10.25,256.5,4.3,16.1,5.43352,23.29339,31.62467,29.48647,4.08,1.06212
23/07/2020,17:00:00,0.1913,6.575,269.2,4,15.9,5.3393,17.5654,25.75221,31.73163,2.335,0.79659
23/07/2020,18:00:00,0.109315,2.4,280.4,4,15.7,3.39202,14.43804,19.63907,34.42583,1.321,0.66383
23/07/2020,19:00:00,0.106581,4.175,278.7,4.3,15.9,2.41839,12.60961,16.31775,36.5712,2.995,1.26127
23/07/2020,20:00:00,0.120246,4.3,281.8,3.1,14.3,2.13572,14.48708,17.7618,35.17421,2.972,0.53106
23/07/2020,21:00:00,0.106581,4.1,285.7,3.3,13.3,1.57038,10.82923,13.23712,36.37163,2.783,0.79659
23/07/2020,22:00:00,0.17217,4.525,286.1,3.3,12.8,2.44979,15.69023,19.44653,32.82927,3.255,1.32765
23/07/2020,23:00:00,0.122979,6.125,285.9,2.4,11.7,1.91587,13.76522,16.70283,34.07658,4.245,0.79659
23/07/2020,24:00:00,0.092917,4.35,283.4,1.7,10.5,0.75378,8.37494,9.53072,33.57765,3.302,0.92935
24/07/2020,1:00:00,0.114781,3,225.1,6.5,9.92,0.54635,4.89953,5.73725,33.9269,1.91,0.70808
24/07/2020,2:00:00,0.125711,2.625,235.58,3.62,11.3,0.37824,7.34905,7.92901,37.9183,1.462,0.97361
24/07/2020,3:00:00,0.125711,2.4,240.68,4.88,9.92,0.28368,5.94691,6.38188,37.61895,1.368,1.06212
24/07/2020,4:00:00,0.120246,3.125,226.12,7.56,12.94,0.22064,4.30306,4.64137,36.17206,1.533,0.46468
24/07/2020,5:00:00,0.106581,2.975,257.18,7.3,8.24,0.88257,6.04394,7.39719,36.02239,1.509,1.06212
24/07/2020,6:00:00,0.103849,3.975,251.16,8.54,10.82,2.99442,12.52368,17.11505,31.2826,1.958,0.73021
24/07/2020,7:00:00,0.18037,5.3,271.16,4.82,11.16,6.90292,17.94076,28.52509,31.58195,2.382,1.06212
24/07/2020,8:00:00,0.147575,7.125,262.76,3.78,17.48,8.16373,17.21624,29.73378,37.46927,2.547,0.86297
24/07/2020,9:00:00,0.079253,7.575,290.68,4.16,15.76,5.07475,10.881,18.66218,49.84261,2.877,0.92935
24/07/2020,10:00:00,0.068321,6.45,303.4,5.52,12.82,3.56178,9.42974,14.89106,53.8839,3.113,0.66383
24/07/2020,11:00:00,0.112047,11.625,272.6,4.74,14.64,4.50739,10.49391,17.40514,56.87745,4.198,0.99574
24/07/2020,12:00:00,0.098383,11.45,117.72,3.18,15.28,4.00306,9.96181,16.09975,59.32218,4.505,0.86297
24/07/2020,13:00:00,0.114781,9.95,205,5.42,11.2,3.68786,9.28477,14.93941,64.46111,4.387,0.99574
24/07/2020,14:00:00,0.114781,9.325,107.86,3.38,11.64,3.2781,10.10645,15.1328,66.10756,4.717,0.59744
24/07/2020,15:00:00,0.101117,10.075,121.14,3.16,11.54,3.1205,10.73489,15.51958,67.30498,4.882,0.73021
24/07/2020,16:00:00,0.098383,8.55,224.2,7.36,10.24,2.86834,12.52361,16.92166,66.35703,4.552,1.26127
24/07/2020,17:00:00,0.128445,10.475,239.88,9.66,8.54,2.67922,13.92559,18.03366,64.66068,7.005,0.99574
24/07/2020,18:00:00,0.120246,11.925,265.98,4.4,5.12,3.02594,21.61305,26.25275,57.82541,7.665,0.99574
24/07/2020,19:00:00,0.120246,9.65,211.14,2.82,11.88,3.2781,26.20621,31.23256,45.35228,5.684,0.73021
24/07/2020,20:00:00,0.144842,10.35,258.7,4.08,7.86,3.87698,35.77936,41.72399,33.2783,6.934,1.19489
24/07/2020,21:00:00,0.163972,11.475,129.04,2.84,6.18,4.57043,32.15367,39.16156,26.29335,7.028,1.06212
24/07/2020,22:00:00,0.122979,5.75,261.44,7.04,8.36,1.73361,11.36264,14.02081,39.41508,2.642,0.99574
24/07/2020,23:00:00,0.163972,5.475,286.68,4.66,7.86,3.94002,22.38711,28.4284,23.9484,3.467,0.86297
24/07/2020,24:00:00,0.161239,4.35,258.02,6.84,8.06,1.35537,12.37773,14.45594,26.19356,2.406,0.92935
25/07/2020,1:00:00,0.065589,2.075,223.6,3.4,16.2,0.88572,7.77125,9.12933,27.87328,1.156,0.70808
25/07/2020,2:00:00,0.05739,2.7,214.3,2.6,15.9,0.42177,4.27407,4.92077,34.85823,1.58,0.70808
25/07/2020,3:00:00,0.068321,3.35,190.6,2.7,15.7,0.44286,5.43955,6.11859,32.97894,2.146,0.86297
25/07/2020,4:00:00,0.068321,4.325,220.3,2.3,15.2,0.79082,7.04267,8.25524,30.78367,2.972,0.53106
25/07/2020,5:00:00,0.068321,5.275,216.5,2.2,14,2.49899,14.42693,18.25866,21.60345,3.325,0.73021
25/07/2020,6:00:00,0.071055,3.45,231.2,3.5,15.7,1.39184,8.11209,10.24621,26.94195,2.241,0.86297
25/07/2020,7:00:00,0.128445,3.425,239.9,5,17.3,5.5041,12.19861,20.63811,23.9484,1.958,0.73021
25/07/2020,8:00:00,0.095651,5.25,248.2,5.7,18.7,6.29492,13.12269,22.77476,22.95055,2.429,0.73021
25/07/2020,9:00:00,0.090185,4.4,254,5.3,19.2,6.26328,12.10287,21.70643,23.84862,2.5,1.19489
25/07/2020,10:00:00,0.065589,6.375,260.1,5.1,19.9,4.93471,9.67244,17.23889,31.18281,3.184,0.53106
25/07/2020,11:00:00,0.084719,4.725,258.2,4.8,18.4,5.66226,10.88777,19.56978,31.88131,2.123,0.73021
25/07/2020,12:00:00,0.092917,6.675,269.6,5.1,20.7,5.78879,9.04271,17.91873,36.92045,2.359,0.86297
25/07/2020,13:00:00,0.071055,7.025,269.2,5.5,21,4.52348,9.6717,16.60761,43.75572,2.995,1.1285
25/07/2020,14:00:00,0.092917,10.3,273,5.8,20.6,5.28267,13.21797,21.31795,41.11142,3.16,0.79659
25/07/2020,15:00:00,0.068321,7.325,283.1,5.2,19.6,4.46022,11.03127,17.87017,41.46067,2.642,1.1285
25/07/2020,16:00:00,0.081986,5.125,290,4.4,18.3,4.08062,12.29315,18.55002,39.86411,2.217,0.66383
25/07/2020,17:00:00,0.060123,3.75,278.9,3.9,17.5,4.08062,11.8561,18.11297,40.71228,2.028,0.86297
25/07/2020,18:00:00,0.071055,3.375,269,3.3,16.4,3.4796,13.4575,18.79282,38.46712,1.934,0.79659
25/07/2020,19:00:00,0.106581,3.8,267.1,3,15.5,3.95409,16.2263,22.28916,34.42583,2.288,0.99574
25/07/2020,20:00:00,0.109315,3.6,276.6,2.6,14.8,3.44797,15.10849,20.39531,33.17851,2.335,0.66383
25/07/2020,21:00:00,0.103849,3.875,289.5,2.3,14.2,2.37246,16.32055,19.95827,31.58195,2.453,1.06212
25/07/2020,22:00:00,0.098383,5.1,289.9,2.5,13.3,2.37246,14.76662,18.40434,31.03314,3.184,0.59744
25/07/2020,23:00:00,0.081986,5.925,267.5,2.8,12.8,2.21429,14.37785,17.77305,29.23701,3.726,0.59744
25/07/2020,24:00:00,0.062856,5.15,255.5,2.5,12.1,0.91735,8.30547,9.71205,34.77507,3.491,0.79659
26/07/2020,1:00:00,0.134821,3.85,252.9,2.6,12.5,1.05818,8.002,9.62452,36.65436,2.406,1.23914
26/07/2020,2:00:00,0.134821,3.875,260.1,2.9,12.1,0.80421,7.67607,8.90918,38.18439,1.981,1.23914
26/07/2020,3:00:00,0.147575,4.95,258.7,3,11.5,1.36505,10.34404,12.43709,30.68389,2.807,0.99574
26/07/2020,4:00:00,0.150308,5.35,262.2,3.6,11.5,1.23807,9.85593,11.75427,24.94625,3.255,1.46041
26/07/2020,5:00:00,0.133911,4.925,265.1,4,11.7,1.39679,8.88095,11.02268,23.64905,2.712,1.19489
26/07/2020,6:00:00,0.128445,4.95,269.3,4.9,13.3,1.87297,7.56555,10.4374,25.74453,2.807,0.73021
26/07/2020,7:00:00,0.117513,5.15,266.5,5.3,14.6,3.04755,8.00811,12.68095,25.54496,2.642,0.86297
26/07/2020,8:00:00,0.092917,10.3,264.2,5.4,15.8,5.58717,8.69873,17.2656,32.67959,3.797,0.99574
26/07/2020,9:00:00,0.065589,8.975,259.8,5.5,17,6.06335,9.67565,18.97266,33.87701,2.948,1.06212
26/07/2020,10:00:00,0.087451,8.15,257.8,6.3,17.7,6.22208,9.96877,19.50916,30.73378,3.467,0.92935
26/07/2020,11:00:00,0.073787,6.1,258.8,6.7,18.4,6.41255,8.75003,18.58247,33.2783,2.642,0.92935
26/07/2020,12:00:00,0.065589,6.325,258.7,6.8,18.9,4.38085,7.08552,13.80273,37.71873,2.099,1.19489
26/07/2020,13:00:00,0.073787,5.8,255.2,6.2,18.2,5.30147,8.01503,16.14383,35.32389,2.359,1.19489
26/07/2020,14:00:00,0.060123,6.95,249.1,4.6,17.2,7.4284,9.67983,21.06989,38.66669,2.618,1.26127
26/07/2020,15:00:00,0.079253,19.075,244,4.5,17.2,8.22203,10.7065,23.31344,39.914,5.33,1.26127
26/07/2020,16:00:00,0.071055,8.025,239.8,4.1,16.8,4.25387,8.64586,15.16837,40.86196,3.208,0.99574
26/07/2020,17:00:00,0.081986,8.05,238.7,4.4,17.1,3.07929,8.05698,12.7785,41.01164,3.396,1.46041
26/07/2020,18:00:00,0.054657,6.075,243.8,2.8,15.9,1.87297,6.68764,9.55949,41.80992,2.759,1.59318
26/07/2020,19:00:00,0.081986,5.775,229.1,1.8,15.5,1.6825,8.78429,11.36409,39.11572,2.877,1.99147
26/07/2020,20:00:00,0.103849,6.775,230.6,2.4,15.1,1.61901,12.78347,15.26592,33.2783,3.349,1.99147
26/07/2020,21:00:00,0.109315,6.2,239.1,2.9,14.7,1.23807,11.31911,13.21746,33.2783,3.231,1.85871
26/07/2020,22:00:00,0.114781,5.35,239,3.3,14.3,1.30156,13.07513,15.07083,28.98754,2.901,1.32765
26/07/2020,23:00:00,0.109315,5.425,233.7,3.2,14.1,0.98411,11.95238,13.46132,29.33679,2.618,1.65956
26/07/2020,24:00:00,0.109315,6.525,235.9,3.2,14,0.66665,8.04958,9.07176,28.5884,2.948,1.1285
27/07/2020,1:00:00,0.076521,6.35,201.7,3,13.1,0.72211,9.6696,10.77682,25.34539,3.278,0.97361
27/07/2020,2:00:00,0.076521,5.975,205.5,2.8,12.8,0.80707,8.29837,9.53585,27.80675,3.278,0.97361
27/07/2020,3:00:00,0.084719,5.875,194.6,3.6,13.5,0.3823,4.11644,4.70261,29.68604,3.491,0.79659
27/07/2020,4:00:00,0.087451,5.9,198.9,4.7,13.8,0.31858,5.38979,5.87827,27.2912,3.797,1.06212
27/07/2020,5:00:00,0.095651,7.775,200.8,4.8,14,1.4336,11.22388,13.42204,20.6555,5.118,1.1285
27/07/2020,6:00:00,0.112047,7.125,199.4,3.9,13.8,2.83535,16.42239,20.76987,16.76388,4.835,1.1285
27/07/2020,7:00:00,0.136643,11.1,178.6,4.2,13.8,14.52719,27.73953,50.01424,6.38624,6.038,1.39403
27/07/2020,8:00:00,0.131177,10.2,172.5,5.4,13.8,15.67407,26.12795,50.16119,7.53377,5.896,1.92509
27/07/2020,9:00:00,0.142109,8.475,176.5,5.7,14,13.34845,27.04864,47.51598,9.28001,4.859,1.59318
27/07/2020,10:00:00,0.131177,6.6,189.8,6.7,14.2,8.06004,20.60871,32.96727,17.16302,3.255,1.39403
27/07/2020,11:00:00,0.15304,7.6,188.2,7.4,15.5,10.38567,19.24716,35.17162,19.45808,3.561,1.39403
27/07/2020,12:00:00,0.158506,7.575,196.8,7.1,16.5,9.07949,19.58442,33.50611,18.75958,3.726,1.19489
27/07/2020,13:00:00,0.1913,7.225,206.3,6.8,17.8,11.40512,22.19069,39.67829,17.81162,3.797,1.1285
27/07/2020,14:00:00,0.196766,7.1,214.4,6.2,19.1,21.50406,22.8221,55.79453,15.16732,3.019,1.19489
27/07/2020,15:00:00,0.128445,4.1,223.8,6.4,20.5,4.14152,10.94165,17.2919,36.82067,1.84,0.73021
27/07/2020,16:00:00,0.125711,3.675,244.4,6.7,20.6,3.21765,9.22317,14.15682,42.40863,2.028,0.73021
27/07/2020,17:00:00,0.095651,5.4,271.7,6.6,17.7,2.80349,9.07442,13.37305,47.94669,2.712,0.73021
27/07/2020,18:00:00,0.084719,6.525,281.3,5.9,16.9,2.58049,9.66129,13.61798,50.79057,2.995,1.26127
27/07/2020,19:00:00,0.071055,9.25,285.7,5.3,15.2,1.75218,9.06989,11.75653,63.51315,3.892,1.46041
27/07/2020,20:00:00,0.079253,8,280.4,4.9,13.3,0.89202,9.55603,10.92378,62.76477,3.396,1.06212
27/07/2020,21:00:00,0.071055,8.5,281.4,4.5,12.2,0.50973,10.63206,11.41363,59.97079,4.057,1.19489
27/07/2020,22:00:00,0.062856,8.475,277.5,4.3,11.5,0.57344,11.22016,12.09943,55.8796,3.656,1.26127
27/07/2020,23:00:00,0.054657,7.725,276.4,4.7,11.5,0.54158,8.72176,9.55218,54.5824,3.325,1.1285
27/07/2020,24:00:00,0.049192,7.875,269.9,4.7,11.7,0.28672,8.27979,8.71943,49.99229,3.325,1.1285
28/07/2020,1:00:00,0.076521,6.125,272.3,2.5,11.1,0.51153,8.39933,9.18366,46.16719,2.736,1.32765
28/07/2020,2:00:00,0.079253,6.7,270.4,3.5,10.6,0.55415,8.59636,9.44605,44.70368,2.736,1.15063
28/07/2020,3:00:00,0.079253,7,278.5,3.7,10.5,0.41562,6.89006,7.52732,45.80132,2.948,0.99574
28/07/2020,4:00:00,0.081986,7,277.5,3.2,10.1,0.44759,8.02179,8.70808,45.85121,3.066,1.19489
28/07/2020,5:00:00,0.087451,4.575,274,3.3,10.1,0.76729,9.30272,10.47921,44.45422,2.288,1.39403
28/07/2020,6:00:00,0.087451,6.325,280.7,5.1,11.8,1.82231,11.2765,14.07068,45.9011,2.382,1.32765
28/07/2020,7:00:00,0.076521,8.35,282.5,5.8,13,4.92345,14.6392,22.18838,44.80347,3.113,1.39403
28/07/2020,8:00:00,0.076521,7.225,285.6,5.7,13.1,6.01044,14.15326,23.36914,43.2568,2.877,1.06212
28/07/2020,9:00:00,0.076521,5.25,286,6,13.6,4.73162,10.06271,17.31776,45.05293,2.335,1.19489
28/07/2020,10:00:00,0.05739,7.925,284.8,6.5,14.6,4.31601,8.78125,15.39903,47.49766,2.736,1.06212
28/07/2020,11:00:00,0.109315,9.625,283.6,7,15.6,5.0833,9.67108,17.46536,45.20261,3.019,0.86297
28/07/2020,12:00:00,0.062856,8.875,285.4,7.6,16,3.83645,8.3358,14.21828,47.59745,2.877,1.1285
28/07/2020,13:00:00,0.060123,8.8,283.8,7.5,16.1,4.63571,9.52099,16.62899,48.99444,2.995,1.46041
28/07/2020,14:00:00,0.05739,9.1,290.5,8.4,16.6,3.80448,8.77841,14.61186,50.24175,3.255,0.73021
28/07/2020,15:00:00,0.054657,9.1,297.5,8.7,16.3,4.82754,9.47286,16.87498,52.68648,2.925,1.19489
28/07/2020,16:00:00,0.068321,9.3,295.3,8.1,15.8,3.64463,7.59676,13.18511,53.03573,2.759,1.19489
28/07/2020,17:00:00,0.043726,7.975,293.6,7.3,15.2,3.58069,6.51405,12.00436,51.83831,2.83,0.79659
28/07/2020,18:00:00,0.046459,6.85,290.2,6.7,14.5,3.06916,8.03635,12.74233,50.14196,2.759,1.19489
28/07/2020,19:00:00,0.068321,7.475,284.4,5.4,13.5,1.98217,9.35866,12.39794,45.70153,3.278,1.26127
28/07/2020,20:00:00,0.079253,8.45,280.9,4.9,12.4,1.27882,10.19113,12.15195,43.35658,3.373,0.92935
28/07/2020,21:00:00,0.090185,8.775,279.7,4.6,11.7,1.4067,11.66778,13.82469,40.76217,3.632,0.86297
28/07/2020,22:00:00,0.079253,8,275.2,4.4,11.3,1.24685,12.65086,14.56266,40.01379,3.726,0.92935
28/07/2020,23:00:00,0.065589,7.825,271,3.8,10.9,0.73532,10.77849,11.90596,42.00949,3.585,1.06212
28/07/2020,24:00:00,0.05739,5.775,269.6,3.7,10.6,0.8632,7.82731,9.15086,43.05723,2.901,0.92935
29/07/2020,1:00:00,0.116603,7.175,276.8,2.7,9.5,0.42777,6.39337,7.04928,39.11572,3.443,0.53106
29/07/2020,2:00:00,0.098383,5.125,281.4,3.1,9.4,0.21389,2.17553,2.50348,44.57063,2.406,1.32765
29/07/2020,3:00:00,0.090185,5.025,280.9,3.4,9.4,0.22458,3.5591,3.90346,43.15701,2.193,1.46041
29/07/2020,4:00:00,0.087451,6.15,279,2.4,8.8,0.44916,4.74649,5.43519,41.85981,2.736,1.32765
29/07/2020,5:00:00,0.092917,6.2,262.1,2.2,7.8,1.05874,7.02352,8.64689,39.76432,2.807,1.46041
29/07/2020,6:00:00,0.103849,6.55,287.3,3,9.8,1.8929,11.77262,14.67502,38.91615,2.995,1.19489
29/07/2020,7:00:00,0.109315,7.825,300.6,3.8,11.8,4.78037,14.95449,22.28428,37.21981,3.585,1.46041
29/07/2020,8:00:00,0.117513,10.95,296.5,4.4,13.9,6.15993,18.07673,27.52183,39.06583,4.575,1.39403
29/07/2020,9:00:00,0.117513,11.625,298.5,3.9,13.4,5.71077,18.07369,26.83008,38.26755,4.387,1.72595
29/07/2020,10:00:00,0.101117,10.375,290.7,3.5,14.2,5.45411,14.81083,23.17368,45.80132,4.104,1.06212
29/07/2020,11:00:00,0.081986,10.8,287.3,3.7,16.5,5.61452,10.612,19.22081,53.68433,3.821,1.59318
29/07/2020,12:00:00,0.060123,10.025,286.5,4.6,17.7,4.9087,11.29896,18.82553,57.62584,4.127,1.72595
29/07/2020,13:00:00,0.073787,11.275,281,5,17.8,4.17079,10.1081,16.50322,60.32003,4.245,1.26127
29/07/2020,14:00:00,0.081986,14.375,282.2,4.9,17.8,4.49162,11.69142,18.57847,57.32648,4.835,1.5268
29/07/2020,15:00:00,0.073787,13.325,282.8,4.5,17.8,4.23495,11.64027,18.13377,58.92304,4.387,1.59318
29/07/2020,16:00:00,0.087451,11.975,282.5,4.1,17.8,4.45954,12.23472,19.07258,55.53035,4.198,1.39403
29/07/2020,17:00:00,0.117513,7.825,281.8,4,17.2,4.07454,12.97327,19.22081,52.33723,3.726,1.85871
29/07/2020,18:00:00,0.112047,7.55,281.6,3.7,16.2,3.27247,12.91842,17.93613,50.94024,3.703,1.46041
29/07/2020,19:00:00,0.114781,6.8,276.4,2.5,14.5,2.37414,12.56645,16.20675,48.44562,3.656,1.5268
29/07/2020,20:00:00,0.136643,7.025,281.9,1.9,13.6,1.92498,13.4528,16.40439,46.40003,3.868,1.26127
29/07/2020,21:00:00,0.144842,7.4,280.7,0.5,12.7,1.44374,14.14129,16.35499,42.95744,4.316,1.46041
29/07/2020,22:00:00,0.133911,7.65,135,0.6,11.5,0.99457,12.50769,14.03267,42.25895,4.623,1.26127
29/07/2020,23:00:00,0.133911,8.3,92.7,1.6,10.7,1.3154,18.53798,20.5549,35.37378,5.071,1.5268
29/07/2020,24:00:00,0.15304,8.925,113.2,1.5,10.4,1.1229,18.68491,20.40667,33.22841,5.354,1.59318
30/07/2020,1:00:00,0.087451,12.15,209.9,0.3,11.6,0.85855,21.97353,23.28995,27.20804,8.042,1.41616
30/07/2020,2:00:00,0.095651,15.8,178.6,1.6,11.9,1.54539,32.30071,34.67027,15.43341,8.396,1.23914
30/07/2020,3:00:00,0.090185,15.5,131.8,1.9,11.4,2.8654,36.89317,41.28673,6.08689,8.986,1.1285
30/07/2020,4:00:00,0.125711,14.675,137.9,1.6,10.7,3.21955,32.72763,37.66422,8.43183,9.505,1.46041
30/07/2020,5:00:00,0.131177,14.875,130.4,1.2,11.2,10.23819,38.14314,53.84147,1.64645,10.024,1.59318
30/07/2020,6:00:00,0.109315,13.675,123.2,0.6,11.3,8.6606,35.94708,49.22648,7.03484,8.467,1.65956
30/07/2020,7:00:00,0.125711,18.1,151,1.3,11.8,26.0462,40.15533,80.09228,3.84172,9.316,1.26127
30/07/2020,8:00:00,0.158506,21.25,161.3,1.7,12.4,28.49306,37.94186,81.63061,3.84172,10.259,1.85871
30/07/2020,9:00:00,0.17217,24.375,150.7,1.5,13.2,31.51944,37.86683,86.19597,5.18882,10.826,1.72595
30/07/2020,10:00:00,0.158506,18.35,150.2,1.5,13.9,19.86465,30.82628,61.28499,10.677,10.59,1.92509
30/07/2020,11:00:00,0.122979,18.2,169.5,1.7,14.7,18.77001,25.80554,54.58582,17.51227,10.542,2.05786
30/07/2020,12:00:00,0.092917,23.9,174.5,2.5,16.8,15.13191,24.98245,48.18439,23.74883,11.934,1.59318
30/07/2020,13:00:00,0.109315,22.75,192.1,3.1,20,5.33846,37.875022,46.060544,28.98754,10.047,0.831922
30/07/2020,14:00:00,0.1020594,5.465,202.2,3.6,21.2,3.06551,14.851898,19.552282,38.01809,3.1132,1.400504
30/07/2020,15:00:00,0.083808,9.055,197,3.5,22.6,6.60009,22.48263,32.60262,54.5824,6.3024,1.019232
30/07/2020,16:00:00,0.109315,16.5,194.1,3.5,22.8,6.34252,27.39329,37.11836,61.36778,6.25,1.92509
30/07/2020,17:00:00,0.084719,12.925,191.4,3.1,22.6,4.50738,29.71091,36.62212,69.60004,5.165,1.39403
30/07/2020,18:00:00,0.062856,11.925,177.4,2.5,21.4,3.09077,31.48602,36.22514,66.75617,5.377,1.26127
30/07/2020,19:00:00,0.144842,11.975,154.3,2.5,19.7,2.70443,36.94151,41.08823,63.26369,5.684,1.46041
30/07/2020,20:00:00,0.306081,15.025,139.8,2.4,17.6,11.26844,61.12705,78.40509,40.31314,6.745,1.59318
30/07/2020,21:00:00,0.472785,20.05,135.2,2.5,16.3,20.18661,80.79969,111.75206,7.13463,10.731,1.46041
30/07/2020,22:00:00,0.327943,24.2,143.1,2.4,15.4,7.9523,56.18779,68.38114,20.6555,13.844,1.1285
30/07/2020,23:00:00,0.202232,18.025,133.3,2.3,14.5,3.44492,35.85571,41.13786,29.88561,9.151,0.66383
30/07/2020,24:00:00,0.232294,17.975,143.5,2.5,15,3.18736,36.34989,41.23711,25.24561,10.024,0.86297
31/07/2020,1:00:00,0.183118,18.225,148.8,1.9,14.6,1.24523,25.424,27.33332,35.39041,10.165,0.53101
31/07/2020,2:00:00,0.199516,17.2,124.4,2,13.4,2.06107,41.38048,44.54074,19.02567,10.189,0.79651
31/07/2020,3:00:00,0.295175,17.675,129.5,2.3,12.7,4.73402,39.30057,46.5593,7.03484,10.849,0.99564
31/07/2020,4:00:00,0.213181,18.85,148.9,2.3,12.8,1.28817,33.0684,35.04357,20.00689,11.061,0.99564
31/07/2020,5:00:00,0.183118,19.2,122.7,2.2,12,3.92892,39.04594,45.0702,16.41463,10.991,0.66376
31/07/2020,6:00:00,0.139389,19.725,139.8,2.6,13.8,6.15101,34.74532,44.17674,23.79872,8.868,1.06201
31/07/2020,7:00:00,0.12299,21.9,157.9,3.2,16.2,11.52911,35.58254,53.26027,22.6013,8.113,0.92926
31/07/2020,8:00:00,0.062861,25.55,158,3.5,18.7,8.05106,28.90338,41.24817,42.40863,8.585,1.26114
31/07/2020,9:00:00,0.092925,30.2,152.1,3.9,21.2,9.27482,31.49429,45.71548,48.94454,10.896,1.39389
31/07/2020,10:00:00,0.12299,32.375,145.8,4.3,23.3,5.86117,25.90766,34.89466,67.60434,11.344,2.19041
31/07/2020,11:00:00,0.12299,30.075,149.8,5.2,24.8,4.08994,23.56056,29.83171,86.4637,10.024,1.32752
31/07/2020,12:00:00,0.11479,41.9,154.2,5.8,25.6,3.15602,24.09909,28.93824,113.15619,10.283,2.12403
31/07/2020,13:00:00,0.106591,39.275,160,6,26.4,3.60687,29.95984,35.4903,124.08265,9.175,5.7747
31/07/2020,14:00:00,0.12299,39.075,168.3,6,27.1,2.54413,25.83148,29.73243,134.75964,9.292,4.18168
31/07/2020,15:00:00,0.120256,32.125,175,5.4,27.5,2.47973,27.71716,31.51936,135.85728,8.609,3.8498
31/07/2020,16:00:00,0.106591,27.35,186.3,4.9,27.5,2.15768,30.49425,33.80265,142.14373,8.632,4.31443
31/07/2020,17:00:00,0.131189,28.5,196.3,4.3,27.2,1.61021,36.49592,38.96488,151.57342,9.41,3.38517
31/07/2020,18:00:00,0.147587,28.575,205.9,3,26.3,1.03054,34.05908,35.63921,144.93771,10.613,2.52228
31/07/2020,19:00:00,0.142121,25.5,232.8,2.4,23.5,0.51527,19.75956,20.54963,119.29297,9.859,0.99564
31/07/2020,20:00:00,0.15852,19.9,305.4,3.9,20.7,0.80511,20.15898,21.39345,100.68307,9.458,0.79651
31/07/2020,21:00:00,0.155786,17.475,298.8,3,18.8,0.51527,16.23535,17.02542,92.10156,8.962,0.86289
31/07/2020,22:00:00,0.144854,14.825,304.8,2.5,17.4,0.83731,14.25246,15.53631,69.60004,8.019,0.59738
31/07/2020,23:00:00,0.128455,10.425,279,2.5,16.4,0.7729,13.1103,14.29539,43.30669,5.943,0.79651
31/07/2020,24:00:00,0.112057,5.7,284.7,2.6,16,1.38478,11.92391,14.04721,31.63185,3.349,0.73014
1/8/2020,1:00:00,0.120267,4.8,257,2.1,15.3,0.55836,9.53728,10.39342,33.46124,2.948,0.70794
1/8/2020,2:00:00,0.116623,5.225,251.1,2.7,14.2,0.42951,8.47705,9.13562,36.38826,3.042,0.79643
1/8/2020,3:00:00,0.125734,6.35,261.4,2.7,13.5,0.67647,10.82913,11.86637,32.08088,3.774,0.8628
1/8/2020,4:00:00,0.117533,6.5,258.9,2.8,13.1,0.61205,10.33212,11.27057,31.18281,4.151,1.06191
1/8/2020,5:00:00,0.128467,7.125,258.6,3.4,12.9,1.03081,11.67602,13.25658,28.43873,4.458,0.73006
1/8/2020,6:00:00,0.123,10.25,264.3,4.1,14,1.96499,12.62684,15.63978,27.2912,5.118,0.46459
1/8/2020,7:00:00,0.112067,8,258.8,4.5,14.9,2.57703,9.45413,13.40553,32.13077,4.859,0.73006
1/8/2020,8:00:00,0.0902,8.975,265.2,4.1,15.1,3.54342,9.16396,14.59713,32.72948,5.425,0.79643
1/8/2020,9:00:00,0.079267,7.7,271.2,4.3,17.4,4.12325,9.61545,15.93768,31.78152,5,0.66369
1/8/2020,10:00:00,0.101133,6.7,266.6,4.3,18.7,3.51121,7.82315,13.20693,36.02239,4.08,0.66369
1/8/2020,11:00:00,0.109334,7.65,269.5,4.8,20.5,4.15547,8.5234,14.89503,37.56905,4.575,0.8628
1/8/2020,12:00:00,0.101133,8,268.9,4.7,21,3.09244,9.0114,13.75308,40.41293,4.528,0.8628
1/8/2020,13:00:00,0.101133,5.525,279,4.9,21.2,2.83474,7.81774,12.16427,41.31099,3.042,0.73006
1/8/2020,14:00:00,0.112067,3.525,291.1,5.6,20.8,2.9958,7.02463,11.61812,48.84476,2.123,1.26102
1/8/2020,15:00:00,0.098401,5.025,290.8,5.5,20,2.35154,8.80688,12.41252,50.29164,3.208,0.92917
1/8/2020,16:00:00,0.0738,6.3,290.8,5,19.1,2.57703,9.65273,13.60413,53.18541,3.585,0.92917
1/8/2020,17:00:00,0.054666,7.2,290.8,4.8,18,1.90056,7.41307,10.32722,60.81896,4.127,0.59732
1/8/2020,18:00:00,0.054666,6.7,296.7,4.3,16.6,1.77171,8.00784,10.72442,58.82326,4.057,1.39376
1/8/2020,19:00:00,0.068334,6.775,290.9,3.5,15.3,1.54622,8.85008,11.22092,56.27874,3.821,1.59286
1/8/2020,20:00:00,0.084733,6.1,281.6,2.9,13.5,1.19188,10.7836,12.61112,52.93594,3.208,1.12828
1/8/2020,21:00:00,0.109334,8.425,278.1,2.7,12.3,1.2563,14.65683,16.58313,46.69938,4.269,1.12828
1/8/2020,22:00:00,0.120267,8.75,278.3,2.6,11.5,1.03081,14.40677,15.98733,45.70153,5.118,0.92917
1/8/2020,23:00:00,0.117533,11.175,276.4,2.3,10.8,0.90196,13.80994,15.19293,46.20046,6.863,1.19465
1/8/2020,24:00:00,0.1312,10.5,282.9,1.9,11,0.64426,13.21208,14.19993,46.05078,6.344,0.99554
2/8/2020,1:00:00,0.133945,8.975,243.6,2.1,10.8,0.6874,11.92472,12.9787,40.51271,4.929,0.5309
2/8/2020,2:00:00,0.136678,10.25,244.7,2.2,10.1,0.60147,15.1687,16.09094,32.92905,5.92,0.79635
2/8/2020,3:00:00,0.144879,10.175,255.5,2.5,11.1,0.54777,14.45643,15.29633,30.13507,6.226,1.32725
2/8/2020,4:00:00,0.136678,9.9,260.5,2.7,11.7,0.35444,15.19984,15.7433,27.84002,6.109,0.66363
2/8/2020,5:00:00,0.142145,9.4,255.6,2.9,11.6,0.61221,13.76166,14.70037,26.49292,6.25,1.12817
2/8/2020,6:00:00,0.125744,9.3,266.5,3.5,12.2,1.22442,12.52497,14.40239,28.98754,5.967,0.72999
2/8/2020,7:00:00,0.117543,10.7,270.7,4.4,13.5,2.31995,9.40494,12.96215,32.77937,6.061,0.79635
2/8/2020,8:00:00,0.06834,5.5,274.7,5.2,15.1,2.06218,6.72105,9.88302,38.71658,3.632,0.66363
2/8/2020,9:00:00,0.079274,4.05,278.7,5.5,16.5,1.77219,5.97378,8.6911,43.65594,2.264,0.92908
2/8/2020,10:00:00,0.062873,3.4,278.1,5.4,17.7,1.44997,5.42491,7.64816,49.34368,1.462,1.12817
2/8/2020,11:00:00,0.057406,3.05,279.9,5.4,18.5,1.67552,5.52604,8.09513,53.98369,1.274,0.59727
2/8/2020,12:00:00,0.071073,3.325,284.6,5.3,19.3,1.32109,5.37421,7.39985,55.97939,1.439,1.32725
2/8/2020,13:00:00,0.062873,3.175,291.6,5.4,19.6,1.61108,5.67451,8.1448,58.42412,1.509,0.92908
2/8/2020,14:00:00,0.071073,4.95,289.8,5.7,19.4,1.38553,5.92103,8.04547,59.77122,2.665,1.12817
2/8/2020,15:00:00,0.065606,3,291.3,5.6,18.9,1.44997,5.62356,7.84682,59.27229,1.462,1.19453
2/8/2020,16:00:00,0.071073,3.6,290.2,5.3,18.1,1.67552,5.97301,8.54211,56.12906,1.627,0.92908
2/8/2020,17:00:00,0.062873,4.375,294.1,4.7,17.3,1.67552,6.27099,8.84009,52.73637,2.123,0.92908
2/8/2020,18:00:00,0.062873,3.55,295.8,3.7,15.4,1.70775,7.21485,9.83335,53.28519,1.91,0.79635
2/8/2020,19:00:00,0.090208,3.825,289.1,2.3,13.8,1.41775,9.64604,11.81989,50.591,2.075,1.19453
2/8/2020,20:00:00,0.117543,4.375,283.1,2.4,12.4,0.77332,10.88247,12.06821,49.59315,2.453,1.26089
2/8/2020,21:00:00,0.109343,5.225,288.8,2.7,11.4,0.64443,9.04389,10.03201,47.8968,3.137,0.72999
2/8/2020,22:00:00,0.120277,5.8,286.5,3,10.9,0.61221,8.74565,9.68437,45.50196,3.16,0.92908
2/8/2020,23:00:00,0.123011,6.575,285.1,2.9,10.4,0.4511,9.53898,10.23066,43.20691,3.538,0.72999
2/8/2020,24:00:00,0.11481,6.075,286.9,2.5,10,0.25777,8.19652,8.59177,44.35443,3.396,0.86272
3/8/2020,1:00:00,0.144892,6.3,268.8,1.9,9.4,0.51569,7.81993,8.61063,41.97622,3.16,1.23865
3/8/2020,2:00:00,0.174963,6.025,268.6,2,9.4,0.38676,6.42795,7.02098,41.51056,2.948,1.32712
3/8/2020,3:00:00,0.155827,5.325,287.4,2.1,10.3,0.54792,5.86623,6.70636,38.91615,2.901,1.32712
3/8/2020,4:00:00,0.150359,5.025,289.2,2.3,10.5,0.35453,6.41113,6.95474,38.81637,3.042,1.39348
3/8/2020,5:00:00,0.150359,6.125,300.2,2.5,10.1,1.99828,11.83903,14.90302,31.88131,3.726,1.39348
3/8/2020,6:00:00,0.150359,5.725,301.1,2.6,9.6,3.1908,13.33887,18.23136,32.67959,3.278,1.52619
3/8/2020,7:00:00,0.142158,5.275,309,2.2,9.1,7.18735,17.69269,28.71314,31.83142,2.382,1.12805
3/8/2020,8:00:00,0.120287,5.175,309.4,1.7,10.2,5.41469,12.95923,21.26164,35.82282,2.382,1.19441
3/8/2020,9:00:00,0.103885,4.2,324.9,2.2,14.9,4.38332,8.92717,15.64817,41.95959,2.028,1.45984
3/8/2020,10:00:00,0.087481,3.375,313.2,2.8,16.9,4.38332,8.38073,15.10172,45.50196,1.91,1.26077
3/8/2020,11:00:00,0.112086,3.775,305.2,3.8,17.6,4.80231,9.87438,17.23782,50.14196,1.627,1.12805
3/8/2020,12:00:00,0.084748,5.725,306.2,4.2,17.9,5.28576,11.86531,19.97004,49.04433,1.745,1.12805
3/8/2020,13:00:00,0.082014,4.7,310.3,4.6,17.9,4.5767,10.56805,17.58556,52.83616,1.722,1.59255
3/8/2020,14:00:00,0.09295,5.475,309.8,4.2,18,5.51138,10.82391,19.27457,53.28519,2.146,1.52619
3/8/2020,15:00:00,0.071079,5.375,313.1,4.1,17.9,4.77008,9.77477,17.08879,56.67788,2.005,1.26077
3/8/2020,16:00:00,0.082014,4.95,310,4,17.5,4.38332,9.52329,16.24429,57.72562,1.981,1.59255
3/8/2020,17:00:00,0.098417,4.525,309.1,4.2,16.8,3.60979,9.16937,14.70431,58.82326,1.863,1.12805
3/8/2020,18:00:00,0.106619,4.375,304.4,3.8,15.7,3.8354,10.06536,15.94623,57.12691,1.91,0.86263
3/8/2020,19:00:00,0.103885,4.6,304,3.2,14.3,3.54533,9.96369,15.39978,54.18326,2.217,1.0617
3/8/2020,20:00:00,0.128489,4.175,297.1,2.5,12.3,2.83626,11.05091,15.39978,51.13981,2.146,1.32712
3/8/2020,21:00:00,0.139423,5.35,294.1,2.6,11.2,2.70734,14.32854,18.47974,46.44992,2.901,1.26077
3/8/2020,22:00:00,0.180431,6.125,289.7,2.5,10.4,2.80403,15.22349,19.52295,43.80562,3.443,1.0617
3/8/2020,23:00:00,0.142158,5.8,284.6,2.3,9.5,2.83626,12.04444,16.39332,44.00519,3.255,0.92899
3/8/2020,24:00:00,0.131223,5.4,276.7,2.1,8.7,1.96605,8.8085,11.82306,45.75142,3.137,0.66356
4/8/2020,1:00:00,0.04739,6.35,250.9,1.7,8.5,2.40718,14.79374,18.48469,37.25307,3.797,1.15006
4/8/2020,2:00:00,0.061972,6.45,251.9,2,7.8,2.75106,16.98285,21.20108,29.80245,3.821,1.50393
4/8/2020,3:00:00,0.057415,5.725,245.7,2.1,7.3,1.99881,12.04096,15.10577,35.57335,3.514,1.39334
4/8/2020,4:00:00,0.060148,5.625,247.7,2.4,7.2,2.35344,13.58419,17.19275,31.68174,3.75,1.32699
4/8/2020,5:00:00,0.060148,7.75,245.7,2.4,7.4,2.86927,16.91754,21.31702,27.19141,5.024,1.45969
4/8/2020,6:00:00,0.060148,8.425,239.3,2.1,7.9,6.09316,22.65766,32.00038,22.30195,5.142,1.19429
4/8/2020,7:00:00,0.202318,10.55,217.9,2.5,10.2,19.89143,34.4451,64.94487,15.56646,5.024,1.39334
4/8/2020,8:00:00,0.120298,14.125,220.4,2.9,11.6,16.86097,33.12894,58.98206,16.6142,4.717,1.65874
4/8/2020,9:00:00,0.098425,13.25,209.3,2.6,12,11.18692,28.85994,46.01297,21.65335,4.387,1.45969
4/8/2020,10:00:00,0.07382,7.8,215.1,3.4,12.8,9.54273,26.01446,40.64644,28.48862,3.373,1.12794
4/8/2020,11:00:00,0.098425,9.175,207.9,3.9,12.5,12.21856,29.36508,48.09995,26.24346,4.009,1.52604
4/8/2020,12:00:00,0.109361,9.075,201.6,4.1,13.8,14.76544,31.22397,53.86399,22.75098,4.292,1.39334
4/8/2020,13:00:00,0.117563,9.75,203.5,4,14.4,16.31291,35.45999,60.47276,18.31055,4.929,1.19429
4/8/2020,14:00:00,0.139436,11.8,221.5,5.8,17.2,11.05796,32.83411,49.78941,20.6555,5.896,0.92889
4/8/2020,15:00:00,0.098425,16.475,220.8,6.3,17.1,9.22034,20.49629,34.63395,33.77722,5.425,1.85779
4/8/2020,16:00:00,0.11483,14.625,218.3,5.8,16.3,12.12185,28.27113,46.8577,29.2869,5.377,1.52604
4/8/2020,17:00:00,0.079287,10.125,224.7,4.5,16.4,4.28778,15.23942,21.81392,37.51916,3.75,1.32699
4/8/2020,18:00:00,0.068351,8.65,239.2,4.6,16.7,3.19166,11.25546,16.14926,42.10927,3.349,1.26064
4/8/2020,19:00:00,0.065617,6.975,236,4.2,16,2.57912,9.36234,13.31693,41.31099,2.759,1.32699
4/8/2020,20:00:00,0.068351,5.4,231.1,3.6,14.8,1.96658,8.31395,11.32933,40.5626,2.123,0.86254
4/8/2020,21:00:00,0.07382,4.25,233.9,3.8,14.4,1.99881,8.81111,11.87592,38.11787,1.769,0.92889
4/8/2020,22:00:00,0.07382,4.1,218.8,2.7,13.6,2.25673,8.76348,12.22375,37.71873,1.392,0.86254
4/8/2020,23:00:00,0.065617,3.275,171.4,2.2,12.4,1.57971,5.23008,7.65226,41.16131,1.132,1.12794
4/8/2020,24:00:00,0.060148,2.95,185.5,2.9,12.6,1.22508,2.99119,4.86962,42.6082,1.25,0.99524
5/8/2020,1:00:00,0.060154,1.45,236,5,16.5,1.28991,2.92624,4.90406,39.78095,0.967,0.70766
5/8/2020,2:00:00,0.05742,1.675,232.6,5,16.1,1.20391,2.52792,4.37389,42.57493,0.802,0.70766
5/8/2020,3:00:00,0.051951,1.925,229.8,4.4,15.9,1.06417,1.89723,3.52894,43.85551,0.967,0.72977
5/8/2020,4:00:00,0.054686,2.475,235.8,4.2,15.8,1.06417,2.39426,4.02597,43.60605,1.061,0.86246
5/8/2020,5:00:00,0.060154,2.5,232.8,4.3,15.8,1.38665,5.03112,7.15728,40.71228,1.297,1.06149
5/8/2020,6:00:00,0.05742,4.75,228.9,3.8,15.9,2.45082,10.30817,14.06605,36.87056,2.359,0.72977
5/8/2020,7:00:00,0.071091,7.8,225.9,3.1,15.9,6.772,18.14613,28.52972,30.48432,3.538,1.12783
5/8/2020,8:00:00,0.071091,10.975,229.8,4.4,16.7,6.06256,14.90974,24.20553,31.2826,3.821,0.99515
5/8/2020,9:00:00,0.07656,9.15,226.4,4.8,16.8,5.32086,13.90975,22.06828,32.38023,3.561,0.99515
5/8/2020,10:00:00,0.060154,8.525,223.8,5.6,19.2,5.74008,10.68238,19.48371,36.22196,3.373,1.59223
5/8/2020,11:00:00,0.049217,12.25,224.6,6.1,20.2,7.90067,11.74341,23.8576,37.36948,3.538,1.45955
5/8/2020,12:00:00,0.049217,10.475,226,6.4,22.1,4.48242,14.49949,21.37244,35.72303,4.151,1.26052
5/8/2020,13:00:00,0.082028,12.075,229.3,7,22.3,4.51467,11.86547,18.78786,39.11572,5.165,1.12783
5/8/2020,14:00:00,0.073825,13.25,217.8,6,22,5.38536,10.77895,19.03638,46.25035,5.142,1.19418
5/8/2020,15:00:00,0.071091,11.95,204.1,5.4,22.2,4.7404,13.35837,20.62689,52.63659,3.514,0.99515
5/8/2020,16:00:00,0.07656,8.5,208.9,5.5,21.2,5.06288,19.07683,26.8398,46.69938,3.042,0.99515
5/8/2020,17:00:00,0.180461,7.175,226.4,4,19.3,12.22185,33.84622,52.58613,29.68604,3.278,0.99515
5/8/2020,18:00:00,0.092965,7.4,218.6,3,18.9,7.80393,27.99563,39.96149,30.08518,3.396,1.19418
5/8/2020,19:00:00,0.079294,6.6,225,3.3,18.6,3.93421,15.63828,21.67066,39.46497,3.255,1.12783
5/8/2020,20:00:00,0.092965,5.9,232.7,3.2,18,3.35375,12.70115,17.8435,40.26325,3.208,0.79612
5/8/2020,21:00:00,0.092965,5.575,219.2,2.5,16.3,3.386,17.87055,23.06235,31.33249,3.208,1.06149
5/8/2020,22:00:00,0.103903,5.95,248,3,15.8,3.03128,18.06653,22.71443,27.49077,3.325,0.79612
5/8/2020,23:00:00,0.087497,2.975,233.8,2.1,14.9,2.25734,10.25693,13.71812,35.274,1.274,0.79612
5/8/2020,24:00:00,0.084762,3.475,176.7,2.2,13.9,2.35408,9.46244,13.07198,37.16991,2.17,0.9288
6/8/2020,1:00:00,0.073831,3.625,242.6,2.6,17,2.40847,10.3603,14.05324,33.0621,2.382,0.61914
6/8/2020,2:00:00,0.076566,4.575,252.5,2.4,16.1,3.22563,14.07901,19.02491,26.54281,2.689,0.61914
6/8/2020,3:00:00,0.071098,3.65,242.9,1.7,14.5,2.45148,10.16178,13.92066,28.48862,2.217,1.12772
6/8/2020,4:00:00,0.073831,3.65,275.7,2.3,14.4,2.64502,8.87069,12.92633,28.43873,2.5,0.92871
6/8/2020,5:00:00,0.076566,5.075,279.1,2.2,14.3,4.77394,14.50568,21.82561,21.45378,3.679,0.59703
6/8/2020,6:00:00,0.087505,6.125,285.2,2.2,14.4,4.61265,13.51006,20.58269,19.80732,4.222,1.06138
6/8/2020,7:00:00,0.082035,5.2,287.5,2.2,14,7.32218,13.92944,25.15663,22.40173,3.703,1.19406
6/8/2020,8:00:00,0.068363,4,265.6,1.3,14.1,7.09639,13.5299,24.41088,27.2912,2.311,0.99505
6/8/2020,9:00:00,0.092973,7.975,174.1,0.5,14.5,22.28911,25.18552,59.36168,18.70969,4.033,1.19406
6/8/2020,10:00:00,0.062894,6,165.5,1.2,17.4,10.87038,20.27179,36.93947,22.50152,2.524,1.12772
6/8/2020,11:00:00,0.098442,8.25,172.2,2.4,20.1,10.96715,19.42738,36.24344,22.35184,3.278,0.92871
6/8/2020,12:00:00,0.087505,12.575,172.9,2.8,19.4,12.06386,21.12651,39.62417,23.99829,5.755,0.66337
6/8/2020,13:00:00,0.054691,10.425,171.5,2.9,19.9,8.935,20.90265,34.60279,31.43228,3.774,0.92871
6/8/2020,14:00:00,0.071098,11.55,173.1,3.4,21.5,7.45121,14.67622,26.10124,43.65594,4.245,0.99505
6/8/2020,15:00:00,0.112115,17.725,186.6,4.4,22.9,7.1609,23.52346,34.50336,46.44992,5.519,1.52574
6/8/2020,16:00:00,0.08477,10.55,202.9,5.2,21.9,7.03188,18.6502,29.43226,46.10067,3.726,1.19406
6/8/2020,17:00:00,0.071098,5.85,201.3,3.8,20.1,4.8707,13.11439,20.58269,56.07917,2.642,0.99505
6/8/2020,18:00:00,0.060159,7.475,188.5,3.7,20.2,6.09644,24.16127,33.50902,43.70583,3.561,0.99505
6/8/2020,19:00:00,0.060159,10.1,173.7,3,19,4.83845,25.09584,32.51469,33.87701,5.33,0.86237
6/8/2020,20:00:00,0.10938,10.75,169.6,3.3,18.5,11.58002,41.15846,58.91423,18.6598,5.59,0.99505
6/8/2020,21:00:00,0.131257,8.025,161.9,3,17.2,7.12865,33.01908,43.94952,14.56861,4.505,0.66337
6/8/2020,22:00:00,0.136725,8.275,167.4,3,16.5,4.80619,24.89672,32.26611,17.06324,4.434,0.53069
6/8/2020,23:00:00,0.131257,8.775,168.5,3.1,16.3,4.51588,26.0876,33.01186,11.9742,3.774,0.46436
6/8/2020,24:00:00,0.150398,9.05,162.4,3,16.2,6.06419,28.68523,37.98352,6.6856,4.811,0.39802
7/8/2020,1:00:00,0.153146,22.35,196.2,1.5,16.1,5.29146,29.81393,37.92739,3.52574,8.491,1.14972
7/8/2020,2:00:00,0.266182,15.2,220.8,1.5,15.9,29.25359,28.21501,73.06989,1.66308,7.854,1.7688
7/8/2020,3:00:00,0.218779,17.55,249.5,1.7,16.1,19.29447,26.51096,56.0954,1.14753,10.731,1.3266
7/8/2020,4:00:00,0.20784,15.1,257.7,2,16.1,20.19789,22.78843,53.75809,1.24731,10.448,1.59192
7/8/2020,5:00:00,0.196901,13.875,167.1,0.2,16.1,22.81135,24.45039,59.42731,1.39699,8.16,1.26027
7/8/2020,6:00:00,0.229718,16.55,161.7,1.2,16.2,51.14001,30.84313,109.25673,1.54667,7.547,1.3266
7/8/2020,7:00:00,0.177758,20.725,178.3,1.6,16.5,45.0742,29.25307,98.36587,2.94366,8.396,1.59192
7/8/2020,8:00:00,0.142207,35.75,186.8,1.3,17,51.30134,28.05955,106.7205,4.54022,10.472,1.45926
7/8/2020,9:00:00,0.106655,22.15,183.1,1,17.7,34.55581,21.16254,74.14737,7.83312,7.005,1.19394
7/8/2020,10:00:00,0.087512,7.575,188.1,1,20.4,9.77629,13.75381,28.74392,19.85722,2.807,1.26027
7/8/2020,11:00:00,0.065634,10.425,184.5,2.1,22.9,9.35685,14.99371,29.34068,24.29765,3.443,1.06128
7/8/2020,12:00:00,0.084777,10.225,206,2,23.3,9.45364,17.03341,31.5288,24.597,3.656,1.19394
7/8/2020,13:00:00,0.071104,8.35,208.1,1.8,25.7,8.09851,11.25392,23.67146,37.12002,3.231,1.06128
7/8/2020,14:00:00,0.054695,9.025,205.1,2.7,26.7,6.16261,12.23306,21.68226,42.30884,3.09,0.79596
7/8/2020,15:00:00,0.062899,10.65,211.6,3.5,27.1,6.25941,12.78086,22.37848,55.13121,3.868,0.86229
7/8/2020,16:00:00,0.054695,9.575,227.9,3.5,26.5,4.45257,10.77723,17.60441,66.65638,3.467,0.86229
7/8/2020,17:00:00,0.062899,9,252,3,24.9,4.22671,12.7149,19.19577,66.80606,4.434,0.6633
7/8/2020,18:00:00,0.073838,8.3,263.7,2.6,23.7,5.03334,19.28569,27.00337,50.84046,4.245,1.06128
7/8/2020,19:00:00,0.079308,7.65,278,2.1,21.3,5.74317,18.64487,27.45094,39.46497,4.033,0.79596
7/8/2020,20:00:00,0.071104,8.975,290,2.5,19.4,4.71069,15.55337,22.77632,37.71873,4.859,0.99495
7/8/2020,21:00:00,0.090246,7.775,307.7,2.7,18.2,4.54937,15.2537,22.22929,34.02669,4.41,0.59697
7/8/2020,22:00:00,0.095716,5.55,329.5,2.7,17.3,4.29125,12.46676,19.04658,33.97679,3.443,0.46431
7/8/2020,23:00:00,0.082042,4.075,340.7,2.6,16.3,4.09765,9.53115,15.81413,32.28045,2.665,0.79596
7/8/2020,24:00:00,0.087512,4.3,337.6,2.1,15.7,4.00086,12.0666,18.20117,30.73378,2.854,0.72963
8/8/2020,1:00:00,0.131279,3.925,323.1,2.5,15.6,4.26012,12.50299,19.03509,29.20374,2.712,0.53059
8/8/2020,2:00:00,0.128544,4.275,326,2.4,14.7,5.16379,9.79091,17.70861,28.07285,2.925,0.79588
8/8/2020,3:00:00,0.136749,4.2,323.5,2.6,13.9,5.97063,7.95685,17.11169,27.44088,2.783,0.59691
8/8/2020,4:00:00,0.125809,4.075,338.5,2.3,13.4,6.48701,6.86662,16.81323,25.99399,2.807,0.66323
8/8/2020,5:00:00,0.114869,4.3,348.4,2.7,13.5,9.0689,8.97645,22.88191,21.50367,2.618,0.46426
8/8/2020,6:00:00,0.117604,4.775,354.7,2.8,13.6,11.45715,11.03499,28.60238,20.10668,2.241,0.72956
8/8/2020,7:00:00,0.090255,3.925,9.4,2.9,15.1,11.45715,7.00579,24.57318,30.13507,1.91,0.72956
8/8/2020,8:00:00,0.0547,4.2,19,4.2,17.4,9.71438,4.80317,19.69834,36.5712,2.146,0.72956
8/8/2020,9:00:00,0.057435,4.325,24.4,4,18.3,10.00484,5.25318,20.59372,42.40863,2.146,0.99485
8/8/2020,10:00:00,0.084784,8.35,27.9,4.2,19.8,11.16669,5.3122,22.43422,45.95099,3.137,0.72956
8/8/2020,11:00:00,0.082049,7.65,32.9,4.1,20.8,12.07035,6.41376,24.92138,50.591,4.929,0.59691
8/8/2020,12:00:00,0.079315,8.9,36,4.1,21.7,11.39261,7.00527,24.47369,59.77122,3.962,0.92853
8/8/2020,13:00:00,0.082049,8.15,42.4,4.2,22.4,10.77941,7.29883,23.82703,69.05122,3.208,0.79588
8/8/2020,14:00:00,0.082049,8.05,44.5,4.5,22.2,9.42391,6.64135,21.09115,71.69552,2.877,0.79588
8/8/2020,15:00:00,0.076579,9.725,44.4,4.8,21.8,8.5848,5.68953,18.8527,71.49595,3.491,0.79588
8/8/2020,16:00:00,0.092989,10.375,44.1,4.9,20.8,10.84395,9.13985,25.76702,66.5067,3.892,0.66323
8/8/2020,17:00:00,0.090255,11.15,43.9,4.9,19.4,11.10214,6.85372,23.87677,60.71917,4.009,0.46426
8/8/2020,18:00:00,0.073844,9.725,41.3,4.6,17.7,9.87574,7.59008,22.73268,53.33508,4.269,0.66323
8/8/2020,19:00:00,0.079315,9.8,34.8,4.1,15.5,8.55252,6.78362,19.89731,49.34368,4.528,0.46426
8/8/2020,20:00:00,0.101195,8.25,32,4,13.8,8.16524,6.33284,18.8527,49.59315,4.104,0.92853
8/8/2020,21:00:00,0.109399,8.725,38.4,4.2,13.3,9.23027,6.68955,20.84243,46.40003,4.859,1.1275
8/8/2020,22:00:00,0.106664,8.35,31.6,4,12.8,8.35888,4.64312,17.45989,47.69723,5.047,0.72956
8/8/2020,23:00:00,0.087519,7.85,24.6,3.9,12.7,8.4557,4.64389,17.60912,48.5454,5.142,0.99485
8/8/2020,24:00:00,0.092989,7.7,22.3,4.1,12.4,8.61707,3.70006,16.91271,50.24175,4.741,0.72956
9/8/2020,1:00:00,0.06838,7.3,21.5,3,12.1,9.21123,3.78868,17.91237,52.88605,4.623,0.88422
9/8/2020,2:00:00,0.065645,8,23.7,3.2,11.8,8.60863,2.92142,16.12113,55.68003,4.741,1.06107
9/8/2020,3:00:00,0.06838,7.75,33.1,4,12.3,8.32885,2.05674,14.82746,56.07917,4.693,0.53053
9/8/2020,4:00:00,0.06838,9.2,32,3.9,12.1,8.16744,2.25448,14.77771,53.68433,5,0.72948
9/8/2020,5:00:00,0.057439,10.25,28.9,4,12.2,7.65092,2.34987,14.08111,49.8925,5.566,0.66317
9/8/2020,6:00:00,0.06838,12.375,31.6,4,12.3,7.03755,2.8923,13.68306,46.64949,6.203,0.72948
9/8/2020,7:00:00,0.057439,11.7,31.8,4.1,12.6,6.52104,2.88818,12.88696,46.79917,6.486,0.7958
9/8/2020,8:00:00,0.060175,13.3,37.1,4.1,13.2,6.19821,2.48755,11.99134,49.94239,6.934,0.72948
9/8/2020,9:00:00,0.060175,13.475,38.2,4.1,13.8,6.48875,3.33573,13.28501,47.8968,7.146,0.72948
9/8/2020,10:00:00,0.065645,14.9,38.7,4.1,14.6,8.29656,5.19115,17.91237,45.95099,7.618,0.99475
9/8/2020,11:00:00,0.057439,14.875,46.3,3.8,15.5,8.81308,5.24503,18.75823,48.5454,7.736,0.72948
9/8/2020,12:00:00,0.057439,15.475,49.7,3.7,16.3,8.19972,5.78746,18.36018,54.03358,8.585,0.7958
9/8/2020,13:00:00,0.051969,16.85,58.1,3.9,16.9,7.1344,6.12725,17.06651,60.71917,9.741,0.72948
9/8/2020,14:00:00,0.051969,19.1,57.7,4.1,17.7,6.39191,5.72327,15.52406,60.96864,10.377,0.7958
9/8/2020,15:00:00,0.054705,21.45,51.2,3.6,18,7.48951,5.23447,16.71821,62.71487,10.684,0.99475
9/8/2020,16:00:00,0.057439,20.1,48.6,3.6,18,7.23125,4.53581,15.62357,63.96219,10.401,0.92844
9/8/2020,17:00:00,0.051969,19.15,46.1,3.5,17.8,6.5856,5.07798,15.17576,64.01208,10.236,1.06107
9/8/2020,18:00:00,0.054705,19.2,51.8,3.2,17.6,6.32734,4.57835,14.28014,57.82541,9.906,0.72948
9/8/2020,19:00:00,0.065645,19.025,58.6,3.2,17.2,6.16593,3.88047,13.33477,56.62799,9.363,0.66317
9/8/2020,20:00:00,0.073851,17.275,53.2,3.4,16.3,6.81158,4.43295,14.87722,54.5325,8.939,0.7958
9/8/2020,21:00:00,0.079322,17.625,49.1,3.2,15.6,7.29581,4.03876,15.22552,56.92734,9.599,0.86212
9/8/2020,22:00:00,0.090262,22.175,51.4,3.1,15.1,7.71548,4.09187,15.92211,55.92949,10.967,0.46422
9/8/2020,23:00:00,0.082056,29.45,54.9,3.1,14.8,7.23125,3.98849,15.07625,53.53465,13.561,0.92844
9/8/2020,24:00:00,0.079322,32.725,48.5,3,14.7,5.84311,3.13155,12.09085,53.33508,12.995,0.92844
10/8/2020,1:00:00,0.08024,21.85,6.6,2.5,13.4,5.38184,2.1001,10.35214,53.35171,10.354,1.06096
10/8/2020,2:00:00,0.083886,19.7,20.5,2.7,12.7,4.90824,2.22904,9.7549,50.09207,9.717,0.97255
10/8/2020,3:00:00,0.09027,15.475,26.4,3.1,12.7,4.64991,2.5256,9.65536,49.54325,8.16,0.79572
10/8/2020,4:00:00,0.084799,14.5,25.3,2.8,12.4,4.52075,2.37526,9.30697,47.94669,7.925,0.79572
10/8/2020,5:00:00,0.087534,13.7,34.2,3.1,12.3,4.29471,3.81678,10.40191,43.65594,7.948,1.06096
10/8/2020,6:00:00,0.09027,14.85,33.2,3,12.2,5.45718,8.85282,17.22039,39.76432,7.995,0.72941
10/8/2020,7:00:00,0.098476,15.05,30,2.8,12.1,6.8457,9.51091,20.0075,40.41293,8.208,0.79572
10/8/2020,8:00:00,0.079327,16.45,27.4,3,12.4,5.58635,7.80868,16.3743,44.70368,8.514,0.59679
10/8/2020,9:00:00,0.049238,17.35,25.3,3.3,13,6.58737,9.16046,19.26095,45.30239,8.939,0.6631
10/8/2020,10:00:00,0.076593,19.2,27.8,3.2,14.8,6.58737,10.65355,20.75405,48.49551,10.118,1.12727
10/8/2020,11:00:00,0.087534,22.875,35.4,3.3,17.6,6.07071,9.05679,18.36509,54.08347,11.769,1.06096
10/8/2020,12:00:00,0.106683,23.675,34.7,3.4,19.4,5.65093,8.85436,17.51901,67.45466,11.722,1.06096
10/8/2020,13:00:00,0.164127,28.025,50.1,3.6,21.2,5.16657,8.80073,16.72269,86.01467,12.217,1.12727
10/8/2020,14:00:00,0.106683,24.375,64.9,3.8,23.3,4.77907,9.39488,16.72269,93.24908,10.024,0.92834
10/8/2020,15:00:00,0.109417,23.325,70.4,4,23.2,4.87595,12.03345,19.5098,94.94543,9.67,1.19358
10/8/2020,16:00:00,0.134037,23.925,72,4.1,22.9,6.03842,17.2188,26.47759,94.69597,10.283,1.06096
10/8/2020,17:00:00,0.131301,23.45,73.7,4,22.8,4.77907,12.38107,19.70888,100.28393,10.778,0.86203
10/8/2020,18:00:00,0.117624,25.175,68.1,3.8,21.7,3.55201,8.98693,14.43327,96.94113,12.524,0.99465
10/8/2020,19:00:00,0.12036,26.5,57.5,3.3,19.8,4.58533,15.91319,22.94392,70.39832,11.439,0.86203
10/8/2020,20:00:00,0.12583,23.725,48.3,3.1,18.1,3.58431,17.19922,22.69507,60.61939,11.368,0.53048
10/8/2020,21:00:00,0.144979,20.55,40.8,3.4,16.9,3.03536,14.70634,19.36049,55.53035,11.156,0.79572
10/8/2020,22:00:00,0.12583,17.75,38.5,4.1,16.1,3.00307,10.07748,14.68212,55.72992,10.542,0.53048
10/8/2020,23:00:00,0.139507,17.525,32,3.6,15.2,2.84161,9.23011,13.58718,54.5325,11.109,1.12727
10/8/2020,24:00:00,0.128566,17.375,30.5,3,15,2.80932,7.53767,11.84524,51.83831,11.934,1.06096
11/8/2020,1:00:00,0.071128,16.7,24.4,3.2,15.6,2.88544,5.59874,10.02302,51.75515,11.958,1.06086
11/8/2020,2:00:00,0.065656,19.05,36.2,3.1,15.7,2.71318,5.06634,9.22649,51.8882,13.113,1.06086
11/8/2020,3:00:00,0.065656,18.7,34.1,3.5,15.5,2.74548,4.25348,8.46315,54.08347,12.594,0.92825
11/8/2020,4:00:00,0.06292,15.25,31.5,3.6,15.2,2.55168,3.1567,7.06922,67.10541,11.203,1.25977
11/8/2020,5:00:00,0.060184,16.675,34.3,3.5,15.2,2.61628,4.00353,8.0151,73.74112,11.179,1.19346
11/8/2020,6:00:00,0.065656,18.525,38.7,3.3,15.1,2.87468,6.59432,11.00209,79.42886,11.934,1.25977
11/8/2020,7:00:00,0.073864,20.025,35.6,3.1,15.1,3.35917,10.03322,15.18388,80.87574,13.255,1.19346
11/8/2020,8:00:00,0.049242,21.25,33.2,2.9,15.5,4.10206,12.52831,18.81805,79.32908,13.585,0.92825
11/8/2020,9:00:00,0.06292,22.275,36.3,2.9,16.2,3.64987,12.02687,17.62326,79.62843,14.623,1.19346
11/8/2020,10:00:00,0.073864,25.35,45.7,2.6,17.2,4.23126,12.47956,18.9674,76.58499,16.604,1.19346
11/8/2020,11:00:00,0.095748,26.575,45.3,2.5,18.1,4.36046,12.18189,18.86784,79.1794,17.052,1.19346
11/8/2020,12:00:00,0.084806,27.375,60.8,2.4,20.2,3.26227,9.83332,14.8354,91.95188,17.948,1.12716
11/8/2020,13:00:00,0.095748,32.15,97.7,2.5,24,3.42377,12.42333,17.67304,100.83274,20.448,1.06086
11/8/2020,14:00:00,0.106692,31.85,122.5,2.9,25.6,3.22997,12.32222,17.27477,103.67662,18.75,0.79564
11/8/2020,15:00:00,0.142255,32.35,120.5,2.9,26.3,4.00517,18.00369,24.14486,108.31662,18.491,0.99455
11/8/2020,16:00:00,0.13952,36.85,114.1,3,26.3,3.13307,17.05085,21.85483,144.3889,20.401,1.12716
11/8/2020,17:00:00,0.161405,37.925,105.7,3,25.9,2.45478,20.82897,24.5929,147.08309,21.934,0.86195
11/8/2020,18:00:00,0.109427,31.7,102.1,3,24.7,1.64729,14.9481,17.47391,134.65986,18.255,0.86195
11/8/2020,19:00:00,0.12037,33.9,103.3,2.6,22.6,1.74418,18.98132,21.6557,117.24738,18.679,1.45868
11/8/2020,20:00:00,0.131312,31.55,91.6,2.6,20.4,1.58269,15.29607,17.72282,113.65512,18.892,1.06086
11/8/2020,21:00:00,0.095748,29.425,83.2,2.5,19,1.22739,10.51405,12.39602,115.70071,18.75,0.72934
11/8/2020,22:00:00,0.131312,31.625,79,2.4,17.8,1.35659,17.78343,19.8635,109.06501,19.953,0.92825
11/8/2020,23:00:00,0.153198,30.825,60.1,2,17.3,1.80879,21.37143,24.14486,95.04521,19.929,1.45868
11/8/2020,24:00:00,0.125841,31.25,36.3,2.1,16.9,1.51809,11.06398,13.39168,93.54844,20.755,1.06086
12/8/2020,1:00:00,0.084813,34.675,5.6,2.1,16.8,1.50773,8.70982,11.02163,90.9374,23.278,1.23755
12/8/2020,2:00:00,0.112172,39.675,13,2.2,16.6,1.63696,13.49131,16.00128,89.93955,28.609,1.23755
12/8/2020,3:00:00,0.123116,35.325,22.6,2.5,16.1,1.84158,10.52175,13.34547,71.79531,26.156,1.12705
12/8/2020,4:00:00,0.136796,34.925,15.9,2.2,15.5,1.87389,9.92445,12.79771,54.13336,26.981,0.92816
12/8/2020,5:00:00,0.117645,38.975,0.4,2.3,15,2.16466,9.22962,12.54872,51.93809,30.896,1.39224
12/8/2020,6:00:00,0.123116,38.225,11.7,1.7,14.9,3.42469,18.75081,24.00192,48.09637,30.566,1.39224
12/8/2020,7:00:00,0.136796,37.775,31.5,1.8,15.4,6.13859,23.60271,33.01509,41.2611,29.859,0.66297
12/8/2020,8:00:00,0.120381,37.825,18.6,1.7,15.8,6.5263,24.35275,34.3596,46.25035,28.184,1.12705
12/8/2020,9:00:00,0.109436,38.825,31.9,1.9,17.8,5.65397,19.31635,27.98565,56.72777,28.137,1.25964
12/8/2020,10:00:00,0.13406,34.5,42.7,2.2,21.6,4.49087,16.91684,23.80274,74.78886,25.212,0.79556
12/8/2020,11:00:00,0.101228,30.1,62.7,2.2,23.8,3.90932,14.024,20.0182,93.84779,21.203,0.79556
12/8/2020,12:00:00,0.071134,25.9,84.1,2.2,25.6,2.48775,11.42324,15.23774,108.31662,17.925,0.99446
12/8/2020,13:00:00,0.098492,25.725,97.6,2.3,26.6,2.81083,13.41768,17.72756,124.08265,17.335,0.99446
12/8/2020,14:00:00,0.145003,30.55,104.2,2.3,27.2,3.03699,16.70606,21.36271,133.91147,21.344,0.79556
12/8/2020,15:00:00,0.098492,34.25,104,2.4,27.6,2.2939,13.96132,17.47858,144.63836,21.179,0.86186
12/8/2020,16:00:00,0.103964,35.85,100.7,2.3,27.5,3.13392,20.49137,25.29663,135.15878,21.179,0.99446
12/8/2020,17:00:00,0.112172,33.775,105.5,2.4,27.2,2.10005,16.4496,19.66963,149.0289,19.717,0.86186
12/8/2020,18:00:00,0.093021,30.45,98.8,2.4,26.4,1.87389,17.44373,20.31698,131.31706,18.821,1.12705
12/8/2020,19:00:00,0.103964,31.05,109.4,2.6,24.3,2.03543,17.99278,21.11373,103.07791,19.198,0.72927
12/8/2020,20:00:00,0.090285,28.625,115.1,2.6,21.9,1.71235,14.05628,16.68184,97.68952,17.406,0.79556
12/8/2020,21:00:00,0.087549,27.5,104.8,2.3,20.3,1.71235,15.69956,18.32512,88.70887,16.745,1.12705
12/8/2020,22:00:00,0.071134,23.65,67.5,2.2,19,2.00312,11.76796,14.83936,85.21639,15.377,1.45854
12/8/2020,23:00:00,0.071134,19.65,37,2.5,18.1,2.13235,12.06776,15.33733,80.87574,13.561,0.92816
12/8/2020,24:00:00,0.076606,19.7,25.8,3.2,17.7,2.45544,9.87929,13.64425,78.33123,13.467,0.66297
13/08/2020,1:00:00,0.08026,18.9,12.1,2.7,16.5,2.58537,6.5291,10.49327,80.09409,13.278,0.88387
13/08/2020,2:00:00,0.062019,19.1,22.1,2.8,15.8,2.88699,4.67194,9.0986,85.08334,13.349,1.23742
13/08/2020,3:00:00,0.062931,17.95,17.4,3.6,15.5,3.13476,3.81054,8.6171,81.92349,13.396,1.19323
13/08/2020,4:00:00,0.060195,15.275,20.6,3.9,15.2,3.55488,3.11656,8.56729,81.67402,12.17,1.06065
13/08/2020,5:00:00,0.060195,18.475,19.2,4.2,15,3.68415,4.76131,10.41026,78.33123,14.528,0.92807
13/08/2020,6:00:00,0.054723,15.25,20.3,4.5,15.3,4.07195,8.45033,14.6939,73.54155,12.429,0.7292
13/08/2020,7:00:00,0.062931,10.2,20.2,3.9,15,4.97683,12.54195,20.17298,67.95359,8.16,0.86178
13/08/2020,8:00:00,0.065668,8.975,19.9,4.1,15.6,5.55854,12.84545,21.36842,69.50025,6.84,1.06065
13/08/2020,9:00:00,0.076613,10.5,24.5,4.3,16.2,4.9122,13.13915,20.67108,75.48735,7.972,0.92807
13/08/2020,10:00:00,0.068404,11.35,26,4.6,17.1,4.58903,11.69209,18.7285,81.92349,8.184,1.06065
13/08/2020,11:00:00,0.076613,9.375,28.4,4.5,17.9,5.46159,14.78726,23.16157,75.8366,6.887,0.79549
13/08/2020,12:00:00,0.057459,11.4,31.9,4.6,19,4.71829,10.39807,17.63268,83.1708,7.547,0.86178
13/08/2020,13:00:00,0.065668,10.65,32.1,5,20.6,5.26768,11.64769,19.72469,81.8237,8.042,0.92807
13/08/2020,14:00:00,0.04925,12.6,32.4,5,21.2,5.00915,11.9943,19.67488,79.02972,9.363,1.06065
13/08/2020,15:00:00,0.073875,14.15,32.9,5.3,21,6.30183,16.18863,25.8513,75.38757,10.259,0.79549
13/08/2020,16:00:00,0.07114,13.925,30.1,5.3,19.5,5.68781,13.9921,22.71328,76.73467,10.708,0.92807
13/08/2020,17:00:00,0.076613,13.15,29.5,4.9,18.1,5.20305,14.58596,22.56386,75.63703,10.448,1.3921
13/08/2020,18:00:00,0.068404,11.175,26.9,4.2,15.6,4.75061,12.73939,20.02355,74.09036,8.844,1.45839
13/08/2020,19:00:00,0.076613,9.9,24.4,4.4,14.7,4.45976,11.49182,18.33002,77.73252,8.467,0.86178
13/08/2020,20:00:00,0.07114,9.125,25.8,4.3,14.3,4.1689,9.04882,15.44105,79.42886,7.476,0.99436
13/08/2020,21:00:00,0.057459,6.95,26,4.2,14,3.975,7.40355,13.49847,80.57639,5.684,0.92807
13/08/2020,22:00:00,0.060195,7.075,24.7,4.4,13.7,3.91037,5.65969,11.6555,81.42456,5.825,1.06065
13/08/2020,23:00:00,0.054723,7.2,25.2,4.3,13.6,3.975,4.6142,10.70912,82.02327,6.109,1.19323
13/08/2020,24:00:00,0.04925,7.725,25.1,4.2,13.5,3.94268,4.06603,10.1114,82.42241,6.368,1.12694
14/08/2020,1:00:00,0.082091,7.1,30.1,4,15.6,3.70669,2.9525,8.63601,84.6842,5.802,0.79541
14/08/2020,2:00:00,0.084828,6.3,26.8,3.9,15.3,3.74979,2.55426,8.30386,87.8108,5.236,1.14892
14/08/2020,3:00:00,0.079355,6.35,24.5,4.4,14.9,3.52351,2.31995,7.72259,86.4637,5.047,1.12683
14/08/2020,4:00:00,0.079355,6.075,25,4.4,14.7,3.68514,2.62018,8.27064,90.10586,4.599,1.19311
14/08/2020,5:00:00,0.073882,7.2,26.9,4.3,14.7,3.81444,3.91661,9.76534,88.85854,5.92,1.45825
14/08/2020,6:00:00,0.079355,6.425,28.3,3.9,14.5,4.36398,7.75737,14.44871,84.41811,4.458,1.12683
14/08/2020,7:00:00,0.079355,4.775,26.7,4,14.3,5.04282,11.74864,19.48085,79.828,3.514,1.32568
14/08/2020,8:00:00,0.087564,4.8,26.2,4,14.5,5.49538,12.15083,20.57696,75.03832,3.208,1.45825
14/08/2020,9:00:00,0.095773,6.8,26.2,4.2,14.9,6.04492,13.50044,22.76918,69.64993,4.127,1.19311
14/08/2020,10:00:00,0.101246,6,26.9,4.4,15.6,6.10957,13.94936,23.31723,69.35058,3.821,0.99426
14/08/2020,11:00:00,0.087564,4.925,26.5,4.4,16.6,6.36817,13.10443,22.86882,72.94284,2.901,1.32568
14/08/2020,12:00:00,0.076618,8.425,26.7,4.4,17.6,7.04701,15.75047,26.55574,73.29208,5.189,0.92798
14/08/2020,13:00:00,0.087564,9.1,31.2,4.5,19.1,7.20864,14.40653,25.45963,73.69122,6.486,1.25939
14/08/2020,14:00:00,0.084828,10.325,30.8,4.4,19,6.5298,13.90288,23.91511,78.23144,7.217,1.06054
14/08/2020,15:00:00,0.114927,10.975,27.3,4.3,18.3,7.46725,15.75381,27.20344,79.37897,6.627,1.25939
14/08/2020,16:00:00,0.109456,9.05,25.4,4.1,17.7,7.95214,16.25591,28.44902,76.58499,5.731,1.06054
14/08/2020,17:00:00,0.093037,8.875,23.2,3.8,16.9,6.62678,14.55136,24.71228,75.188,5.708,1.32568
14/08/2020,18:00:00,0.079355,7.775,28.7,3.7,15.9,5.75398,15.54086,24.36352,73.34198,5.425,1.39196
14/08/2020,19:00:00,0.082091,8,32.1,3.8,15.2,4.55793,15.63098,22.61971,72.19445,5.731,0.92798
14/08/2020,20:00:00,0.095773,7.025,29.8,3.8,14.8,4.1377,13.83399,20.17837,72.84305,5.189,1.12683
14/08/2020,21:00:00,0.103983,6.625,29.6,3.6,14.5,4.10537,12.38887,18.68368,72.39402,4.788,0.92798
14/08/2020,22:00:00,0.095773,6.175,32,3.5,14.4,3.94374,8.65084,14.69783,73.34198,4.387,0.92798
14/08/2020,23:00:00,0.082091,5.325,34.6,3.5,14.3,3.68514,6.30709,11.95755,78.97983,4.009,1.19311
14/08/2020,24:00:00,0.073882,7.6,35.7,3.5,14.2,3.58816,3.76534,9.26711,84.5179,5.637,0.86169
15/08/2020,1:00:00,0.082098,7.35,14.9,2.4,13.4,3.66457,4.41481,10.03374,81.95675,5.708,1.14881
15/08/2020,2:00:00,0.068415,7.575,37.2,2.6,14.2,3.66457,2.68715,8.30608,88.6756,5.708,1.41392
15/08/2020,3:00:00,0.062942,6.975,29.9,2.5,14,3.65379,2.22192,7.82432,90.60478,4.976,1.32555
15/08/2020,4:00:00,0.073888,7.125,29.8,2.7,13.8,3.49212,2.07113,7.42563,89.55704,5.377,0.92788
15/08/2020,5:00:00,0.068415,8.375,44.1,2.8,13.5,3.75079,2.97024,8.72138,85.61553,5.731,0.99416
15/08/2020,6:00:00,0.062942,6.55,44.9,3,13.2,3.65379,3.76685,9.36925,85.96478,4.245,1.25927
15/08/2020,7:00:00,0.065678,6.15,41.3,2.8,13.3,3.78313,4.46559,10.26631,86.4637,3.939,1.32555
15/08/2020,8:00:00,0.057468,6.1,42.1,2.7,13.7,3.68613,4.66417,10.31615,88.35962,3.986,1.39182
15/08/2020,9:00:00,0.060205,5.8,44.7,2.6,14.2,3.88013,6.06113,12.01059,86.06456,3.939,1.39182
15/08/2020,10:00:00,0.060205,6.1,41.5,2.8,14.9,3.88013,7.35688,13.30633,81.57424,4.34,1.32555
15/08/2020,11:00:00,0.062942,8.35,42.3,3.1,15.8,4.36515,9.40404,16.09718,75.28778,5.401,1.52438
15/08/2020,12:00:00,0.054733,10.15,58.5,3.3,16.8,4.68849,10.90171,18.09063,73.69122,6.462,1.25927
15/08/2020,13:00:00,0.062942,12.15,59.4,3.4,17.3,4.30048,10.35042,16.94439,73.8409,7.783,1.25927
15/08/2020,14:00:00,0.068415,13.675,60.1,3.3,17.5,4.20348,11.2467,17.69194,76.5351,7.925,1.12672
15/08/2020,15:00:00,0.065678,11.125,57,3.4,17.5,4.52682,10.75091,17.69194,79.07961,7.146,1.12672
15/08/2020,16:00:00,0.068415,10.3,53.2,3.6,17.2,3.65379,8.2023,13.8047,78.88004,6.91,0.99416
15/08/2020,17:00:00,0.076625,11.85,55.2,3.7,17,3.58912,9.049,14.55225,73.8409,6.698,1.25927
15/08/2020,18:00:00,0.095781,10.65,63.4,3.7,15.8,3.68613,12.0898,17.74178,67.8538,6.698,0.66277
15/08/2020,19:00:00,0.093045,8.1,67.5,3.4,15.1,3.52445,10.19473,15.59881,66.70627,5.967,1.06044
15/08/2020,20:00:00,0.084835,9.45,66.4,3,14.7,3.55679,8.20152,13.65519,63.91229,6.061,1.19299
15/08/2020,21:00:00,0.076625,10.325,63.4,3.4,14.5,3.52445,8.99865,14.40274,62.66498,7.005,1.52438
15/08/2020,22:00:00,0.071152,8.125,63.7,3.1,14.3,3.45978,7.50304,12.80797,61.06842,5.613,0.99416
15/08/2020,23:00:00,0.068415,8.275,62,3.6,14,3.26578,4.56114,9.5686,62.71487,5.708,1.12672
15/08/2020,24:00:00,0.079362,12.175,59.5,3.4,13.8,3.45978,3.66563,8.97056,60.5196,7.972,1.19299
16/08/2020,1:00:00,0.047439,12.7,64.9,2.9,14.8,3.32056,2.95097,8.04243,57.94182,8.42,0.88361
16/08/2020,2:00:00,0.058386,12.55,63.8,2.7,14.5,3.44993,2.61967,7.9095,56.54483,8.184,0.79525
16/08/2020,3:00:00,0.068421,7.475,66.7,2.8,14.5,3.13728,2.11869,6.92912,55.92949,5.307,0.86152
16/08/2020,4:00:00,0.065684,8.8,68.4,3.2,14.5,3.00791,1.56931,6.18137,55.92949,6.226,0.72898
16/08/2020,5:00:00,0.060211,8.55,66,3.2,14.3,3.10494,1.86918,6.63002,56.77767,5.259,0.79525
16/08/2020,6:00:00,0.068421,9.025,59.6,3.5,14.2,3.0726,2.56682,7.27807,54.5824,5.425,1.25914
16/08/2020,7:00:00,0.062947,5.825,53.7,2.8,14.5,3.23431,2.91705,7.87626,54.23315,3.467,1.19287
16/08/2020,8:00:00,0.054737,3.675,55.8,2.9,14.7,3.36368,3.26703,8.42461,55.18111,2.288,0.72898
16/08/2020,9:00:00,0.062947,4.8,48.2,3.2,15.1,3.59009,4.21598,9.7207,53.8839,3.396,0.72898
16/08/2020,10:00:00,0.076632,7.15,50.3,3.2,15.5,3.88117,5.0159,10.96695,51.13981,4.929,1.19287
16/08/2020,11:00:00,0.079368,6,50.5,2.9,15.9,4.13992,6.1645,12.51229,48.84476,4.387,0.86152
16/08/2020,12:00:00,0.087579,9.2,93.3,3.3,17.6,3.94586,6.56176,12.61199,56.07917,6.792,1.1266
16/08/2020,13:00:00,0.090316,12.1,94.9,4.1,18.7,4.52804,7.56339,14.50628,53.78412,7.948,0.86152
16/08/2020,14:00:00,0.104,12.55,89.5,4,18.9,4.52804,7.61324,14.55613,51.68863,8.137,0.66271
16/08/2020,15:00:00,0.090316,12.175,88.5,3.9,19.1,4.04289,8.00817,14.20718,51.98799,7.689,1.06033
16/08/2020,16:00:00,0.093053,9.225,86.6,3.4,18.3,4.04289,7.60938,13.80839,55.18111,6.25,1.45796
16/08/2020,17:00:00,0.098526,8.55,71.8,3,17.8,4.10758,10.40148,16.69967,50.79057,5.519,0.86152
16/08/2020,18:00:00,0.084842,7.675,61.9,3.2,17,3.7518,8.6539,14.40658,53.48476,5.401,0.72898
16/08/2020,19:00:00,0.095789,8.75,69.9,3.4,16.3,3.62243,8.30392,13.85824,51.93809,5.731,1.19287
16/08/2020,20:00:00,0.082105,10.475,65.4,3.4,15.8,3.33134,7.40431,12.51229,52.88605,7.028,1.1266
16/08/2020,21:00:00,0.090316,12.125,61.3,2.4,14.5,3.23431,9.84617,14.80538,51.18971,7.759,0.79525
16/08/2020,22:00:00,0.095789,15.2,38,3.6,14.4,3.39603,8.05287,13.26004,48.79487,9.269,0.99406
16/08/2020,23:00:00,0.087579,15.9,30.4,3.9,14.1,3.33134,6.90581,12.01379,48.5953,9.976,1.1266
16/08/2020,24:00:00,0.095789,17.9,36.2,2.7,14,3.13728,6.15652,10.96695,49.59315,10.66,1.19287
17/08/2020,1:00:00,0.062953,15.275,36.9,3.8,14.1,2.84696,3.87876,8.24403,54.08347,9.859,0.88352
17/08/2020,2:00:00,0.049268,11.825,32.1,2.9,14,2.71755,2.34859,6.51544,57.34311,7.877,0.88352
17/08/2020,3:00:00,0.057479,6,26.8,3.4,14.2,2.7499,2.51506,6.73152,54.83186,3.868,0.86143
17/08/2020,4:00:00,0.054742,3.6,25.7,3.2,14.2,2.65285,3.26223,7.32987,52.18756,1.698,1.19276
17/08/2020,5:00:00,0.052005,3.4,24.8,2.6,14.2,3.10577,8.00283,12.76495,48.64519,2.075,0.79517
17/08/2020,6:00:00,0.071164,4.075,35,2.5,14.1,5.33805,16.79651,24.9814,40.06368,2.783,1.06023
17/08/2020,7:00:00,0.082112,4.75,18.3,2.7,14.2,7.95854,22.40205,34.60498,32.48002,3.16,1.25902
17/08/2020,8:00:00,0.090323,3.6,17.6,2.8,14.3,7.2468,16.66213,27.77373,36.07228,2.429,0.79517
17/08/2020,9:00:00,0.079375,3.325,23.9,2.6,14.8,7.34386,15.76536,27.02579,36.22196,1.675,1.12649
17/08/2020,10:00:00,0.076638,4.125,28.9,1.1,15.6,10.44963,15.44106,31.4636,39.46497,2.17,1.06023
17/08/2020,11:00:00,0.076638,9.75,353.5,0.5,16.5,16.79058,20.5776,46.3228,35.42368,5.047,0.66264
17/08/2020,12:00:00,0.090323,13.475,284.1,0.3,18.3,9.64084,26.20504,40.98745,33.82712,7.217,0.79517
17/08/2020,13:00:00,0.084849,14.725,178.9,0.9,20.6,9.0585,20.46615,34.35566,41.56045,10.495,0.72891
17/08/2020,14:00:00,0.095799,15.3,162.7,1.8,21.6,9.0585,20.11711,34.00662,50.94024,9.033,1.59034
17/08/2020,15:00:00,0.106747,13.05,154.2,2.2,20.4,7.66738,20.30548,32.06196,55.92949,7.5,2.18672
17/08/2020,16:00:00,0.109484,14.025,144,2.3,21,7.66738,24.74329,36.49977,60.07057,7.877,1.98793
17/08/2020,17:00:00,0.112221,11.975,149.3,2.2,20.8,7.69973,30.52767,42.33375,61.8667,6.769,2.31925
17/08/2020,18:00:00,0.073901,9.8,172.7,1.7,20,4.17338,22.97026,29.36935,77.28348,5.825,1.98793
17/08/2020,19:00:00,0.098536,10.575,242.4,1.3,18.1,4.98218,30.55589,38.19512,62.41552,6.038,1.39155
17/08/2020,20:00:00,0.156013,9.375,262.9,1.8,16.5,5.49981,37.54084,45.97376,40.46282,5.66,1.12649
17/08/2020,21:00:00,0.112221,10.7,271.3,2.1,15.4,4.14103,25.96178,32.31127,44.95314,6.321,1.06023
17/08/2020,22:00:00,0.177911,13.8,314,1.8,14.4,7.82914,38.20761,50.21212,28.88776,9.41,0.59638
17/08/2020,23:00:00,0.260023,16.575,351.5,1.6,13.7,13.03777,47.42391,67.41488,10.27786,11.297,1.06023
17/08/2020,24:00:00,0.208018,14.275,0.3,1.3,14,11.19372,35.49194,52.65541,4.29076,9.269,0.9277
18/08/2020,1:00:00,0.243622,16.225,234.7,1,13.1,7.55078,27.9244,39.5021,8.64803,10.731,0.97178
18/08/2020,2:00:00,0.240883,14.825,251.6,1.6,12.6,23.60157,29.78126,65.96984,1.19742,9.458,1.59018
18/08/2020,3:00:00,0.210774,15.1,257.9,0.9,12.9,13.65612,24.19904,45.13813,3.79183,10.613,1.45767
18/08/2020,4:00:00,0.199824,15.55,213.1,0.8,13.1,8.93149,21.76735,35.46211,3.3428,11.486,1.32515
18/08/2020,5:00:00,0.257308,18.525,177.7,1.9,13.2,19.64281,29.53361,59.65216,1.9957,14.882,1.39141
18/08/2020,6:00:00,0.29563,30.25,169.1,2.4,13.4,37.69996,38.60527,96.41106,1.9957,16.51,1.52392
18/08/2020,7:00:00,0.26552,25.375,168.6,2.7,14.6,42.23042,40.13764,104.89005,2.04559,12.335,1.7227
18/08/2020,8:00:00,0.210774,19.125,201.9,3,16.2,29.67456,40.7858,86.28615,4.54022,8.821,1.19264
18/08/2020,9:00:00,0.186138,13.4,211.3,2.7,15.8,22.71706,33.5482,68.38053,8.6813,7.052,0.92761
18/08/2020,10:00:00,0.180663,9.05,220.8,3.2,15.9,21.39027,30.84431,63.64227,12.47313,5.307,1.2589
18/08/2020,11:00:00,0.150552,6.9,231.3,3.6,16.3,11.19673,20.18934,37.35742,28.6383,3.278,1.12638
18/08/2020,12:00:00,0.134129,6.8,242.5,3.9,16.5,9.28746,15.53564,29.7762,37.96819,3.491,0.59632
18/08/2020,13:00:00,0.084857,7.25,257.7,3.4,17.1,7.28111,11.92856,23.09277,54.88175,2.995,1.06012
18/08/2020,14:00:00,0.068433,6.725,251,4.4,21.6,6.14849,12.81732,22.24487,57.57595,2.524,1.39141
18/08/2020,15:00:00,0.07117,6.325,259.1,4.2,22.1,6.43974,13.61766,23.49178,58.5738,2.547,1.32515
18/08/2020,16:00:00,0.073908,5.775,272.7,3.4,21,5.95433,13.66367,22.79351,54.88175,2.406,1.45767
18/08/2020,17:00:00,0.082119,5.35,292.5,2.6,19.7,4.53047,12.50517,19.45179,51.38928,2.406,1.12638
18/08/2020,18:00:00,0.087594,5.7,299.9,1.9,18.6,4.98351,15.90038,23.54166,45.50196,2.712,0.99387
18/08/2020,19:00:00,0.128653,5.45,296.5,1.1,17.4,6.24557,18.7035,28.27991,38.36733,2.83,1.39141
18/08/2020,20:00:00,0.177926,6.35,311.1,0.9,15.9,6.69862,24.39302,34.66409,26.6426,3.09,0.92761
18/08/2020,21:00:00,0.243622,8.05,313.4,0.8,14.7,15.40359,39.22575,62.84425,12.07399,4.316,1.32515
18/08/2020,22:00:00,0.366801,8.725,272.4,1.7,14.1,32.71644,44.451,94.61551,1.69635,5,1.59018
18/08/2020,23:00:00,0.37775,12.075,271.6,1.8,13.2,39.96519,36.87763,98.15674,1.14753,6.226,1.92147
18/08/2020,24:00:00,0.323004,11.7,265.7,1.9,13.6,33.8167,31.14276,82.99431,0.99785,6.675,1.2589
19/08/2020,1:00:00,0.313906,13.2,251.9,0.6,12.6,29.43435,27.24128,72.37333,1.19742,8.16,1.50169
19/08/2020,2:00:00,0.284705,14.8,265.7,1.3,12.2,37.6777,23.51529,81.28695,1.26394,8.585,1.50169
19/08/2020,3:00:00,0.260067,13.35,321,0.7,11.2,31.85125,20.00988,68.84779,1.09764,7.901,1.12627
19/08/2020,4:00:00,0.208054,14,354.1,0.9,11.6,30.07095,18.94803,65.05617,0.94796,7.995,1.72253
19/08/2020,5:00:00,0.219005,15.75,2.9,1,11.5,37.90428,18.31193,76.43102,1.09764,8.349,1.52378
19/08/2020,6:00:00,0.292919,17.925,39.6,0.7,11.9,66.35677,22.52961,124.27525,1.14753,9.34,1.85503
19/08/2020,7:00:00,0.235429,29.8,128.7,0.7,12.4,63.41118,35.52738,132.75649,0.89807,13.137,2.18628
19/08/2020,8:00:00,0.238167,45.95,128.1,1.5,13.2,62.01931,34.66817,129.76311,2.39484,17.193,1.65628
19/08/2020,9:00:00,0.177941,34.05,131.8,2.2,14,44.08679,28.68832,96.28712,5.9871,14.363,2.18628
19/08/2020,10:00:00,0.098552,20.825,135.6,2.7,14.5,15.24587,25.51523,48.89191,16.56431,10.047,1.72253
19/08/2020,11:00:00,0.062963,15.2,131.7,3,15.2,9.51653,19.88197,34.47378,31.13292,6.25,1.65628
19/08/2020,12:00:00,0.057488,16.725,116.6,3.5,16.3,6.60331,20.30779,30.43272,33.9269,5.967,1.65628
19/08/2020,13:00:00,0.098552,13.2,104.2,3.6,15.6,7.54201,23.35853,34.92279,28.18926,6.698,1.45752
19/08/2020,14:00:00,0.095815,13.05,121.4,3.6,16.1,7.7686,20.66629,32.57797,33.42798,7.146,0.86126
19/08/2020,15:00:00,0.128665,13.725,136,4.6,17,7.02411,23.8533,34.62345,30.03529,7.783,0.79501
19/08/2020,16:00:00,0.117715,9.05,132.3,5.1,17.3,6.66805,19.51007,29.73426,35.07443,5.33,0.86126
19/08/2020,17:00:00,0.131402,7.225,140.2,5.2,17.3,5.63223,19.15259,27.78856,31.33249,4.764,0.59626
19/08/2020,18:00:00,0.112239,5.15,149.6,5.4,17.4,5.5675,22.99358,31.53029,24.49722,2.972,0.59626
19/08/2020,19:00:00,0.114978,5.4,159.5,4.5,17.4,6.0854,19.50543,28.83625,24.74668,2.759,0.92752
19/08/2020,20:00:00,0.125927,8.55,160.4,3.7,17.5,5.1467,20.84498,28.73647,17.71184,3.939,0.66251
19/08/2020,21:00:00,0.104027,10.45,167.1,4.1,17.8,4.92011,17.94957,25.49364,19.3084,4.693,1.12627
19/08/2020,22:00:00,0.117715,16.05,178.7,4.4,18.1,6.86226,21.70676,32.22875,12.47313,6.038,0.86126
19/08/2020,23:00:00,0.109502,13.775,178.7,4.1,18,7.38017,20.06452,31.38062,11.12603,5.283,0.39751
19/08/2020,24:00:00,0.098552,11.525,171.2,3.4,17.2,7.31543,20.21368,31.43051,10.37764,4.505,0.79501
20/08/2020,1:00:00,0.147841,10.25,169.5,4.6,18.2,4.70558,12.14725,19.36237,17.69521,4.151,1.05991
20/08/2020,2:00:00,0.153316,9.35,202.4,4.7,18.4,4.36022,16.33635,23.02192,11.24244,4.104,0.61828
20/08/2020,3:00:00,0.136889,5.975,215,4.4,16.8,3.17303,4.61633,9.48157,34.07658,2.382,0.92742
20/08/2020,4:00:00,0.139627,12.475,219.8,3.6,15.1,3.30254,3.31988,8.38371,63.31358,5.189,1.12616
20/08/2020,5:00:00,0.117725,15.1,206.8,3.6,14,3.46443,7.91225,13.2243,63.01423,6.132,0.99367
20/08/2020,6:00:00,0.128676,16.525,200.3,4.2,14.1,5.34234,20.90198,29.09346,48.99444,6.675,1.25865
20/08/2020,7:00:00,0.145102,19.525,206.5,5,15.4,10.45804,32.17087,48.20631,33.2783,7.382,1.65611
20/08/2020,8:00:00,0.117725,19.575,204.7,5.8,16.9,11.04084,24.19103,41.12008,39.81422,7.476,1.52362
20/08/2020,9:00:00,0.090347,20.875,203,6,18.2,7.38215,14.0316,25.35073,49.39358,7.736,1.52362
20/08/2020,10:00:00,0.076658,17,197.6,6.1,19.3,7.86782,12.48847,24.55228,51.83831,6.486,1.85484
20/08/2020,11:00:00,0.106773,17,197.1,6.3,20.2,9.00104,15.14235,28.94375,48.5953,6.863,1.85484
20/08/2020,12:00:00,0.090347,16.275,192.6,6.5,20.8,8.38586,14.98774,27.84588,54.28304,6.84,1.7886
20/08/2020,13:00:00,0.062969,18.1,194.1,6.9,21.5,7.70593,13.78466,25.60025,60.71917,7.005,1.65611
20/08/2020,14:00:00,0.060231,16.85,191.2,6.6,21.5,6.73459,12.67906,23.00529,66.60649,6.816,1.32489
20/08/2020,15:00:00,0.068444,16.15,187.2,6.5,21.2,6.73459,13.07829,23.40451,69.05122,6.722,1.52362
20/08/2020,16:00:00,0.07392,15.3,186.9,6.4,20.7,7.47928,15.13024,26.59831,68.75187,6.439,1.85484
20/08/2020,17:00:00,0.052018,12.875,185.1,5.3,20.1,6.21654,16.26796,25.79986,68.80176,5.708,1.72236
20/08/2020,18:00:00,0.068444,12.65,178.9,4.8,19.1,5.9899,16.76518,25.94957,67.8538,5.307,1.12616
20/08/2020,19:00:00,0.062969,13.875,173.7,4.4,17.4,4.30625,20.49451,27.09734,60.76907,6.486,1.52362
20/08/2020,20:00:00,0.095823,14.375,175.2,5,16.4,3.75583,22.73576,28.49462,52.73637,6.981,1.25865
20/08/2020,21:00:00,0.109512,16.35,175.7,4.9,15.7,3.59394,27.57507,33.0857,44.40433,6.981,2.05358
20/08/2020,22:00:00,0.1232,17.125,175.9,5,15,3.82059,28.22561,34.08376,38.51701,7.618,1.92109
20/08/2020,23:00:00,0.1232,16.05,171.2,5.2,14.5,3.98247,28.82573,34.93211,32.87916,7.5,2.45105
20/08/2020,24:00:00,0.109512,14.45,166.9,5,14.2,4.04723,27.12955,33.33521,33.52776,6.769,2.78227
21/08/2020,1:00:00,0.098569,16.175,156.3,4.2,14.5,4.66366,26.59259,33.74344,33.19514,6.439,1.641096
21/08/2020,2:00:00,0.087617,10.4,158.9,4.4,14,3.32502,16.39901,21.4973,44.23802,5.071,2.5612
21/08/2020,3:00:00,0.106783,10.825,166.5,4.5,13.7,3.43297,14.9523,20.21611,43.20691,5.094,1.85466
21/08/2020,4:00:00,0.131425,10.775,172.7,4.8,13.9,3.854,21.2451,27.15448,36.37163,5.354,1.25852
21/08/2020,5:00:00,0.117734,11.55,183.6,5.5,14.4,4.40457,26.09137,32.84494,27.88991,5.401,1.45723
21/08/2020,6:00:00,0.109521,10.45,186.7,6.5,14.8,4.30741,17.60482,24.20942,39.51486,4.976,0.79486
21/08/2020,7:00:00,0.123211,12.45,191.7,7.3,15.6,6.08867,20.51414,29.84996,39.16561,5.896,1.391
21/08/2020,8:00:00,0.123211,12.775,197.9,8.1,17.5,7.18981,20.97215,31.99636,40.31314,6.604,1.391
21/08/2020,9:00:00,0.104045,12.75,200.2,7.6,16.5,5.63525,13.12292,21.76352,56.07917,5.259,1.32476
21/08/2020,10:00:00,0.06845,12.5,205.5,8,16.5,4.76082,9.92131,17.22113,67.2052,5.094,1.32476
21/08/2020,11:00:00,0.076665,12.425,209.7,8.1,16.8,5.34378,11.47336,19.66703,64.511,3.962,1.391
21/08/2020,12:00:00,0.101306,8.475,212.7,7.9,17,5.279,9.97535,18.06971,60.02068,3.585,1.25852
21/08/2020,13:00:00,0.084878,9.2,215.5,8.3,17.2,4.59889,8.82187,15.87339,59.62154,3.609,1.19228
21/08/2020,14:00:00,0.117734,4.425,217.6,8.1,17.2,6.38014,10.2337,20.01645,53.98369,2.241,0.99357
21/08/2020,15:00:00,0.076665,5.45,220.5,8,17.4,5.44094,7.73041,16.07306,57.42627,2.075,1.52347
21/08/2020,16:00:00,0.08214,7.275,220.2,7.2,17.3,4.43695,9.61924,16.42247,55.08132,3.514,1.12605
21/08/2020,17:00:00,0.08214,8.125,218.7,6.8,17,4.76082,8.9729,16.27272,55.28089,3.892,1.25852
21/08/2020,18:00:00,0.071189,8.9,219.8,6.6,16.2,3.95116,7.61872,13.67707,54.98154,4.34,1.12605
21/08/2020,19:00:00,0.095831,6.775,219.7,6.3,15.6,3.91877,10.11428,16.12297,51.2396,3.679,1.12605
21/08/2020,20:00:00,0.123211,7.475,221.4,5.9,15.2,4.14547,12.56198,18.91829,44.65379,4.08,1.05981
21/08/2020,21:00:00,0.098569,6.95,221.8,5.5,15,3.62729,7.56623,13.12799,53.43487,3.585,1.12605
21/08/2020,22:00:00,0.101306,7.425,220.3,5,14.8,3.46536,6.56661,11.88009,51.93809,3.939,1.32476
21/08/2020,23:00:00,0.101306,7.4,224.2,5.1,15.2,3.20627,5.56622,10.48243,55.97939,4.363,1.45723
21/08/2020,24:00:00,0.095831,7.7,227.4,5.7,15.4,2.97956,4.41634,8.98494,57.62584,4.458,1.391
22/08/2020,1:00:00,0.087625,6.55,225.2,5.1,14.7,2.80758,3.35098,7.65588,58.40749,3.491,0.97139
22/08/2020,2:00:00,0.083974,7.125,233.6,5.1,14.1,2.85078,2.61902,6.99015,62.93107,3.443,0.70647
22/08/2020,3:00:00,0.090363,3.05,238.5,4.6,14,2.78599,4.86534,9.13712,59.72132,1.84,1.32463
22/08/2020,4:00:00,0.090363,9.25,239.8,4.9,13.5,2.75359,4.81515,9.03726,51.8882,5.283,1.39086
22/08/2020,5:00:00,0.087625,10.375,237.9,4.2,13.1,2.88317,5.5152,9.936,54.98154,5.896,1.32463
22/08/2020,6:00:00,0.084886,10.575,237.5,4,13.2,3.46629,9.76385,15.07875,54.03358,6.132,1.19216
22/08/2020,7:00:00,0.087625,10.425,242.1,5,14.1,4.0494,8.32053,14.52953,55.72992,5.967,1.65578
22/08/2020,8:00:00,0.076671,8.275,243.4,5,15.1,4.95647,11.02395,18.62376,50.99014,4.835,1.2584
22/08/2020,9:00:00,0.054765,6.1,246.4,5.8,15.9,4.95647,6.87979,14.4796,49.34368,2.925,1.39086
22/08/2020,10:00:00,0.057503,5.15,250.1,5.6,16.9,5.34521,8.08119,16.27706,49.84261,2.689,1.2584
22/08/2020,11:00:00,0.052027,6.075,251.3,5.1,16.6,5.05365,9.4769,17.22573,52.5368,2.925,1.39086
22/08/2020,12:00:00,0.090363,4.975,253.6,5.1,17.4,4.0818,11.06692,17.32558,51.78842,2.17,1.72202
22/08/2020,13:00:00,0.10953,2.675,256.2,5.5,18.3,5.47479,13.7742,22.16876,44.20476,1.675,1.32463
22/08/2020,14:00:00,0.106792,3.4,261.2,4.8,18.5,6.60862,14.58209,24.71517,40.26325,1.698,1.12593
22/08/2020,15:00:00,0.084886,3.7,260.5,4.8,18,5.3776,10.37821,18.62376,48.39573,2.052,1.2584
22/08/2020,16:00:00,0.087625,4.35,250.4,5.1,17.5,6.44664,12.63355,22.51827,43.60605,2.571,1.2584
22/08/2020,17:00:00,0.071194,6.575,241.1,4.6,16.6,5.21563,11.72502,19.72221,45.20261,2.972,1.32463
22/08/2020,18:00:00,0.082147,8.225,244.3,4,15.5,4.7297,16.21483,23.46693,40.5626,3.703,1.85448
22/08/2020,19:00:00,0.087625,7.3,240.8,4.3,15,3.95222,13.46251,19.52249,42.45852,3.585,1.52332
22/08/2020,20:00:00,0.098577,7.125,245.6,4.6,15.1,3.72545,15.00853,20.7208,38.16776,3.821,1.65578
22/08/2020,21:00:00,0.101316,4.175,246.7,4,14.4,4.0494,16.75864,22.96763,36.67099,2.665,1.32463
22/08/2020,22:00:00,0.139652,4.525,253.8,4.5,14.6,6.18748,26.8115,36.29885,22.75098,3.042,1.52332
22/08/2020,23:00:00,0.115007,4,268.6,4.5,15.1,4.6973,19.11049,26.31292,26.29335,2.241,1.65578
22/08/2020,24:00:00,0.125959,5.575,282.3,4.3,14.2,4.6973,20.20894,27.41137,25.14582,2.901,1.45709
23/08/2020,1:00:00,0.117755,7.75,279.2,3.1,13.6,3.45641,10.48221,15.78197,38.71658,4.175,0.9713
23/08/2020,2:00:00,0.117755,7.05,291.4,3.7,13.2,3.24039,8.68255,13.65107,39.78095,3.868,0.9713
23/08/2020,3:00:00,0.106801,6.1,294.5,3.9,12.8,3.3052,5.86961,10.93751,43.10712,2.783,1.0596
23/08/2020,4:00:00,0.095847,4.275,289.1,3.9,12.9,3.01356,3.12043,7.74116,50.49121,2.146,0.99337
23/08/2020,5:00:00,0.101324,5.875,292.6,3.4,12.2,3.14318,9.11461,13.93408,49.49336,3.066,0.72847
23/08/2020,6:00:00,0.098586,7.025,291.9,3.5,12.8,3.37,9.71573,14.883,43.95529,3.491,0.92715
23/08/2020,7:00:00,0.087632,6.45,290.6,4.3,14.7,3.62923,8.26945,13.8342,47.04863,3.656,0.7947
23/08/2020,8:00:00,0.084893,6.85,280.9,4,14.7,3.85606,9.76954,15.68209,48.39573,3.915,0.99337
23/08/2020,9:00:00,0.084893,6.95,274,4.1,15.4,3.59683,8.21925,13.73431,55.33078,4.363,1.12582
23/08/2020,10:00:00,0.079416,7.3,280.1,4.8,16.7,4.11529,7.97366,14.28368,57.97509,4.552,0.72847
23/08/2020,11:00:00,0.068462,8.625,284.4,5.1,17.4,4.08289,8.97226,15.2326,55.72992,5,0.92715
23/08/2020,12:00:00,0.071201,8.975,279.2,4.5,18,3.85606,8.27125,14.1838,61.16821,5.259,0.99337
23/08/2020,13:00:00,0.071201,8.5,273.2,4.9,16.8,3.85606,10.16908,16.08163,57.92519,5.024,1.0596
23/08/2020,14:00:00,0.093109,5.125,262,4.3,15.7,3.95327,9.62049,15.68209,56.37853,3.42,0.99337
23/08/2020,15:00:00,0.087632,2.825,277.3,4.4,15.7,4.60135,8.27718,15.33248,49.94239,1.557,0.5298
23/08/2020,16:00:00,0.093109,3.95,279,4.6,15.5,4.95779,11.22665,18.82849,49.69293,2.052,1.0596
23/08/2020,17:00:00,0.082155,4.625,280.8,5,16.5,3.88847,8.97071,14.93294,54.28304,2.264,1.0596
23/08/2020,18:00:00,0.071201,5.375,280.6,4.2,15.6,3.69404,10.06791,15.73203,57.57595,2.783,1.3245
23/08/2020,19:00:00,0.09037,5.975,280.8,3.2,14,3.40241,10.91462,16.13157,53.68433,3.396,1.39072
23/08/2020,20:00:00,0.095847,6.925,265.2,3.2,13.2,3.20799,13.16051,18.07935,51.04003,3.467,1.12582
23/08/2020,21:00:00,0.095847,6.9,263.4,3.9,13.1,3.20799,10.56347,15.48231,50.19186,3.656,1.0596
23/08/2020,22:00:00,0.095847,6.625,267,4,13,3.3052,7.3679,12.43579,49.39358,3.632,0.86092
23/08/2020,23:00:00,0.098586,6.125,268.2,4,13.2,2.91635,7.91418,12.38585,45.9011,3.491,0.86092
23/08/2020,24:00:00,0.095847,6.425,262.4,3.4,13.1,2.88395,7.71415,12.13614,43.75572,3.703,0.86092
24/08/2020,1:00:00,0.136937,8.05,245.8,2.6,12.3,2.89552,10.01427,14.45401,36.98697,4.67,0.9712
24/08/2020,2:00:00,0.136937,7.775,262.7,3.4,12.2,2.80909,7.34925,11.65646,39.11572,4.552,0.61804
24/08/2020,3:00:00,0.123242,5.925,271.4,3.8,12,2.81989,5.26783,9.5916,42.5583,3.42,1.19193
24/08/2020,4:00:00,0.12872,4.55,277.8,3.8,11.6,2.88472,5.46817,9.89134,45.40218,2.311,1.05949
24/08/2020,5:00:00,0.123242,2.675,292.8,3,11,3.14402,7.41852,12.23928,41.80992,1.274,1.05949
24/08/2020,6:00:00,0.109549,3.25,308.1,3.4,10.8,4.57017,11.62619,18.63368,35.82282,1.486,1.05949
24/08/2020,7:00:00,0.117765,4.9,309,3.8,10.9,7.87625,17.29753,29.37428,32.97894,1.887,0.86084
24/08/2020,8:00:00,0.090378,5.225,300,3.8,11.3,7.71419,12.35057,24.17883,41.56045,1.981,1.19193
24/08/2020,9:00:00,0.0849,5.05,296,3.9,13.7,7.68178,9.75259,21.53115,50.69078,2.146,0.99327
24/08/2020,10:00:00,0.060252,5.5,306.1,3.9,15.6,5.57496,8.53689,17.08504,56.27874,2.241,1.25815
24/08/2020,11:00:00,0.043819,6,304.3,3.7,16.9,5.21842,8.68392,16.68539,59.92089,2.642,1.39058
24/08/2020,12:00:00,0.052036,6.8,300.5,3.6,17.7,5.31566,8.93448,17.08504,62.41552,2.972,0.99327
24/08/2020,13:00:00,0.057514,7.05,302.7,3.6,18.5,5.21842,8.88375,16.88522,65.45896,3.042,0.99327
24/08/2020,14:00:00,0.06299,6.15,304.3,3.2,18.7,6.54734,10.99247,21.03159,67.10541,2.854,1.32437
24/08/2020,15:00:00,0.082162,5.825,304.2,2.9,18.8,5.96391,10.63814,19.78268,68.90154,2.854,0.99327
24/08/2020,16:00:00,0.068468,6.85,304.6,2.4,18.6,5.99632,10.38862,19.58285,70.14886,3.113,1.05949
24/08/2020,17:00:00,0.076685,7.075,302.4,1.8,18.1,5.31566,14.03001,22.18058,70.09896,3.632,1.39058
24/08/2020,18:00:00,0.087639,7.3,306.5,1.3,17.3,4.99153,16.02569,23.67927,65.8581,3.514,1.05949
24/08/2020,19:00:00,0.131459,6.8,339.6,0.9,15,5.76944,20.07833,28.92467,57.07702,3.42,1.19193
24/08/2020,20:00:00,0.183494,10.075,38.6,1.1,13.5,7.26041,30.68091,41.81339,40.06368,5.59,0.99327
24/08/2020,21:00:00,0.205404,13.6,82.2,1.7,12.3,5.73702,29.12015,37.9168,33.97679,9.434,0.79462
24/08/2020,22:00:00,0.156108,13.8,104.9,2.5,11.6,4.18122,18.66693,25.07804,42.80777,6.462,1.32437
24/08/2020,23:00:00,0.15063,11.325,113.2,2.5,11.1,3.92192,17.61578,23.62931,34.97464,5.943,0.7284
24/08/2020,24:00:00,0.145152,10.775,121,2.5,11.1,3.79227,14.8172,20.63194,34.77507,5.967,0.92706
25/08/2020,1:00:00,0.058431,10.825,116,2.5,12.2,3.37181,12.15275,17.32278,34.05995,6.462,1.23595
25/08/2020,2:00:00,0.091299,10.9,132.3,3,12.7,3.54472,12.48725,17.92242,33.39471,6.58,1.41252
25/08/2020,3:00:00,0.082169,11.4,136.7,3.2,13,3.59876,10.82203,16.34005,34.72518,6.792,1.32423
25/08/2020,4:00:00,0.084907,11.875,150,3.9,13.7,3.53392,11.77094,17.18953,29.43658,7.476,1.32423
25/08/2020,5:00:00,0.098603,10.075,145.3,5.1,14.3,3.85813,15.12148,21.03719,24.6469,7.076,1.05939
25/08/2020,6:00:00,0.106819,7.1,143,6.2,14.5,6.19246,22.68543,32.1804,13.72044,5.236,0.72833
25/08/2020,7:00:00,0.106819,5.875,154.1,6.1,15,6.12761,21.58559,30.98113,21.3041,3.915,1.05939
25/08/2020,8:00:00,0.101341,5.725,158.8,7,15.2,6.8733,21.19176,31.73068,24.44733,2.547,0.99318
25/08/2020,9:00:00,0.104081,6.325,178,7,15.5,6.51667,16.89154,26.88363,32.43013,1.604,0.79454
25/08/2020,10:00:00,0.093124,3.825,187.9,6.9,16.2,9.9209,20.76626,35.97809,30.73378,1.769,1.39045
25/08/2020,11:00:00,0.117775,4.15,194.7,6.5,17.6,10.95838,21.2742,38.07681,30.73378,2.123,1.98635
25/08/2020,12:00:00,0.106819,4.2,211,6.3,18.3,12.0607,19.18424,37.67706,33.07873,2.217,2.18499
25/08/2020,13:00:00,0.117775,5.125,216.6,7.3,17.5,12.32007,24.03335,42.92386,26.84217,3.066,1.85393
25/08/2020,14:00:00,0.062996,5.65,224.4,7.2,16.9,8.13773,12.20729,24.68497,43.00734,1.84,1.58908
25/08/2020,15:00:00,0.073952,5.075,228.3,6.9,16.4,6.06277,11.04149,20.33762,42.65809,1.627,1.65529
25/08/2020,16:00:00,0.117775,4.825,221.7,6.6,15.8,8.81858,19.35835,32.87998,35.47357,2.476,1.7215
25/08/2020,17:00:00,0.093124,3.625,228.4,7.4,15.3,6.67878,12.59545,22.83609,44.45422,2.099,0.72833
25/08/2020,18:00:00,0.095864,2.675,234,8.4,14.9,5.99793,11.89046,21.08716,46.5497,1.627,0.99318
25/08/2020,19:00:00,0.106819,1.675,241.6,8.8,14.7,4.7335,12.13026,19.38819,44.30454,1.085,0.99318
25/08/2020,20:00:00,0.104081,1.325,256,9.6,14.7,4.70108,12.92952,20.13774,39.46497,0.802,1.19181
25/08/2020,21:00:00,0.123253,2.225,263.7,8.2,15,5.12256,14.73177,22.58625,34.47572,1.061,1.1256
25/08/2020,22:00:00,0.128731,2.275,273.6,7.4,15.4,4.53897,12.82829,19.78795,40.01379,1.108,1.05939
25/08/2020,23:00:00,0.109558,1.875,284.3,6.8,15.7,4.21476,10.07738,16.53993,42.80777,0.778,1.39045
25/08/2020,24:00:00,0.112298,3.55,292.8,7.1,15.7,3.89055,9.47517,15.4406,39.11572,1.698,1.25802
26/08/2020,1:00:00,0.131481,3.45,287.6,6.8,15.8,3.41595,6.42495,11.66267,45.63501,1.745,0.88274
26/08/2020,2:00:00,0.139699,3.575,296.4,6.9,15.3,3.28623,7.89009,12.92891,49.09422,1.722,0.61791
26/08/2020,3:00:00,0.123263,2.05,304.7,5.4,15.3,3.1457,6.62274,11.44608,48.04648,0.943,0.59585
26/08/2020,4:00:00,0.115046,1.95,314.4,5.1,15.1,2.88626,3.02191,7.44745,48.84476,0.566,0.66205
26/08/2020,5:00:00,0.104089,1.175,317,4.6,14.5,2.98355,3.92237,8.49709,51.48906,0.283,1.05928
26/08/2020,6:00:00,0.098611,1.375,317.1,4.8,14,4.66991,10.13365,17.29408,46.10067,0.354,1.05928
26/08/2020,7:00:00,0.105915,1.25,321,4.9,14.5,7.88047,16.90685,28.99007,41.95959,0.448,0.92687
26/08/2020,8:00:00,0.098611,1.775,314.8,4.9,15.7,8.17234,16.00948,28.54023,41.56045,0.566,0.92687
26/08/2020,9:00:00,0.090393,2.05,315.7,5.2,16.7,7.55617,11.15624,22.74221,44.554,0.59,0.92687
26/08/2020,10:00:00,0.084916,36.8,321.3,4.8,17.9,7.55617,11.80602,23.39199,44.85336,5.33,1.12549
26/08/2020,11:00:00,0.060262,2.85,320,4.8,18.9,7.39402,12.30456,23.6419,47.99659,0.802,1.12549
26/08/2020,12:00:00,0.065741,2.575,303.8,4.2,17.7,7.13458,13.50209,24.44163,47.09852,0.967,0.99308
26/08/2020,13:00:00,0.060262,3.375,289.1,4.4,15.8,6.58327,9.39911,19.49333,50.29164,0.92,0.99308
26/08/2020,14:00:00,0.063002,3.05,288.2,4.1,15.4,6.35626,12.44626,22.1924,48.19616,1.085,0.92687
26/08/2020,15:00:00,0.120525,4.925,293.2,3.7,15.2,8.04262,17.70787,30.03971,40.01379,1.344,0.99308
26/08/2020,16:00:00,0.104089,4.975,298.9,3.3,15.1,7.49131,17.60352,29.09004,53.08562,1.675,0.79446
26/08/2020,17:00:00,0.079437,6.8,305.8,2.9,15,6.74542,17.24771,27.59055,55.92949,3.042,0.99308
26/08/2020,18:00:00,0.095872,6.15,297.9,2.6,14.8,5.64281,18.73844,27.39062,55.03143,3.113,1.12549
26/08/2020,19:00:00,0.109568,6.6,280.1,2.4,13.2,4.60505,18.1304,25.19137,51.73852,3.491,0.99308
26/08/2020,20:00:00,0.131481,8.25,277,2.7,12.4,3.98888,20.72461,26.84081,45.00304,4.929,0.86067
26/08/2020,21:00:00,0.128742,9.325,280.8,2.8,11.8,3.92402,21.5738,27.59055,41.36088,5.684,1.12549
26/08/2020,22:00:00,0.13696,10.375,271.2,2.1,10.9,5.15636,21.53361,29.43992,38.31744,6.462,1.39031
26/08/2020,23:00:00,0.199961,11.6,244.2,1.7,10,9.08038,37.65928,51.58233,19.80732,6.863,1.05928
26/08/2020,24:00:00,0.279398,15.5,284,1.9,10.9,14.91776,43.70361,66.5772,3.9914,9.882,0.79446
27/08/2020,1:00:00,0.147929,19.425,229.5,1.6,10.3,16.08955,44.65776,69.32805,1.26394,9.623,1.14744
27/08/2020,2:00:00,0.169844,16.15,247.8,1.5,9.6,13.84047,33.77405,54.99581,2.72746,9.387,1.17595
27/08/2020,3:00:00,0.186281,15.25,266.1,1.8,10,15.92735,31.22416,55.64576,1.09764,9.245,0.79438
27/08/2020,4:00:00,0.197239,16.825,287.9,1.6,10.2,21.44192,26.56833,59.44547,1.19742,9.127,0.92678
27/08/2020,5:00:00,0.216414,20.875,277.5,1.5,10.6,31.69251,28.7996,77.39411,0.99785,12.948,1.19157
27/08/2020,6:00:00,0.273943,21.225,58.4,0.4,10.6,76.68485,39.40625,156.98804,0.54882,11.321,1.85356
27/08/2020,7:00:00,0.268463,22.925,99.2,0.9,10.2,68.76983,41.94317,147.38878,1.14753,11.722,1.65496
27/08/2020,8:00:00,0.243809,43.475,122.9,0.5,10.5,68.9969,40.79506,146.58884,2.54452,15.684,2.11835
27/08/2020,9:00:00,0.205457,39.275,117,0.8,11.4,52.06395,34.91098,114.74126,8.73119,16.863,4.76629
27/08/2020,10:00:00,0.104098,29.625,127.2,1.5,13.1,23.35579,28.48339,64.2951,18.46023,13.561,4.10431
27/08/2020,11:00:00,0.068485,20.075,138.7,2.4,15.1,11.58058,27.88988,45.64652,23.39958,8.679,3.11133
27/08/2020,12:00:00,0.060267,14.825,156.1,2.8,16.6,10.80205,25.1839,41.74682,32.18066,6.509,3.70712
27/08/2020,13:00:00,0.112316,16.275,160.2,2.7,16.6,14.07835,35.60914,57.19564,17.9613,8.373,3.11133
27/08/2020,14:00:00,0.158887,19.85,170.6,3,17.2,19.85242,39.55471,69.99467,12.77248,8.703,3.90571
27/08/2020,15:00:00,0.135145,16.75,207.6,3.4,16.6,11.46164,39.55472,57.12898,14.41893,8.467,1.404204
27/08/2020,16:00:00,0.116882,13.325,200.6,3.4,16,15.939104,45.785762,70.225382,13.42108,7.052,3.04513
27/08/2020,17:00:00,0.126014,7.675,195.6,3,15.1,14.11079,44.7087,66.34495,22.50152,4.882,1.78736
27/08/2020,18:00:00,0.131493,7.275,199.3,2.5,13.7,14.04591,37.60873,59.1455,19.80732,4.41,1.12537
27/08/2020,19:00:00,0.150668,7.875,117.8,2.3,12.7,6.68235,40.6,50.84613,17.91141,4.835,1.45637
27/08/2020,20:00:00,0.167105,8,199.6,0.6,11.6,2.40046,29.51682,33.19747,27.49077,5.354,1.32397
27/08/2020,21:00:00,0.153408,8.525,311.9,0.5,11.3,2.78972,28.66998,32.94749,23.34969,5.802,0.92678
27/08/2020,22:00:00,0.109577,6.775,28.9,0.5,11,2.88704,20.92134,25.34807,31.73163,4.788,0.66198
27/08/2020,23:00:00,0.106837,7.925,23.2,1.4,10.4,3.47093,17.17627,22.49829,29.73593,5.755,0.72819
27/08/2020,24:00:00,0.073965,10.025,7.3,1.8,10.6,2.04363,8.96555,12.09908,33.9269,6.321,0.66198
28/08/2020,1:00:00,0.105934,8.525,22.5,2.5,11.6,1.81705,6.68237,9.46847,37.85178,5.566,0.97082
28/08/2020,2:00:00,0.091322,7.2,24.2,2.5,11.7,1.55747,5.08,7.46809,44.50411,4.599,0.7943
28/08/2020,3:00:00,0.101368,7.2,29.3,2.6,12,1.58992,5.96376,8.4016,41.11142,4.34,1.19146
28/08/2020,4:00:00,0.101368,6.3,33.3,2.4,12.2,1.46013,5.8127,8.05153,42.10927,3.609,1.05907
28/08/2020,5:00:00,0.093149,6.7,28.5,2.3,12.3,1.39523,7.41249,9.55182,49.94239,2.925,0.99288
28/08/2020,6:00:00,0.087669,5.4,41.4,3.6,12.6,2.69312,14.32411,18.45351,48.79487,2.17,1.19146
28/08/2020,7:00:00,0.131503,4.175,47.6,5.6,12.6,7.78735,31.76787,43.70831,32.43013,1.91,0.72811
28/08/2020,8:00:00,0.098628,2.525,43.9,6.4,12.5,3.82878,14.13309,20.0038,51.8882,1.58,0.72811
28/08/2020,9:00:00,0.087669,2.65,40,6.5,12.5,3.43941,10.17925,15.45294,54.98154,1.439,0.99288
28/08/2020,10:00:00,0.093149,3.275,34.2,6.3,12.6,2.79047,9.07388,13.35254,54.38283,1.792,0.99288
28/08/2020,11:00:00,0.095888,3.725,32.3,6,13.1,3.5692,8.42994,13.90264,54.68218,2.241,0.99288
28/08/2020,12:00:00,0.098628,3.475,36.3,6.2,13.8,4.25059,9.1855,15.70299,55.63014,2.028,0.92669
28/08/2020,13:00:00,0.106847,5.175,34.7,7.1,14,4.05591,10.43419,16.65317,53.13551,2.972,1.12526
28/08/2020,14:00:00,0.117805,7.6,34.8,6.9,14.5,5.80806,15.24902,24.15459,51.63874,4.151,0.92669
28/08/2020,15:00:00,0.126025,8.75,30.9,7,14.6,5.90541,16.09995,25.15478,49.59315,4.929,1.05907
28/08/2020,16:00:00,0.120545,7.675,26.9,6.8,13.6,4.21815,14.08617,20.55391,52.48691,4.552,0.92669
28/08/2020,17:00:00,0.07945,8.1,18.8,5.4,13.1,3.53675,11.78032,17.20327,54.33293,4.292,1.19146
28/08/2020,18:00:00,0.07671,8.65,16.4,5,12.1,2.62823,11.97315,16.00304,52.38713,3.844,0.92669
28/08/2020,19:00:00,0.087669,8.725,14.7,5.5,11.3,2.88781,11.22507,15.65298,51.83831,3.656,0.99288
28/08/2020,20:00:00,0.08219,8.85,8.8,5.2,10.4,2.23886,10.86984,14.30272,52.08777,3.656,1.05907
28/08/2020,21:00:00,0.071232,7.45,2.5,5.1,9.9,1.88194,9.51675,12.40236,50.84046,3.302,0.59573
28/08/2020,22:00:00,0.065752,6.475,2.1,5,9.5,1.7846,8.41577,11.15212,51.33938,2.689,1.12526
28/08/2020,23:00:00,0.060273,5.975,3.5,5.1,9.3,1.39523,6.91239,9.05172,52.78627,2.594,1.19146
28/08/2020,24:00:00,0.060273,6.6,0.3,5.1,9.4,0.90852,5.00817,6.40122,53.38498,2.925,1.05907
29/08/2020,1:00:00,0.076717,10.45,349.3,4.8,9.2,0.56257,4.53987,5.40246,54.28304,4.434,1.32371
29/08/2020,2:00:00,0.076717,11.325,1.6,5.6,9.4,-0.04328,4.06818,4.00183,53.8839,4.717,1.67669
29/08/2020,3:00:00,0.063018,9.525,6.4,6.4,9.4,0.09737,3.65244,3.80173,52.08777,4.127,1.12515
29/08/2020,4:00:00,0.068497,8.85,7.7,6.4,9.2,0,3.10142,3.10142,50.84046,3.467,1.32371
29/08/2020,5:00:00,0.071237,6.425,5.2,6.5,8.9,0.19474,3.80328,4.10187,50.44132,2.736,1.19134
29/08/2020,6:00:00,0.071237,5.45,1,6.6,8.7,0.77894,6.00892,7.20329,52.93594,2.17,1.25752
29/08/2020,7:00:00,0.057538,5.25,358.5,6.5,9.5,1.55789,7.966,10.35472,50.04218,2.075,1.19134
29/08/2020,8:00:00,0.068497,5.025,359.3,6.3,11.6,1.78508,8.06785,10.80493,48.99444,2.052,1.38989
29/08/2020,9:00:00,0.071237,6.625,1.4,6.9,13.1,2.4342,8.77332,12.5057,48.99444,3.703,0.99278
29/08/2020,10:00:00,0.082197,5.85,358.5,7.1,14.3,3.2456,10.33047,15.30698,49.94239,2.311,1.45608
29/08/2020,11:00:00,0.073977,4.725,8.5,6.5,14.7,3.08332,9.32873,14.05641,52.28734,2.099,1.32371
29/08/2020,12:00:00,0.087677,6.05,6.8,6.5,14.2,3.21314,9.98005,14.9068,49.44347,2.335,0.9266
29/08/2020,13:00:00,0.098637,6.5,8.2,6.5,14.1,4.41401,12.99096,19.75901,47.49766,2.547,1.12515
29/08/2020,14:00:00,0.109595,5.05,9.9,6.2,13.4,4.31664,13.79055,20.40931,47.99659,2.311,1.25752
29/08/2020,15:00:00,0.112336,4.925,10.2,6.2,12.8,4.77103,12.24345,19.55892,45.80132,2.146,1.38989
29/08/2020,16:00:00,0.084937,5.5,8.4,6,12.4,2.79121,12.67794,16.95773,48.24605,2.453,1.32371
29/08/2020,17:00:00,0.076717,7.775,9.2,6,12,2.36929,12.17436,15.80721,49.34368,3.349,0.99278
29/08/2020,18:00:00,0.093157,8.125,10.4,6.5,11.3,3.05086,15.73139,20.40931,47.2482,3.585,1.12515
29/08/2020,19:00:00,0.073977,9.15,10.3,6,10.9,1.23333,13.01573,14.9068,52.48691,3.962,0.9266
29/08/2020,20:00:00,0.063018,7.85,11.7,6,10.4,0.8114,11.21155,12.45568,55.38068,3.443,1.12515
29/08/2020,21:00:00,0.073977,8,9.3,5.7,9.9,1.07105,12.91439,14.55664,53.13551,3.278,1.25752
29/08/2020,22:00:00,0.087677,6.6,3.6,5.5,9.6,0.74649,12.41159,13.55618,50.24175,3.019,1.25752
29/08/2020,23:00:00,0.076717,7.475,3.4,5.4,9.4,0.94122,11.66279,13.10598,52.33723,3.231,1.25752
29/08/2020,24:00:00,0.082197,9.6,1.8,4.9,8.9,0.64912,9.40944,10.40475,54.5824,3.726,1.05897
30/08/2020,1:00:00,0.112345,10.5,337.2,3.6,7.5,1.12544,9.41573,11.14138,54.14999,4.269,0.97062
30/08/2020,2:00:00,0.104125,10.875,342,3.4,7.3,1.08216,5.8795,7.53878,54.01695,4.292,1.32357
30/08/2020,3:00:00,0.104125,10.45,349.8,3.5,7.3,0.81162,5.26024,6.5047,53.78412,4.151,1.2574
30/08/2020,4:00:00,0.098645,8.65,351.6,3,7.1,0.38958,3.65573,4.25307,53.93379,3.679,1.19122
30/08/2020,5:00:00,0.095904,7.175,344.7,2.6,6.6,0.42204,4.45657,5.10368,50.591,3.137,0.99268
30/08/2020,6:00:00,0.109605,6.6,340,2.7,6.3,1.16873,9.11585,10.90788,42.70798,2.807,0.79415
30/08/2020,7:00:00,0.120566,5.825,351.6,3.5,7.6,2.36992,11.92741,15.56124,35.87271,2.571,0.99268
30/08/2020,8:00:00,0.101384,4.875,356.1,3.7,9.6,2.92182,11.08118,15.56124,38.86626,2.123,1.05886
30/08/2020,9:00:00,0.131527,4.725,7.8,4.3,11.7,1.68816,6.21788,8.80636,54.78197,1.887,0.9265
30/08/2020,10:00:00,0.112345,4.6,13,4.3,13.4,1.52584,6.3667,8.70629,56.22885,1.981,1.19122
30/08/2020,11:00:00,0.076723,4.65,14.1,4.4,14.2,2.43485,6.92431,10.6577,60.36993,2.005,1.19122
30/08/2020,12:00:00,0.049322,3.85,17,3.8,15,2.33745,7.92426,11.50831,60.66928,1.84,0.66179
30/08/2020,13:00:00,0.071243,3.75,17.5,3.4,15.9,2.79196,10.98007,15.26102,57.8753,1.863,1.05886
30/08/2020,14:00:00,0.101384,3.85,17.4,3.1,15.7,2.53224,11.17816,15.06087,59.27229,1.863,0.72797
30/08/2020,15:00:00,0.101384,2.975,11.9,2.7,14.9,1.85048,9.52155,12.35892,60.17036,1.627,0.9265
30/08/2020,16:00:00,0.101384,3.05,7.2,2.1,14.4,2.2076,11.92612,15.31105,62.01638,1.58,1.2574
30/08/2020,17:00:00,0.106865,3.05,17.7,1.7,14.6,1.88295,13.57474,16.46189,58.77337,1.722,0.79415
30/08/2020,18:00:00,0.120566,3.575,18.5,1,14,2.49978,17.53249,21.36543,57.02713,2.005,0.86033
30/08/2020,19:00:00,0.180849,5.85,249,0.1,13.5,3.34386,27.49638,32.62356,43.10712,3.514,0.9265
30/08/2020,20:00:00,0.18907,9.225,230.8,0.5,11,3.70097,37.90673,43.58147,31.23271,4.363,0.86033
30/08/2020,21:00:00,0.331556,10.9,306,0.6,9.8,28.86107,51.41606,95.66908,10.97635,6.557,1.19122
30/08/2020,22:00:00,0.375397,13.925,352.2,0.8,8.9,32.07507,53.84331,103.02439,4.88947,9.623,1.38975
30/08/2020,23:00:00,0.43294,16.675,320,0.4,7.9,34.02294,43.25111,95.41889,1.79613,12.311,1.12504
30/08/2020,24:00:00,0.298674,17.4,340.8,0.8,7.4,6.65525,35.3283,45.53288,7.28431,13.349,1.05886
31/08/2020,1:00:00,0.332498,13.025,304.3,0.8,6.9,11.21412,35.45726,52.65201,4.19097,10.142,0.79407
31/08/2020,2:00:00,0.317882,12.45,307.1,1.4,6.4,15.4573,35.22401,58.92487,2.99355,9.41,0.79407
31/08/2020,3:00:00,0.339806,11.65,307.1,2,5.4,17.30828,29.61648,56.15547,1.44688,9.009,0.7279
31/08/2020,4:00:00,0.276777,9.75,311.5,1.7,4.9,10.84609,25.41109,42.04153,2.14538,7.429,0.66172
31/08/2020,5:00:00,0.22471,7.9,314,1.5,4.5,8.2807,25.69103,38.38792,3.94151,5.401,0.7279
31/08/2020,6:00:00,0.22471,7.525,335.3,1.5,4.3,17.21086,28.71481,55.10443,5.28861,4.788,0.86024
31/08/2020,7:00:00,0.22745,8.775,342.6,1.1,6.5,25.75134,23.3272,62.81204,4.19097,5.66,0.7279
31/08/2020,8:00:00,0.213748,8.475,7.6,0.6,10.4,18.57474,25.32228,53.80315,13.52087,5.212,0.92641
31/08/2020,9:00:00,0.172643,9.95,355.7,0.1,13.2,17.04849,30.11491,56.25557,27.09163,6.745,1.1911
31/08/2020,10:00:00,0.101394,11.75,190.7,1.3,14.6,37.86389,40.39009,98.44725,22.15227,6.321,22.49855
31/08/2020,11:00:00,0.052067,5.1,179.4,1.6,15.6,6.29982,16.66641,26.326,52.08777,2.807,6.55105
31/08/2020,12:00:00,0.07399,4.35,178.8,1.8,16.4,4.48132,14.3497,21.22096,57.77552,2.524,2.8454
31/08/2020,13:00:00,0.071249,5.35,192.3,1.9,17.1,3.92927,12.2933,18.3181,64.01208,2.995,0.99258
31/08/2020,14:00:00,0.07673,5.1,184,1.7,17.5,3.50712,14.54217,19.91968,63.31358,2.807,1.32344
31/08/2020,15:00:00,0.06851,5.7,178.4,2.1,17.5,2.4355,13.48263,17.21701,69.05122,3.113,1.12493
31/08/2020,16:00:00,0.084952,5.75,186.2,2.2,15.9,3.14991,15.54032,20.37012,69.40047,3.703,1.52196
31/08/2020,17:00:00,0.082211,7.125,176.8,1.8,16.1,1.9484,17.58282,20.57032,67.55445,4.575,3.5733
31/08/2020,18:00:00,0.112355,8.325,147.5,1.6,15.2,1.72109,17.68111,20.32007,67.60434,5.755,2.11751
31/08/2020,19:00:00,0.137018,8.325,164.7,1.7,13,0.68194,16.72193,17.76755,63.56305,5.59,1.98517
31/08/2020,20:00:00,0.169902,10.525,177.9,2,11.6,1.49377,32.54399,34.83441,47.49766,6.934,1.45579
31/08/2020,21:00:00,0.235671,15.95,198.3,2.3,10.7,2.69529,48.86964,53.00236,28.73808,12.052,0.99258
31/08/2020,22:00:00,0.342546,22.2,221,2.2,9.9,14.09342,57.3684,78.97802,11.3256,16.816,1.12493
31/08/2020,23:00:00,0.460382,31.475,246.1,1.9,9.2,19.15926,57.55875,86.93587,2.74409,23.396,0.86024
31/08/2020,24:00:00,0.487785,25.4,246.2,0.8,8.4,25.88124,51.10567,90.78968,1.64645,17.854,0.92641
1/9/2020,1:00:00,0.36998,20.775,297.5,0.3,7.3,21.39481,41.6217,74.42662,1.19742,15.118,1.05865
1/9/2020,2:00:00,0.359018,21.875,301.5,1.4,7,20.26877,32.93522,64.01357,1.39699,15.448,0.61755
1/9/2020,3:00:00,0.350797,19.65,301.2,1.6,6.2,18.54722,28.28242,56.7211,1.04774,14.717,0.86016
1/9/2020,4:00:00,0.328871,19.05,330.2,1.6,5.7,16.66327,28.16734,53.71733,0.99785,14.151,0.39699
1/9/2020,5:00:00,0.337094,19.9,312.7,1.3,5.3,30.07833,30.42648,76.54594,0.99785,14.788,1.05865
1/9/2020,6:00:00,0.356278,20.9,334.6,1.4,5.2,49.76243,33.58641,109.88774,1.14753,15.283,1.05865
1/9/2020,7:00:00,0.400127,24.25,11.6,0.4,8,81.91961,37.29587,162.90419,2.19527,17.217,1.58798
1/9/2020,8:00:00,0.485086,37.025,97.7,0.3,11.1,118.33193,48.34826,229.78802,3.74194,23.727,2.18347
1/9/2020,9:00:00,0.465902,55.65,179.8,0.7,14,120.18341,65.13397,249.41262,5.63785,31.51,3.37445
1/9/2020,10:00:00,0.304207,68.2,192.6,2,16,74.28634,66.62215,180.52628,12.77248,29.34,10.32184
1/9/2020,11:00:00,0.164436,29.45,190,2.2,17.2,22.51003,41.93093,76.44582,33.9269,14.929,7.54288
1/9/2020,12:00:00,0.079478,11.9,198.7,2.2,18.2,4.19018,18.30615,24.731,67.30498,7.052,2.1173
1/9/2020,13:00:00,0.060293,13.8,193.7,2.3,18.6,12.76543,24.28159,43.85497,69.8495,6.722,1.19098
1/9/2020,14:00:00,0.087699,11.975,199.8,2.2,18.8,3.08579,20.95071,25.68219,71.04692,6.203,1.05865
1/9/2020,15:00:00,0.084959,12.475,193.4,2.3,18.7,2.40367,19.29323,22.9788,75.78671,5.943,0.99248
1/9/2020,16:00:00,0.084959,12.525,194.3,2.2,18.4,3.70295,20.1546,25.83238,77.78241,6.014,0.99248
1/9/2020,17:00:00,0.112365,12.3,195.3,2.3,17.7,4.35259,27.46892,34.1428,70.34843,6.509,1.45564
1/9/2020,18:00:00,0.120587,14.925,195.8,2,16.3,2.04637,29.85364,32.99135,66.80606,6.792,1.72031
1/9/2020,19:00:00,0.167177,14.575,203,1.9,14.1,1.49417,38.10961,40.40064,55.92949,7.406,1.58798
1/9/2020,20:00:00,0.216507,17.625,197.6,1.6,12.8,2.17629,53.98491,57.32185,33.47787,9.717,1.12482
1/9/2020,21:00:00,0.221988,19.1,190.7,2,11.7,3.93032,56.00134,62.02775,25.19571,10.991,1.19098
1/9/2020,22:00:00,0.282281,22.05,208.9,1.8,10.6,4.48252,57.5076,64.3807,17.66195,14.528,1.05865
1/9/2020,23:00:00,0.257617,24.975,237.1,1.8,9.6,3.70295,63.55901,69.23678,8.23226,13.868,1.25715
1/9/2020,24:00:00,0.219248,27.575,256.4,1.9,9,3.76791,56.05011,61.8275,6.28646,13.868,0.99248
2/9/2020,1:00:00,0.227489,25.95,192.5,1.2,10.7,15.07568,56.87245,79.98816,0.73176,13.939,0.97033
2/9/2020,2:00:00,0.260379,23.15,217.6,1.6,9.8,14.33922,48.38706,70.37356,0.53219,13.491,0.97033
2/9/2020,3:00:00,0.306973,20.85,206,1.6,9.2,14.23092,41.42563,63.24607,0.74839,13.208,1.25702
2/9/2020,4:00:00,0.265861,22.7,216.9,1.8,8.6,18.38973,35.39941,63.5966,0.94796,14.41,1.19086
2/9/2020,5:00:00,0.293269,22.55,221.5,1.8,8.2,27.87701,38.22885,80.97299,0.6486,13.514,1.32318
2/9/2020,6:00:00,0.331641,23.225,230.2,1.9,8.1,53.41468,36.47844,118.37981,1.09764,14.198,1.05855
2/9/2020,7:00:00,0.364531,35.075,232,2.6,11.1,82.62381,47.87708,174.56515,2.39484,18.632,1.72014
2/9/2020,8:00:00,0.372754,47.775,219.5,2.9,14.1,90.29161,56.60106,195.04626,5.03914,21.863,3.83723
2/9/2020,9:00:00,0.23297,37.05,214.9,3.7,15.9,37.13685,46.11416,103.05654,16.86367,14.175,4.89577
2/9/2020,10:00:00,0.142524,16.275,210.2,4.6,17.5,9.71472,29.87231,44.768,44.50411,7.264,3.37411
2/9/2020,11:00:00,0.054816,14.475,218.1,4.7,17.1,3.93137,16.70651,22.73453,68.90154,4.623,1.78629
2/9/2020,12:00:00,0.054816,11.225,209.4,4.6,16.7,3.21658,18.20312,23.13514,70.4981,4.528,1.32318
2/9/2020,13:00:00,0.076743,16.125,208.2,4.2,15.6,2.76171,19.7018,23.93636,72.19445,5.825,1.1247
2/9/2020,14:00:00,0.101411,13.8,212.5,3.8,15.5,2.72922,17.94888,22.13362,71.34628,6.462,1.52166
2/9/2020,15:00:00,0.142524,9.575,218.6,4.2,14.5,3.99635,28.62513,34.75279,56.92734,6.061,0.3308
2/9/2020,16:00:00,0.186377,9.05,203.1,4.5,13.6,8.31762,40.47736,53.23085,37.56905,5.92,0.79391
2/9/2020,17:00:00,0.202821,9.15,195.2,4.7,13.3,6.43316,41.86454,51.72857,29.63615,6.344,0.52927
2/9/2020,18:00:00,0.202821,8.625,195.9,4.8,13.1,3.93137,40.09203,46.12005,30.43443,6.415,0.52927
2/9/2020,19:00:00,0.191858,8.95,199.5,4.3,13.4,3.31405,40.03706,45.11853,30.33464,7.099,0.72775
2/9/2020,20:00:00,0.167191,10.7,207.9,3.7,13.8,1.65702,38.32133,40.86207,31.2826,7.642,0.59543
2/9/2020,21:00:00,0.202821,12.1,210.4,4.7,14.1,2.56676,44.03722,47.97287,18.16087,8.491,0.72775
2/9/2020,22:00:00,0.200081,14.4,218.2,3.8,14.3,2.66424,36.17605,40.26115,19.40818,9.859,0.66159
2/9/2020,23:00:00,0.169931,10.05,214.2,3.6,14.4,2.53427,28.36315,32.24898,25.64475,6.722,0.46311
2/9/2020,24:00:00,0.150746,7.45,210.9,3.5,14.9,1.00721,17.48453,19.0289,27.98969,4.057,0.52927
3/9/2020,1:00:00,0.127916,3.25,218.3,3.8,16.1,0.08667,4.40855,4.54144,41.64361,1.58,0.61743
3/9/2020,2:00:00,0.127916,3.1,231.5,3.9,16.8,-0.04333,4.14038,4.07394,37.25307,1.344,0.88203
3/9/2020,3:00:00,0.123348,2.55,241.4,3.9,17,0.0325,4.25785,4.30769,31.98109,1.038,0.72768
3/9/2020,4:00:00,0.126089,0.9,253.5,4.8,17.4,0.1625,3.2571,3.50626,31.98109,0.354,0.46307
3/9/2020,5:00:00,0.12883,1.5,263.6,3.7,17.4,0.35749,6.16383,6.71198,28.6383,0.59,0.66152
3/9/2020,6:00:00,0.137053,2.325,276.8,2.4,16.8,3.11994,14.09986,18.88369,33.07873,0.873,0.66152
3/9/2020,7:00:00,0.142535,5.725,282.1,2.8,16,5.94738,23.48899,32.60818,31.13292,2.618,1.32305
3/9/2020,8:00:00,0.150759,7.775,285.1,3.5,16.1,6.85737,26.95237,37.46685,26.79227,3.726,1.12459
3/9/2020,9:00:00,0.12883,9.4,273.6,4.4,17.3,6.46737,20.18721,30.10371,34.42583,4.387,1.12459
3/9/2020,10:00:00,0.098679,7.35,271.7,4.9,17.4,5.39489,16.02129,24.29335,45.95099,3.609,1.32305
3/9/2020,11:00:00,0.068527,6.425,271.7,5.3,18.8,3.89992,12.90389,18.88369,46.89895,2.925,1.05844
3/9/2020,12:00:00,0.087714,6.9,270,4.6,18,3.15244,13.04824,17.88191,46.00089,3.137,0.99229
3/9/2020,13:00:00,0.090455,6.725,268.8,4.3,17.8,3.44493,10.89671,16.17887,44.75357,3.184,1.3892
3/9/2020,14:00:00,0.084973,5.5,269.3,4.2,17.6,3.99742,11.00127,17.13057,47.8968,2.382,0.99229
3/9/2020,15:00:00,0.065785,7.7,269.8,5.9,18.5,4.22492,11.55406,18.03218,52.33723,2.453,0.99229
3/9/2020,16:00:00,0.098679,6.725,272.1,5.3,17.8,4.02992,12.65448,18.8336,53.48476,3.066,0.99229
3/9/2020,17:00:00,0.079492,5.875,276.5,4.6,16.8,2.40495,10.43766,14.1252,56.77767,2.476,1.2569
3/9/2020,18:00:00,0.084973,5.05,265.3,3.4,15.3,1.59247,12.53497,14.97672,57.92519,2.193,1.12459
3/9/2020,19:00:00,0.095937,6.35,246.5,2.6,13.6,0.74749,12.27782,13.42395,55.72992,2.925,1.2569
3/9/2020,20:00:00,0.106902,6.7,245.2,2.7,12.7,0.87748,14.73323,16.07869,49.54325,3.561,0.85998
3/9/2020,21:00:00,0.117866,8.075,237.5,2.6,12,0.97498,19.24205,20.737,42.80777,4.481,1.05844
3/9/2020,22:00:00,0.112384,7.875,245.3,2.8,11.6,0.77999,16.03478,17.23075,40.11357,3.939,1.2569
3/9/2020,23:00:00,0.101419,8.45,249.3,3.1,11.5,0.26,12.47432,12.87297,43.00734,4.316,0.92613
3/9/2020,24:00:00,0.093197,8.125,247.8,3.1,11.2,0,7.71376,7.71376,50.64089,4.08,1.2569
4/9/2020,1:00:00,0.112393,7.85,218.4,2,10.7,-0.04334,5.87837,5.81191,61.0019,3.844,1.05834
4/9/2020,2:00:00,0.112393,8.725,230.5,2.8,10.2,0,4.34223,4.34223,57.07702,4.08,0.79375
4/9/2020,3:00:00,0.104169,12.275,236.8,2.6,9.7,-0.06502,4.80934,4.70965,55.97939,5.66,1.05834
4/9/2020,4:00:00,0.098687,13.2,235.8,3,9.6,0.03251,6.26309,6.31294,52.23745,6.321,1.19063
4/9/2020,5:00:00,0.098687,17.725,244.4,2.8,9.4,0.29257,11.42573,11.87434,51.08992,8.137,1.25677
4/9/2020,6:00:00,0.095945,17.925,244.9,3.1,9.2,1.98299,22.41162,25.45216,34.27615,7.948,0.8599
4/9/2020,7:00:00,0.123359,20.2,245.9,3.7,11,11.15026,36.16233,53.25915,21.9527,8.514,0.99219
4/9/2020,8:00:00,0.117876,17.3,245.3,4.3,12.4,8.062,35.88733,48.24889,23.64905,8.208,1.25677
4/9/2020,9:00:00,0.123359,16,248.9,4.3,12.7,9.42733,35.79795,50.25299,22.25206,7.925,1.05834
4/9/2020,10:00:00,0.1261,17.6,247,4.5,13.4,8.4846,25.11861,38.12814,33.57765,8.373,1.25677
4/9/2020,11:00:00,0.095945,17.575,253.4,4.6,14.4,5.6564,14.62472,23.29775,47.49766,7.877,1.25677
4/9/2020,12:00:00,0.065791,14.275,259.3,5,14.8,2.92572,10.64496,15.13101,58.87315,6.604,1.19063
4/9/2020,13:00:00,0.065791,14.75,263.5,5.2,15,2.14553,9.58662,12.87639,63.06412,6.132,1.19063
4/9/2020,14:00:00,0.079497,14.075,263.1,5.3,14.9,3.02325,12.75005,17.38563,62.76477,5.943,0.99219
4/9/2020,15:00:00,0.074015,14.7,261.8,5,14.5,2.30807,11.94274,15.48173,63.71272,5.991,1.5875
4/9/2020,16:00:00,0.079497,13.4,260.2,4.6,13.9,2.30807,10.99079,14.52978,65.60864,5.991,1.32292
4/9/2020,17:00:00,0.090463,12.175,258,4.1,13.3,1.98299,10.8379,13.87844,61.96649,6.038,1.19063
4/9/2020,18:00:00,0.084981,10.35,251.8,3.8,12.7,1.10527,8.02519,9.71992,60.12046,5.425,1.25677
4/9/2020,19:00:00,0.117876,11.75,248.2,4,11.7,0.8127,11.12924,12.37536,56.82756,5.873,1.38906
4/9/2020,20:00:00,0.123359,12.85,255,4.5,11.7,0.71518,14.63565,15.73224,50.69078,6.58,1.25677
4/9/2020,21:00:00,0.090463,12.4,260.8,4.9,11.9,0.35759,10.02337,10.57167,53.83401,6.958,0.66146
4/9/2020,22:00:00,0.093205,9.25,267.5,5.1,11.9,0.16254,7.96762,8.21684,54.78197,5.684,0.8599
4/9/2020,23:00:00,0.095945,8.375,273,4.4,11.6,0.22756,8.01823,8.36715,48.49551,4.552,1.05834
4/9/2020,24:00:00,0.101429,10.325,271.6,3,11,0.55264,11.77851,12.62588,40.11357,5.495,0.92604
5/9/2020,1:00:00,0.068539,7.225,266.8,2.6,9.7,0.73705,11.56593,12.69605,41.84318,3.42,1.32279
5/9/2020,2:00:00,0.065797,7.275,275,2.7,9.3,0.56362,11.56456,12.42877,45.43544,3.208,1.05823
5/9/2020,3:00:00,0.060314,9.775,273.5,2.8,9,0.45524,9.27507,9.97308,45.70153,4.08,1.19051
5/9/2020,4:00:00,0.049348,9.25,271.7,3.1,9.1,0.06503,7.4678,7.56752,46.84906,4.057,1.19051
5/9/2020,5:00:00,0.05483,9.35,273.1,3.1,9,0.3902,9.47502,10.07332,46.25035,3.915,0.99209
5/9/2020,6:00:00,0.065797,8.575,274,3.1,8.9,1.07305,11.43495,13.08027,44.65379,3.656,0.99209
5/9/2020,7:00:00,0.060314,9.025,285.9,4.3,11,2.01604,11.94359,15.0348,42.20906,3.679,0.85981
5/9/2020,8:00:00,0.05209,8.275,289.1,4.8,12.9,2.40624,10.64366,14.33318,43.10712,3.609,1.05823
5/9/2020,9:00:00,0.068539,7.35,289.9,5.3,14,2.76392,9.89476,14.13271,46.00089,3.42,0.99209
5/9/2020,10:00:00,0.082246,10.775,292.7,6,14.8,2.95902,13.20396,17.74106,44.50411,4.741,0.92595
5/9/2020,11:00:00,0.082246,9.775,293.7,6.3,15.4,4.03207,11.25794,17.44037,48.39573,4.693,0.92595
5/9/2020,12:00:00,0.079504,12.875,294.1,5.6,15,4.51983,11.11146,18.04176,48.94454,5.967,1.19051
5/9/2020,13:00:00,0.063055,13.5,295.6,5.6,15.3,3.60936,10.00169,15.53596,53.13551,6.038,0.99209
5/9/2020,14:00:00,0.060314,10.6,294.9,5.5,15.1,3.44677,11.70435,16.98932,53.38498,4.929,1.25665
5/9/2020,15:00:00,0.063055,9.35,293.3,5.4,14.7,2.89399,11.39927,15.83666,53.28519,4.387,0.92595
5/9/2020,16:00:00,0.057572,8.225,289,4.5,14,2.53631,10.79504,14.68399,54.43272,4.057,1.25665
5/9/2020,17:00:00,0.07128,8.7,286,3.7,13.2,2.69889,12.09935,16.23758,54.28304,4.198,1.25665
5/9/2020,18:00:00,0.082246,9,268.5,3.4,12,2.89399,15.35843,19.79582,52.13766,4.175,1.12437
5/9/2020,19:00:00,0.095953,8.95,267.1,3.4,11.3,1.72339,17.40391,20.0464,51.53895,4.222,0.85981
5/9/2020,20:00:00,0.109662,9.925,276.4,3.5,11.4,1.52829,19.45712,21.80046,47.04863,4.882,1.05823
5/9/2020,21:00:00,0.117886,11.225,276.8,3.7,11.5,0.81292,18.0482,19.29466,45.15271,5.967,1.05823
5/9/2020,22:00:00,0.087729,8.7,280.7,3.7,11.5,0.84544,14.13941,15.43573,47.79702,4.882,1.05823
5/9/2020,23:00:00,0.076763,8.775,275.1,3.2,11.1,0.74789,14.38922,15.53596,44.15486,4.387,1.32279
5/9/2020,24:00:00,0.087729,8.45,266.6,2.8,10.7,0.94299,13.93972,15.38561,40.31314,4.292,1.12437
6/9/2020,1:00:00,0.073114,8.55,241.6,2.5,10.4,0.60714,14.84309,15.77402,33.32819,4.693,0.88177
6/9/2020,2:00:00,0.091392,6.6,251.7,2.3,10.6,0.52041,12.63671,13.43466,30.86683,4.434,1.05813
6/9/2020,3:00:00,0.065803,6.525,266.9,3,11,0.19515,6.26771,6.56694,41.61035,3.797,0.79359
6/9/2020,4:00:00,0.06032,7.05,267.5,2.5,10.9,0.29273,6.87004,7.31888,42.00949,4.057,0.92586
6/9/2020,5:00:00,0.057577,8.925,260.8,2.3,10.6,0.2602,7.22068,7.61965,43.30669,4.906,0.85973
6/9/2020,6:00:00,0.057577,9.75,266.8,2.3,10.8,0.29273,7.37133,7.82017,44.90325,5.613,0.92586
6/9/2020,7:00:00,0.057577,11.775,273.2,1.2,11.2,0.91071,10.13334,11.52974,42.70798,6.462,1.38879
6/9/2020,8:00:00,0.06032,11.825,303.8,2.3,12.9,1.36607,7.88113,9.97573,44.20476,6.557,0.66133
6/9/2020,9:00:00,0.126121,10.375,312.1,2.9,14.4,1.5287,7.53151,9.87547,47.04863,6.014,0.85973
6/9/2020,10:00:00,0.12338,8.575,324.5,2.8,14.3,2.82971,7.24104,11.57987,50.79057,4.976,1.71945
6/9/2020,11:00:00,0.054835,6.825,322,2.6,14.6,2.89476,9.64776,14.08634,53.68433,4.151,0.99199
6/9/2020,12:00:00,0.068545,6.4,311.6,2.4,14.8,3.41517,11.90771,17.14422,50.74067,3.703,1.32266
6/9/2020,13:00:00,0.079511,4.05,313.3,2.2,15,3.28507,9.5506,14.58763,52.98584,2.594,1.05813
6/9/2020,14:00:00,0.074028,5.15,321.5,1.6,15.1,3.18749,11.85577,16.74319,50.74067,2.995,1.45492
6/9/2020,15:00:00,0.082253,2.925,319.4,0.7,15.2,3.08991,9.19815,13.93595,52.93594,1.792,1.45492
6/9/2020,16:00:00,0.090478,4.4,4,0.6,15.3,3.25254,10.35241,15.33957,44.75357,2.5,0.72746
6/9/2020,17:00:00,0.126121,7.5,56.4,0.9,14.6,2.53698,13.40463,17.29461,39.2654,5.967,1.19039
6/9/2020,18:00:00,0.120638,3.725,145.3,0.9,14,2.0491,13.04986,16.19177,36.77077,2.099,0.92586
6/9/2020,19:00:00,0.12338,4.925,185.3,1.6,12.5,2.79719,17.51729,21.80625,30.93335,2.901,1.25652
6/9/2020,20:00:00,0.134346,5.475,224.5,1.5,11.3,1.49617,17.55711,19.85121,29.43658,4.104,1.32266
6/9/2020,21:00:00,0.090478,4.975,282.8,2.2,10.7,0.42283,13.53826,14.18659,31.68174,3.231,1.12426
6/9/2020,22:00:00,0.087736,6.95,296.1,2.7,11,1.39859,21.06539,23.20987,25.49507,5.283,0.99199
6/9/2020,23:00:00,0.106929,7.225,279.5,2.9,10.9,0.87819,18.75532,20.10185,24.6469,4.929,1.38879
6/9/2020,24:00:00,0.106929,9.3,280.9,2.8,10.8,0.45536,16.34576,17.04397,25.04604,6.321,1.19039
7/9/2020,1:00:00,0.09597,11.25,236.9,1.6,9.6,0.65068,20.5302,21.5279,17.02997,7.642,1.05802
7/9/2020,2:00:00,0.076777,11.075,246.4,1.7,9.6,0.69406,16.65285,17.71706,16.96345,7.972,1.58703
7/9/2020,3:00:00,0.065809,8.325,260.9,2.4,9.9,0.39041,13.69203,14.29065,21.25421,6.274,1.2564
7/9/2020,4:00:00,0.060324,8.425,247.3,2.6,10.4,1.46403,18.26351,20.50833,18.36044,6.132,0.99189
7/9/2020,5:00:00,0.063066,8.975,241.5,2.7,10.4,1.3339,18.96448,21.00976,20.40603,6.368,1.19027
7/9/2020,6:00:00,0.076777,10.25,239.2,2.6,10.6,3.67635,26.20357,31.84056,15.16732,7.689,1.19027
7/9/2020,7:00:00,0.093228,13.325,239.6,3.3,11.5,12.68829,33.24478,52.69989,9.37979,9.788,1.2564
7/9/2020,8:00:00,0.112422,13.05,252.1,3.2,12.1,16.13691,35.67895,60.42186,9.08044,6.792,1.65316
7/9/2020,9:00:00,0.115164,10.75,253.3,4.1,12.3,19.58552,34.00141,64.03212,9.18022,7.099,1.71928
7/9/2020,10:00:00,0.128875,12.9,250.1,4.2,12.9,18.99991,29.28337,58.41615,12.17377,7.429,1.38865
7/9/2020,11:00:00,0.106939,8.55,244.7,4.4,13.6,10.08557,19.43494,34.89926,23.10023,4.623,1.5209
7/9/2020,12:00:00,0.085002,8.85,246.9,4.6,14.4,7.02736,16.15145,26.92659,28.48862,3.892,1.45478
7/9/2020,13:00:00,0.112422,9.2,248.3,4.6,14.1,5.23799,19.04555,27.07701,26.09378,5.142,1.19027
7/9/2020,14:00:00,0.115164,7.875,250.9,4.6,14.8,8.65407,22.98373,36.25311,21.45378,4.363,1.12415
7/9/2020,15:00:00,0.117907,7.525,261,4.9,15.3,7.09243,22.46993,33.34484,23.89851,4.245,0.85964
7/9/2020,16:00:00,0.101454,3.65,270,5.8,15.4,8.6866,21.12871,34.44798,37.76862,1.439,0.72739
7/9/2020,17:00:00,0.090486,5.75,276.7,6.5,15.3,5.85614,17.79688,26.77616,46.74927,2.689,1.32252
7/9/2020,18:00:00,0.090486,4.425,268.8,5.5,14.9,1.46403,11.44412,13.68894,44.95314,2.193,0.85964
7/9/2020,19:00:00,0.09597,2.525,264.7,5.1,15.1,1.10616,13.09599,14.79207,40.31314,1.321,0.92577
7/9/2020,20:00:00,0.120648,3.075,264.9,4.9,15.4,2.40752,21.02883,24.72031,26.94195,1.745,1.2564
7/9/2020,21:00:00,0.112422,3.375,265.3,4.7,15.7,0.97602,13.8471,15.34364,29.43658,2.264,1.05802
7/9/2020,22:00:00,0.120648,3.6,273.1,5,15.8,2.27739,20.52637,24.01832,21.25421,2.17,0.92577
7/9/2020,23:00:00,0.115164,3.15,274.3,4.9,16,1.56164,16.55944,18.95391,21.35399,1.769,1.12415
7/9/2020,24:00:00,0.087745,5.675,267.9,4.4,16,0.35788,6.47123,7.01997,35.47357,3.868,0.72739
8/9/2020,1:00:00,0.063072,6.725,254.9,3,16.1,0.39051,8.42929,9.02807,34.39256,4.505,0.61712
8/9/2020,2:00:00,0.054844,4.875,249.1,2.2,16,0.08678,4.01316,4.14622,33.46124,3.278,0.8816
8/9/2020,3:00:00,0.054844,3.65,226.9,2.5,16,0.26034,4.81703,5.21622,30.78367,2.429,1.12403
8/9/2020,4:00:00,0.052103,3.225,232.8,2.7,16,0.6834,6.47553,7.52339,26.79227,1.84,0.85956
8/9/2020,5:00:00,0.057587,4.525,249.7,2.8,15.9,0.52068,6.92564,7.72401,29.13722,3.09,1.12403
8/9/2020,6:00:00,0.063072,3.725,247.1,2.4,15.8,1.30171,11.44586,13.44179,25.84432,2.382,0.79344
8/9/2020,7:00:00,0.087752,4.1,229.9,2.3,15.7,7.45229,24.33449,35.76118,20.40603,2.335,0.9918
8/9/2020,8:00:00,0.104205,5.925,238,2.6,15.9,14.54662,28.70408,51.00858,16.41463,2.099,1.38851
8/9/2020,9:00:00,0.087752,5.6,240.3,2.8,16.3,16.33647,25.95968,51.00858,18.80947,2.146,0.85956
8/9/2020,10:00:00,0.071298,5.2,240.3,3.1,16.8,6.67127,15.30024,25.52937,25.14582,2.075,0.85956
8/9/2020,11:00:00,0.054844,4.3,245.5,3,17.5,4.97904,10.92327,18.5577,25.99399,1.84,1.49871
8/9/2020,12:00:00,0.065813,6.3,242.8,3.3,18,18.93989,23.87375,52.91451,21.15442,2.712,1.19015
8/9/2020,13:00:00,0.076782,10.425,234,2.8,18.2,14.8395,22.98863,45.74221,18.75958,4.528,1.52075
8/9/2020,14:00:00,0.095979,11.875,244.5,3,18.1,11.7154,20.90749,38.87085,16.86367,6.203,0.92567
8/9/2020,15:00:00,0.087752,10.75,254.2,3.1,17.9,14.90459,22.78852,45.6419,20.90496,5.33,1.19015
8/9/2020,16:00:00,0.093236,15.65,244.6,2.3,17.9,20.43686,34.16757,65.50365,18.95915,5.991,0.85956
8/9/2020,17:00:00,0.090494,9.3,226.9,2.3,17.9,13.14728,28.09113,48.25001,19.65765,4.057,0.72732
8/9/2020,18:00:00,0.090494,6.725,228.8,2.9,17.7,3.84005,19.13982,25.02781,23.00044,2.547,0.59508
8/9/2020,19:00:00,0.095979,5.525,240.3,3.5,17.7,2.76614,18.93069,23.17204,20.20646,2.146,0.9918
8/9/2020,20:00:00,0.095979,4.325,252.4,3.6,17.4,2.14782,19.47751,22.77079,20.75528,1.604,0.6612
8/9/2020,21:00:00,0.082267,5.075,258.5,3.6,17.2,2.05019,16.56769,19.71128,23.10023,2.288,1.12403
8/9/2020,22:00:00,0.060329,3.8,262.8,4.2,17,1.49697,10.64491,12.94023,31.23271,1.934,0.79344
8/9/2020,23:00:00,0.054844,3.825,269.1,4,16.3,1.26917,10.89389,12.83992,31.58195,2.075,0.9918
8/9/2020,24:00:00,0.057587,3.4,274.6,4.6,16.4,1.30171,10.9443,12.94023,30.78367,1.462,0.79344
9/9/2020,1:00:00,0.142609,4.55,254.2,4.3,16.8,1.30206,11.04754,13.044,28.93765,2.83,0.5289
9/9/2020,2:00:00,0.164548,5.375,266.5,4.6,17.2,0.56423,11.97819,12.84333,30.73378,3.868,0.70521
9/9/2020,3:00:00,0.145352,5.55,272.3,4.6,17.2,0.55338,7.22875,8.07725,33.87701,3.939,0.66113
9/9/2020,4:00:00,0.134381,2.875,271.7,4.2,17.1,0.78124,7.53157,8.72945,35.37378,2.075,0.39668
9/9/2020,5:00:00,0.131638,1.8,276.2,2.9,16.8,0.84634,9.33818,10.63588,33.02884,1.014,0.66113
9/9/2020,6:00:00,0.145352,2.025,316.9,2.7,16.2,2.83198,15.77556,20.11787,21.45378,0.802,0.72724
9/9/2020,7:00:00,0.153579,3.475,304.1,3.2,15.2,7.32408,16.76435,27.99444,24.44733,1.156,0.72724
9/9/2020,8:00:00,0.139866,5,313.6,3.8,15.4,6.86836,15.70718,26.23851,35.32389,1.816,0.85947
9/9/2020,9:00:00,0.115184,8.225,311.9,4.2,15.7,8.13786,16.31927,28.79715,37.2697,2.547,0.92558
9/9/2020,10:00:00,0.093244,7.775,305,4.2,16.4,5.95691,10.03084,19.16465,40.6125,2.854,0.9917
9/9/2020,11:00:00,0.08776,9.225,301.3,4.5,17.1,4.81761,8.01505,15.40196,44.25465,3.373,0.72724
9/9/2020,12:00:00,0.093244,11,297.2,4.9,17.5,5.6314,9.22556,17.86025,45.20261,3.632,0.79336
9/9/2020,13:00:00,0.074047,8.975,292.6,5.4,17.8,5.11058,9.17126,17.00737,48.39573,3.561,0.9917
9/9/2020,14:00:00,0.068562,11.075,292.2,5.5,17.6,6.51029,12.04199,22.0243,51.73852,3.774,0.79336
9/9/2020,15:00:00,0.057592,8.6,293.9,5.7,17.1,4.13403,9.36421,15.70297,58.72347,3.278,0.85947
9/9/2020,16:00:00,0.074047,8.05,297.2,5.6,16.1,4.03638,11.01902,17.20805,60.36993,3.373,0.92558
9/9/2020,17:00:00,0.090501,8.7,304.9,5,14.9,3.87362,11.31875,17.25822,61.26799,4.057,0.59502
9/9/2020,18:00:00,0.104215,10.5,300.7,3.7,13.3,2.24605,10.55332,13.99722,62.71487,4.764,0.92558
9/9/2020,19:00:00,0.134381,11.2,291.4,2.7,11.9,1.92054,14.16293,17.10771,58.5738,5.212,0.85947
9/9/2020,20:00:00,0.148093,11.825,301.9,2.6,11,2.37626,19.03296,22.6765,52.83616,5.542,0.66113
9/9/2020,21:00:00,0.123411,15.025,304.4,2.4,10.1,1.52992,17.62152,19.96736,53.38498,6.816,0.79336
9/9/2020,22:00:00,0.128897,15.6,292.6,2.2,9,3.45045,25.21228,30.5029,45.15271,7.052,0.79336
9/9/2020,23:00:00,0.142609,13.75,288.5,2.4,8.3,1.92054,23.54458,26.48936,41.76002,6.91,0.85947
9/9/2020,24:00:00,0.148093,12.6,305.6,2.6,8.2,1.2044,19.92672,21.77345,37.9183,6.627,0.59502
10/9/2020,1:00:00,0.126164,12.05,279.1,1.9,7.6,0.52096,16.26327,17.06207,36.72088,6.297,1.49841
10/9/2020,2:00:00,0.093252,9.675,293,2.1,6.9,0.3039,6.09122,6.55719,43.24017,5.142,1.23399
10/9/2020,3:00:00,0.087767,10.25,295.3,2.4,6.5,0.26048,5.32141,5.72081,42.45852,5.212,1.32213
10/9/2020,4:00:00,0.104223,11.525,306.5,2.4,6.1,0.61864,7.38173,8.3303,40.01379,5.991,1.12381
10/9/2020,5:00:00,0.095995,12.925,309.8,2.6,6,1.1396,9.24261,10.98998,40.46282,6.486,1.52045
10/9/2020,6:00:00,0.10148,13.925,306.6,2.6,6.2,3.80954,18.69806,24.53927,34.37593,6.769,1.18992
10/9/2020,7:00:00,0.13165,14.25,297.8,2.4,6.1,10.51692,30.59424,46.71996,24.89636,6.887,1.32213
10/9/2020,8:00:00,0.156335,17.275,293.9,2.1,6.3,14.19622,32.48011,54.24734,25.64475,7.689,1.12381
10/9/2020,9:00:00,0.128907,17.4,294.2,2,9.2,7.84699,22.94536,34.97724,39.21551,8.16,1.05771
10/9/2020,10:00:00,0.112451,18.275,303.9,2.9,12,7.26091,25.65057,36.78381,46.99874,8.443,1.58656
10/9/2020,11:00:00,0.068568,17.75,291.6,2.8,12.2,4.23282,16.89484,23.38507,58.32433,8.042,1.32213
10/9/2020,12:00:00,0.052112,8.21,275.1,2.5,12.7,6.1213,20.02111,29.40698,62.11616,5.398,1.18992
10/9/2020,13:00:00,0.082281,12.555,254.4,2.4,12.9,9.54012,33.34655,47.97452,50.64089,6.6874,1.05771
10/9/2020,14:00:00,0.109708,12.435,256.5,2.8,13.4,15.01022,37.80591,60.82125,46.44992,6.5156,1.12381
10/9/2020,15:00:00,0.124337,23.433,249.5,3.7,14.7,18.66781,45.51279,74.13636,43.63931,9.748,1.23399
10/9/2020,16:00:00,0.137136,22.375,262.3,3.3,15.2,18.59183,47.87077,76.37785,41.31099,10.094,1.45434
10/9/2020,17:00:00,0.14262,13.625,287.6,3.3,14.3,4.46074,28.28809,35.12779,50.99014,6.675,0.79328
10/9/2020,18:00:00,0.13165,11.25,256.5,2.3,12.5,3.22345,21.95529,26.89785,54.68218,5.731,1.18992
10/9/2020,19:00:00,0.128907,13.85,254.1,2,10.7,2.05129,26.51262,29.65789,51.28949,6.769,0.92549
10/9/2020,20:00:00,0.150849,18.375,241.2,2.2,9.7,8.95404,48.09558,61.82491,25.44518,9.505,1.12381
10/9/2020,21:00:00,0.16182,14.475,216.2,2.3,9,5.89338,43.0531,52.08949,27.88991,8.514,1.05771
10/9/2020,22:00:00,0.183762,15.875,208.5,2.3,8.7,8.95404,52.56183,66.29115,16.16517,9.104,1.05771
10/9/2020,23:00:00,0.16182,13.25,213.1,2.3,8.9,4.46074,42.53993,49.37963,19.20861,7.972,0.9916
10/9/2020,24:00:00,0.134393,12.525,208.7,2.3,9,2.18153,28.77187,32.11683,30.13507,7.759,1.12381
11/9/2020,1:00:00,0.117946,14.1,213.1,2.6,8.8,1.25933,22.6985,24.62944,33.52776,8.774,1.322
11/9/2020,2:00:00,0.115203,12.95,218.2,2.4,8.6,0.95535,20.21976,21.68461,33.39471,8.349,1.67453
11/9/2020,3:00:00,0.120689,11.975,204.4,2.2,8.1,0.32569,14.96094,15.46033,35.274,7.406,1.2559
11/9/2020,4:00:00,0.126175,13.95,218.3,2.4,8.5,0.35826,14.05768,14.607,36.5712,9.458,0.7271
11/9/2020,5:00:00,0.098746,12.975,219.3,2.5,9.2,2.80092,22.20874,26.50342,32.6297,7.901,1.0576
11/9/2020,6:00:00,0.098746,11.9,209.7,2.5,9.6,3.48486,27.33413,32.67751,30.08518,6.533,1.1237
11/9/2020,7:00:00,0.117946,15.125,216.6,2.4,9.6,15.63303,42.74,66.71031,19.25851,6.58,0.9915
11/9/2020,8:00:00,0.134405,26.7,240.6,3.8,11.2,14.85138,38.56756,61.33935,19.00904,7.807,1.1237
11/9/2020,9:00:00,0.101489,15.4,236.7,4.6,12.5,7.94679,24.90984,37.09475,32.52991,5.448,1.322
11/9/2020,10:00:00,0.112461,12.825,241.7,5.3,13.7,6.22064,20.17777,29.71595,38.41723,4.552,0.9254
11/9/2020,11:00:00,0.101489,15.4,246.8,5,14.2,6.48119,20.73198,30.66967,39.46497,4.599,0.8593
11/9/2020,12:00:00,0.096003,16.25,256.2,6.3,16.5,4.20138,14.08809,20.53011,46.99874,5.094,1.1237
11/9/2020,13:00:00,0.087774,15.65,251.5,6.4,17.1,4.26651,12.73332,19.27521,52.03788,5.425,1.2559
11/9/2020,14:00:00,0.065831,15.125,246,6.1,17.4,3.84312,12.83036,18.72306,54.28304,5.236,0.9254
11/9/2020,15:00:00,0.082288,15.9,242.9,5.7,17,3.71284,14.48579,20.17874,54.43272,5.873,1.1898
11/9/2020,16:00:00,0.096003,17.9,242.8,5,16,3.81055,20.00811,25.85087,47.54755,6.061,1.1237
11/9/2020,17:00:00,0.112461,14.325,234.6,4.4,15.1,3.38716,22.26357,27.45714,43.10712,5.731,0.9915
11/9/2020,18:00:00,0.123432,15.275,221.9,3.8,14,2.63807,20.14942,24.19441,41.36088,5.92,0.9915
11/9/2020,19:00:00,0.137147,14.225,232.5,4.5,13.9,2.18211,21.60149,24.94734,38.6168,6.439,1.1898
11/9/2020,20:00:00,0.137147,14.625,232.1,4.2,13.9,1.85642,21.24754,24.09402,36.22196,7.241,1.1898
11/9/2020,21:00:00,0.134405,15.625,227.8,4.3,13.9,1.23762,14.21522,16.11287,42.70798,7.618,1.5203
11/9/2020,22:00:00,0.134405,12.475,227.3,4.2,13.9,1.30275,13.36241,15.35993,42.05938,7.311,1.2559
11/9/2020,23:00:00,0.142633,8.35,233.4,4.3,13.9,1.30275,13.4628,15.46033,37.36948,5.047,1.0576
11/9/2020,24:00:00,0.153605,2.8,245.1,4.3,13.9,1.33532,12.45914,14.50661,34.77507,2.075,1.1237
12/9/2020,1:00:00,0.1207,1.45,246.7,3.4,13.5,0.86873,8.91063,10.24267,34.65866,0.92,0.96937
12/9/2020,2:00:00,0.102412,2.375,236.9,2.3,11.9,0.69499,5.42809,6.49372,43.30669,1.344,1.14562
12/9/2020,3:00:00,0.090525,6.125,224,2.6,11,0.42351,5.77741,6.42678,39.41508,3.16,1.38796
12/9/2020,4:00:00,0.076809,11,230.5,2.6,10.2,0.13031,4.7709,4.97071,39.36518,5.684,1.71843
12/9/2020,5:00:00,0.082295,13.35,212.2,2.4,9.5,0.55382,8.74078,9.58995,32.87916,6.085,1.58624
12/9/2020,6:00:00,0.076809,10.3,201.8,2.5,9,1.27052,13.16486,15.11296,27.09163,5.142,1.18968
12/9/2020,7:00:00,0.087782,12.95,216,2.6,10.3,2.99713,17.39609,21.99162,28.53851,5.991,1.18968
12/9/2020,8:00:00,0.074066,17.8,254.4,3.7,12.7,3.71383,15.49381,21.18827,41.9097,8.703,1.18968
12/9/2020,9:00:00,0.096012,17.475,257.5,4.7,14,2.37816,10.21128,13.85773,50.34153,8.915,1.38796
12/9/2020,10:00:00,0.096012,15.1,258.9,5.1,15,3.68126,9.56887,15.21338,47.39788,7.5,1.25578
12/9/2020,11:00:00,0.065837,16.35,266.1,5.2,15.8,2.80166,9.00961,13.30543,54.48261,8.137,1.18968
12/9/2020,12:00:00,0.063093,14.15,267.8,5.3,16.2,3.12744,10.92013,15.71547,56.72777,7.759,1.25578
12/9/2020,13:00:00,0.082295,15.575,267.7,5.5,16.4,2.37816,9.60877,13.25522,58.97294,7.854,1.32187
12/9/2020,14:00:00,0.076809,13.575,267.6,5.2,16.4,2.44331,9.30803,13.05439,60.76907,7.123,1.58624
12/9/2020,15:00:00,0.057607,11.375,264.6,4.5,16.2,2.50847,7.24997,11.09623,62.86455,6.014,1.38796
12/9/2020,16:00:00,0.057607,10.75,258.5,3.9,16,2.54104,9.00755,12.90376,62.5652,5.637,1.65233
12/9/2020,17:00:00,0.071322,11.9,249.8,3.1,15.4,2.18269,11.51517,14.86192,60.27014,6.156,1.58624
12/9/2020,18:00:00,0.098754,12.725,215,2.2,13.8,1.69403,16.28118,18.87865,50.74067,6.863,1.25578
12/9/2020,19:00:00,0.106984,13.375,206,3.1,12.8,2.57362,25.376,29.32216,38.81637,7.005,1.78452
12/9/2020,20:00:00,0.1207,12.075,216.3,3.1,12.1,2.11754,22.81172,26.05856,37.96819,6.887,1.85061
12/9/2020,21:00:00,0.115214,11.425,234.9,3.7,11.8,1.46599,15.67686,17.92468,43.9054,6.038,1.45405
12/9/2020,22:00:00,0.098754,9.825,239.4,5,12.4,1.14021,11.20567,12.95397,47.84691,5.401,1.65233
12/9/2020,23:00:00,0.098754,8.8,240.4,5.6,12.7,0.78186,8.24049,9.43933,48.24605,4.788,0.9914
12/9/2020,24:00:00,0.096012,7.425,243.2,5.4,12.5,0.52124,6.48111,7.28033,50.04218,3.679,1.78452
13/09/2020,1:00:00,0.101507,6.175,236.9,4.2,12.7,0.21724,3.95255,4.28565,52.22082,3.443,0.96927
13/09/2020,2:00:00,0.098763,6.25,246.3,4.3,12.5,0.30414,4.62287,5.08921,50.82383,3.538,1.32174
13/09/2020,3:00:00,0.09602,7.1,253,5.5,12.9,0.29328,3.46767,3.91736,50.34153,3.986,0.66087
13/09/2020,4:00:00,0.093276,7,256,5.5,13,0.39103,2.61466,3.21424,49.29379,4.151,0.9913
13/09/2020,5:00:00,0.09602,6.95,256.9,5.7,13.3,0.16293,2.86397,3.1138,48.24605,4.057,0.72696
13/09/2020,6:00:00,0.093276,6.25,262.3,5.7,13.4,0.39103,4.17156,4.77114,45.65164,3.797,0.92522
13/09/2020,7:00:00,0.098763,6.975,266.6,6.2,14.4,0.78207,5.53066,6.72981,43.40648,4.175,0.85913
13/09/2020,8:00:00,0.079559,6.4,257,6,15.9,1.01017,5.08046,6.62937,45.45207,3.774,1.45391
13/09/2020,9:00:00,0.076815,5.55,255.5,6.5,16.9,1.59672,5.68777,8.13604,45.50196,3.042,1.38782
13/09/2020,10:00:00,0.082302,5.25,248.8,6.3,18,1.98776,6.09264,9.14049,43.9054,3.042,1.25565
13/09/2020,11:00:00,0.063098,6.425,251.1,6.6,19,2.60689,5.7962,9.79339,44.45422,3.915,0.9913
13/09/2020,12:00:00,0.087789,5.975,250.8,5.9,20.2,2.96534,7.70749,12.25429,46.5497,2.783,1.12348
13/09/2020,13:00:00,0.082302,4.2,250.2,5.7,21.1,2.18327,6.64664,9.99428,52.43702,2.052,1.58608
13/09/2020,14:00:00,0.106993,5.25,250.9,5.6,21.5,2.70465,7.90632,12.0534,54.28304,2.712,1.18956
13/09/2020,15:00:00,0.115223,6.475,250.2,5.3,21.4,2.44396,8.25582,12.00318,59.12261,3.726,1.58608
13/09/2020,16:00:00,0.117967,7.175,246.1,4.8,20.9,2.3462,9.96261,13.56007,60.12046,4.198,1.58608
13/09/2020,17:00:00,0.123454,8.025,242,3.8,19.9,1.53155,9.8055,12.15384,60.46971,4.269,1.38782
13/09/2020,18:00:00,0.12071,8.85,239.1,3,17.9,1.30345,12.91749,14.91608,56.72777,5,1.78434
13/09/2020,19:00:00,0.159118,9.725,239.7,2.6,16.2,1.46638,21.0046,23.25301,43.75572,5.708,1.78434
13/09/2020,20:00:00,0.192038,9.8,226.9,2.6,15,2.1181,30.25069,33.4984,30.48432,5.967,1.45391
13/09/2020,21:00:00,0.211243,11.425,211.1,2.7,14.2,1.72707,28.54003,31.18817,26.84217,6.651,1.58608
13/09/2020,22:00:00,0.189295,10.125,202.4,2.6,13.5,2.08551,24.67574,27.87348,28.88776,6.132,1.12348
13/09/2020,23:00:00,0.186553,9.775,198.2,2.7,12.7,1.98776,24.07229,27.12014,25.64475,6.014,1.12348
13/09/2020,24:00:00,0.186553,10.5,206.2,2.7,12,1.62931,18.7961,21.29434,27.98969,6.344,1.52
14/09/2020,1:00:00,0.104259,8.45,248.4,1.7,12.6,0.82574,15.81406,17.08017,30.53421,5.354,0.70486
14/09/2020,2:00:00,0.076822,6.275,251.6,1.6,11.7,0.47806,9.51509,10.2481,39.24877,4.127,1.05729
14/09/2020,3:00:00,0.085053,6.55,261.5,2.1,12.1,1.01044,14.02378,15.5731,31.98109,4.292,0.59472
14/09/2020,4:00:00,0.098771,8.025,254.6,2.1,12.2,2.96613,23.08169,27.62969,18.16087,4.882,0.79296
14/09/2020,5:00:00,0.145413,8.15,247.6,2,11.7,12.90756,39.73811,59.52942,3.3428,4.811,0.59472
14/09/2020,6:00:00,0.181081,8.225,238.5,1.5,11.4,36.99515,44.29909,101.02419,1.24731,5.189,0.9912
14/09/2020,7:00:00,0.227722,13.15,233.9,0.8,11.3,82.53015,48.37658,174.92105,1.74624,6.533,1.58593
14/09/2020,8:00:00,0.222235,16.525,250.7,0.7,11.4,63.20141,46.96786,143.87533,4.59011,7.925,1.45376
14/09/2020,9:00:00,0.153644,18.45,211.6,0.6,12,32.49706,39.7423,89.57043,12.97205,6.816,0.6608
14/09/2020,10:00:00,0.104259,17.725,187.3,0.4,12.4,23.82683,35.5544,72.08837,21.10453,6.627,0.72688
14/09/2020,11:00:00,0.126207,20.1,207.4,0.3,13.4,22.00152,34.63573,68.37092,26.29335,7.429,1.32161
14/09/2020,12:00:00,0.104259,24.025,126,1,15.8,20.37178,29.54902,60.78532,31.18281,8.113,2.18065
14/09/2020,13:00:00,0.109746,19.825,135.7,2,18.2,12.45123,33.0029,52.09452,40.76217,6.792,3.10577
14/09/2020,14:00:00,0.093284,13.275,143.9,2.3,18.5,7.79017,23.17007,35.11482,53.2353,5.495,2.97361
14/09/2020,15:00:00,0.085053,16.8,151.9,2.2,18.9,7.49681,26.23213,37.72708,58.5738,5.708,3.03969
14/09/2020,16:00:00,0.074078,15.4,158.8,2.2,19.2,4.46549,23.74661,30.5936,73.59144,4.906,3.63441
14/09/2020,17:00:00,0.087797,11.65,142.2,2.1,18.8,4.56328,32.13676,39.13369,67.40477,4.717,3.76657
14/09/2020,18:00:00,0.068591,12.475,100.7,2.2,16.4,4.40031,44.19206,50.9391,57.77552,5.212,1.78417
14/09/2020,19:00:00,0.137182,15.5,85.2,2.5,14.6,3.1943,63.27213,68.16998,39.11572,7.429,1.71809
14/09/2020,20:00:00,0.23321,19.55,74.2,2.1,13.2,11.63636,78.00774,95.8499,21.80302,9.599,2.04849
14/09/2020,21:00:00,0.419778,23.325,85,2.2,12.7,35.00687,86.88332,140.55977,3.39269,12.311,1.65201
14/09/2020,22:00:00,0.4966,29.825,92,1.3,13.1,40.12426,78.48417,140.00717,2.39484,18.939,1.78417
14/09/2020,23:00:00,0.449957,27.45,83.4,1,12.7,40.90653,66.38353,129.106,1.79613,18.278,1.25552
14/09/2020,24:00:00,0.463676,28.025,51.5,1.3,12.2,38.16857,56.81708,115.3414,1.69635,19.41,1.12336
15/09/2020,1:00:00,0.296339,24.5,300.8,1,12.4,34.86404,46.23679,99.69424,1.46351,15.967,0.88098
15/09/2020,2:00:00,0.292681,24.2,317.7,2,11.2,22.64858,39.37335,74.10069,1.46351,17.406,0.79288
15/09/2020,3:00:00,0.194816,21.175,0.5,2,10.3,16.6604,34.35135,59.89694,1.24731,14.929,1.12325
15/09/2020,4:00:00,0.211279,23.85,33,1.7,9.8,17.47549,33.05131,59.84669,1.19742,17.052,0.66074
15/09/2020,5:00:00,0.172864,20.85,332.7,1.9,9.4,20.312,30.25979,61.40441,1.04774,14.717,0.72681
15/09/2020,6:00:00,0.167377,20.825,350.6,1.8,9.3,40.78701,30.57239,93.1116,1.14753,13.939,0.85896
15/09/2020,7:00:00,0.208535,28.525,18.5,1.6,10.1,79.12876,41.98054,163.30961,1.74624,16.179,1.05718
15/09/2020,8:00:00,0.277132,31.575,31,1.1,10.6,71.1735,43.42512,152.5563,3.09334,17.925,1.58577
15/09/2020,9:00:00,0.192072,34.55,1.1,0.8,11.1,33.77725,46.2952,98.08626,12.97205,20.071,0.79288
15/09/2020,10:00:00,0.126219,38.775,106.4,0.4,14.5,34.2337,55.14265,107.6336,18.01119,22.618,3.36976
15/09/2020,11:00:00,0.142682,48.075,94.1,0.8,16.5,35.37483,64.95025,119.19089,22.70109,23.349,3.03939
15/09/2020,12:00:00,0.09878,36.6,100.3,1,18.4,17.86673,53.90779,81.30306,44.70368,15.307,4.7573
15/09/2020,13:00:00,0.093292,35.075,70.4,1.3,19,13.13922,51.45846,71.60498,57.37638,14.481,4.7573
15/09/2020,14:00:00,0.071341,41.15,83.2,1.1,19.4,8.96597,46.09906,59.84669,72.39402,16.156,5.08767
15/09/2020,15:00:00,0.093292,39.15,148.3,0.9,20.3,8.15088,48.50458,61.00242,80.17725,15.283,4.7573
15/09/2020,16:00:00,0.216767,36.225,170.4,1.1,20.8,8.99857,61.3248,75.12242,70.04907,13.915,3.63405
15/09/2020,17:00:00,0.334753,33.475,163.2,1.7,19.4,12.68277,79.49385,98.9405,50.24175,13.821,2.97331
15/09/2020,18:00:00,0.334753,30.45,171.3,2,16.8,15.12804,86.24656,109.44256,41.41078,12.877,1.85006
15/09/2020,19:00:00,0.592678,29.675,179.9,1.7,15.6,44.406,112.4568,180.54506,2.79398,14.552,1.85006
15/09/2020,20:00:00,0.189328,27.05,320.7,1.9,14.9,3.52118,47.41275,52.81182,46.69938,15.236,1.05718
15/09/2020,21:00:00,0.071341,19.6,264,1.8,14.7,0.84769,27.09097,28.39075,84.96693,11.038,1.45362
15/09/2020,22:00:00,0.068597,16.775,310.9,2.8,14.5,0.71728,19.65307,20.75288,83.47015,10.637,1.38755
15/09/2020,23:00:00,0.068597,16.9,302.9,2.5,14.1,0.8803,20.1066,21.45637,76.28563,10.189,0.79288
15/09/2020,24:00:00,0.054878,15.35,298.9,2.3,13.2,0.68467,18.89908,19.9489,68.90154,10.047,0.59466
16/09/2020,1:00:00,0.175623,12.85,304.9,2.5,16.5,0.56528,14.41303,15.27978,74.57266,8.939,0.96898
16/09/2020,2:00:00,0.170135,13.7,334.1,2.4,16.2,0.5218,11.46396,12.26403,69.71645,9.693,0.88089
16/09/2020,3:00:00,0.161903,15.6,332.7,2,15.8,0.5218,10.55923,11.35931,64.511,10.92,1.45348
16/09/2020,4:00:00,0.178367,21.625,16.3,2.8,15.8,0.75008,13.27521,14.42531,55.92949,15.66,1.12314
16/09/2020,5:00:00,0.170135,21.7,16,4.4,14.5,0.75008,10.76209,11.91219,57.57595,15.519,1.25527
16/09/2020,6:00:00,0.131718,21.15,17.3,4.8,13.6,1.3371,8.80649,10.85668,47.04863,15.425,1.45348
16/09/2020,7:00:00,0.112508,13.7,16.9,4.5,13.2,3.22861,12.44033,17.3908,40.51271,9.906,1.32134
16/09/2020,8:00:00,0.117997,13.325,24.9,4.4,13.2,4.95706,13.81108,21.41179,38.41723,8.349,0.79281
16/09/2020,9:00:00,0.10702,14.4,28.7,4.4,13.3,4.40265,11.19305,17.94369,40.5626,8.302,0.99101
16/09/2020,10:00:00,0.10702,13.85,29.3,4.3,13.7,3.78302,11.03737,16.83791,42.05938,7.901,1.05707
16/09/2020,11:00:00,0.10702,17.35,30.8,3.9,13.9,4.07653,11.59258,17.84316,43.85551,9.458,1.32134
16/09/2020,12:00:00,0.10702,17.975,37.5,3.9,14.4,3.68518,11.03659,16.68713,44.70368,9.033,1.18921
16/09/2020,13:00:00,0.10702,16.9,42.5,3.2,15.2,3.7504,10.83606,16.5866,44.45422,8.373,1.32134
16/09/2020,14:00:00,0.098788,16.6,55.3,3.8,15.4,3.35906,10.12929,15.27978,46.20046,8.467,1.32134
16/09/2020,15:00:00,0.10702,20.475,56.5,3.8,15,2.90249,11.03041,15.48083,48.79487,9.387,1.32134
16/09/2020,16:00:00,0.109764,16.175,59.3,3.8,14.1,3.22861,12.23929,17.18975,51.08992,7.476,1.78381
16/09/2020,17:00:00,0.101532,16.95,66.1,3.7,13.5,3.48951,12.64345,17.99395,52.93594,7.099,1.38741
16/09/2020,18:00:00,0.0933,15.8,63.2,2.8,13.4,1.23926,9.66018,11.56036,58.12476,7.028,1.58561
16/09/2020,19:00:00,0.090556,14.15,64.6,3.3,13.2,1.66322,11.62376,14.174,58.02498,6.109,2.04808
16/09/2020,20:00:00,0.087812,14.825,64.8,3.5,12.7,0.88053,9.4563,10.80642,59.12261,6.368,1.38741
16/09/2020,21:00:00,0.076835,13.025,68.7,3,12.5,0.5218,6.78955,7.58963,63.26369,5.613,1.58561
16/09/2020,22:00:00,0.074091,15.625,65.8,2.7,11.4,0.39135,5.78327,6.38333,61.41767,6.038,1.58561
16/09/2020,23:00:00,0.049395,14.075,53.8,2.5,10.7,0.32612,4.42567,4.92572,62.36563,5.991,1.38741
16/09/2020,24:00:00,0.052139,15.6,59.5,2.7,10.2,0.2609,3.67122,4.07126,63.16391,6.226,1.65168
17/09/2020,1:00:00,0.082331,14.45,17.3,2.2,8.6,0.17398,3.15199,3.41875,62.19932,5.943,1.14505
17/09/2020,2:00:00,0.085075,13.05,25.6,2.1,8,0.17398,2.95088,3.21765,59.60491,5.943,1.05697
17/09/2020,3:00:00,0.079586,14.175,40.9,2.1,8,0.13048,3.11813,3.3182,57.67573,5.849,1.05697
17/09/2020,4:00:00,0.087819,13.075,42.5,1.9,8.3,0.32621,5.73401,6.23419,55.8796,5.613,0.79273
17/09/2020,5:00:00,0.118007,13.55,70.1,1.9,8.5,1.72891,14.99583,17.64678,43.55615,5.637,1.18909
17/09/2020,6:00:00,0.142706,13.925,57.8,1.8,8.4,4.50168,24.46958,31.37206,32.52991,5.731,0.66061
17/09/2020,7:00:00,0.172894,14.075,68.5,2.2,8.6,10.07985,35.67486,51.13042,22.35184,6.014,1.18909
17/09/2020,8:00:00,0.15094,15.275,49.3,2.6,8.5,7.30708,24.34091,35.54494,34.92475,6.156,0.79273
17/09/2020,9:00:00,0.120751,15.975,68.3,1.9,8.9,5.937,18.19645,27.29972,45.40218,6.557,0.79273
17/09/2020,10:00:00,0.085075,16.725,73.1,1.9,9.9,3.06636,10.07937,14.78107,55.08132,7.241,0.85879
17/09/2020,11:00:00,0.085075,22.025,106.1,2.4,12.8,5.67603,15.4795,24.18263,51.18971,10.307,1.71757
17/09/2020,12:00:00,0.060375,23.875,109.6,3,14.9,5.54555,14.62378,23.12684,50.591,11.439,2.37818
17/09/2020,13:00:00,0.071353,24.125,110.2,2.8,16.3,4.33858,12.40211,19.0545,56.42842,10.307,1.98181
17/09/2020,14:00:00,0.118007,23.9,116.4,3.2,17.3,4.14285,13.55691,19.90919,61.71702,10.613,4.62423
17/09/2020,15:00:00,0.148195,23.725,112.2,3.5,17.2,3.39257,12.54546,17.74733,63.46326,9.788,5.21878
17/09/2020,16:00:00,0.14545,22.7,112.7,3.5,16.6,3.81664,15.96756,21.81967,60.86885,9.127,4.49211
17/09/2020,17:00:00,0.134473,21.775,111.8,3.1,15.5,2.67491,17.81874,21.92022,62.06627,8.679,3.50121
17/09/2020,18:00:00,0.123496,19.5,107.6,2.6,13.6,1.07649,16.85088,18.50147,60.27014,7.925,3.10485
17/09/2020,19:00:00,0.12624,18.95,102.3,2.6,12.2,0.58718,17.7017,18.60202,53.93379,7.476,2.44424
17/09/2020,20:00:00,0.17015,20.35,95,2.5,11.2,1.27222,21.57834,23.52904,42.95744,7.901,1.45333
17/09/2020,21:00:00,0.156428,18.8,87.5,2.3,10.1,1.98987,27.01379,30.06489,39.06583,8.278,0.92485
17/09/2020,22:00:00,0.128984,18.5,91.4,2.5,9.8,0.84814,14.68722,15.98768,45.05293,8.137,0.66061
17/09/2020,23:00:00,0.115263,15.7,95.1,2.1,9.6,0.6198,12.67438,13.62473,45.70153,6.981,0.99091
17/09/2020,24:00:00,0.161917,15.825,84.5,1.9,9.8,1.79415,23.29184,26.04283,33.72733,8.09,1.12303
18/09/2020,1:00:00,0.124422,12.95,32.1,2,7.5,1.08765,15.96698,17.63469,36.05565,6.321,0.52843
18/09/2020,2:00:00,0.117102,10.575,50.7,2,7.3,0.65259,9.7277,10.72833,41.64361,4.528,0.79265
18/09/2020,3:00:00,0.109783,9.275,52.5,1.9,7.4,0.5547,10.06219,10.91272,42.40863,4.387,1.05686
18/09/2020,4:00:00,0.090571,8.65,46.4,2.5,7.4,0.45681,8.25101,8.95145,43.75572,4.009,0.92476
18/09/2020,5:00:00,0.104294,9.525,54,2.3,7.4,1.46833,11.9301,14.18151,38.5669,4.198,0.79265
18/09/2020,6:00:00,0.115272,8.375,37,2.4,7.5,4.17659,19.79659,26.20059,32.28045,4.104,0.92476
18/09/2020,7:00:00,0.139974,9.525,44,3,7.3,6.00384,24.23646,33.44221,28.33894,4.363,1.18897
18/09/2020,8:00:00,0.126251,9.475,41,3,7.2,6.0691,20.91789,30.22372,34.27615,3.962,0.99081
18/09/2020,9:00:00,0.082338,10.1,46.8,2.9,7.8,4.50288,14.36795,21.27227,41.36088,3.915,1.05686
18/09/2020,10:00:00,0.082338,10,49.6,2.9,8.9,3.7524,11.94814,17.70174,49.09422,3.939,1.05686
18/09/2020,11:00:00,0.087827,11.1,47.8,3.2,10.4,3.85029,14.06106,19.96475,55.38068,3.774,0.92476
18/09/2020,12:00:00,0.079593,11.55,61.8,3.3,12.4,3.88292,14.06131,20.01504,57.97509,4.151,1.12292
18/09/2020,13:00:00,0.07136,13.725,88.5,4.5,15.9,3.09981,8.82507,13.57804,65.2095,5.142,0.66054
18/09/2020,14:00:00,0.060381,13.05,87.1,4.9,16.2,3.03455,9.88062,14.53353,67.25509,4.67,0.72659
18/09/2020,15:00:00,0.06587,13.2,88.7,4.9,15.9,4.43762,13.41194,20.2162,63.96219,4.363,0.92476
18/09/2020,16:00:00,0.076849,11.6,83.4,4.8,15,3.85029,13.45759,19.36128,64.41122,3.844,1.12292
18/09/2020,17:00:00,0.079593,10.55,76,3.9,13.8,2.02303,10.72755,13.82949,65.05982,3.585,0.99081
18/09/2020,18:00:00,0.10155,11,68.4,3.4,12,1.92515,15.05163,18.00348,61.46756,3.75,0.72659
18/09/2020,19:00:00,0.09606,10.4,68.5,3.9,11.2,1.762,18.57058,21.27227,57.62584,3.632,0.79265
18/09/2020,20:00:00,0.10155,10.6,50.8,3.1,10.5,1.17467,14.19079,15.99192,65.40907,4.363,0.92476
18/09/2020,21:00:00,0.093316,9.8,49.7,3.4,10,0.97889,14.94358,16.44452,62.96434,4.528,0.99081
18/09/2020,22:00:00,0.087827,8.625,46.8,3,9.5,0.881,13.33356,14.6844,66.85595,3.774,0.92476
18/09/2020,23:00:00,0.06587,7.675,47.6,3.6,9.5,0.61996,10.26386,11.21446,69.8495,3.609,0.72659
18/09/2020,24:00:00,0.054892,7,52,3.4,9.8,0.35893,5.33348,5.88382,73.1923,3.231,0.8587
19/09/2020,1:00:00,0.065875,6.625,37.7,3.2,8.8,0.26111,3.75797,4.15833,71.64563,3.09,0.88063
19/09/2020,2:00:00,0.063131,7.325,47.6,3.8,9,0.17407,2.88538,3.15228,68.51903,3.042,0.79257
19/09/2020,3:00:00,0.046662,6.675,53.5,4.1,9.2,0.16319,2.01338,2.26361,69.10111,2.83,0.79257
19/09/2020,4:00:00,0.054897,6.625,47.6,4,9.3,0.16319,1.81217,2.0624,68.95144,2.83,0.66047
19/09/2020,5:00:00,0.049406,7.25,43.8,3.6,9.1,0.13055,2.16403,2.36421,68.80176,3.137,0.52838
19/09/2020,6:00:00,0.071365,7.675,41.2,3.9,9.1,0.48957,4.48078,5.23145,65.05982,3.325,1.05676
19/09/2020,7:00:00,0.076855,8.675,46.4,4.1,9.5,0.65276,6.19234,7.19324,61.66713,3.844,0.79257
19/09/2020,8:00:00,0.076855,8.625,47.4,4.2,11.3,1.46872,6.80242,9.05442,59.47186,3.868,0.85862
19/09/2020,9:00:00,0.065875,9.525,51.7,4.3,12.3,1.56664,5.09291,7.49505,62.91444,3.962,0.52838
19/09/2020,10:00:00,0.085089,9.775,67.7,4.7,13.8,2.05621,6.20343,9.35624,62.5153,4.434,1.18885
19/09/2020,11:00:00,0.076855,11.15,64.9,4.4,14.1,2.05621,5.34829,8.5011,67.05552,4.481,1.05676
19/09/2020,12:00:00,0.063131,11.325,67.1,4.4,14.4,2.05621,5.5998,8.75261,68.60219,4.458,1.05676
19/09/2020,13:00:00,0.071365,11.2,67.7,4.5,14.7,1.9583,5.74993,8.75261,72.74327,4.481,0.99071
19/09/2020,14:00:00,0.074111,10.65,65.9,4.6,14.8,2.08885,5.70066,8.90352,72.59359,4.363,0.92466
19/09/2020,15:00:00,0.076855,10.65,65,3.9,14.8,1.7951,6.10076,8.85322,72.94284,4.34,1.05676
19/09/2020,16:00:00,0.082345,11.725,63.3,3.9,14.5,1.76247,8.0623,10.76471,70.84735,4.67,0.99071
19/09/2020,17:00:00,0.0796,11.075,61.6,4.1,13.9,1.56664,8.06075,10.46289,73.14241,4.764,1.38699
19/09/2020,18:00:00,0.109792,11.525,58.4,3.7,12.3,1.17498,10.72368,12.52529,68.35273,5.472,1.05676
19/09/2020,19:00:00,0.123517,11.45,46.9,3.7,11.5,1.04442,11.779,13.38043,61.91659,5.991,0.92466
19/09/2020,20:00:00,0.104303,10.775,51,3.8,11.1,0.97915,8.55913,10.06047,60.5196,5.472,0.59443
19/09/2020,21:00:00,0.098814,9.05,59.7,4,11.8,0.84859,6.04298,7.34414,60.86885,5.047,0.72652
19/09/2020,22:00:00,0.0796,7.425,57.1,3.8,11.9,0.6854,4.58293,5.63386,62.71487,4.363,1.05676
19/09/2020,23:00:00,0.071365,6.5,55.9,3.7,11.8,0.78332,4.634,5.83507,61.46756,3.585,0.85862
19/09/2020,24:00:00,0.074111,6.05,55.9,4.1,11.7,0.81596,5.5397,6.79082,60.02068,3.302,1.1228
20/09/2020,1:00:00,0.074116,5.75,31.9,2.7,9.8,0.43529,4.09578,4.76322,59.73795,3.113,1.14471
20/09/2020,2:00:00,0.063136,5.4,32.8,3.4,9.7,0.39176,2.82077,3.42147,61.99975,3.042,1.23276
20/09/2020,3:00:00,0.065881,5.775,42.9,3.7,10.1,0.39176,3.27361,3.87431,60.07057,3.113,1.05665
20/09/2020,4:00:00,0.060392,5.8,49.2,3.7,10.4,0.13059,2.21492,2.41515,57.62584,3.137,0.85853
20/09/2020,5:00:00,0.060392,5.45,54.9,3.4,10.6,0.19588,2.61796,2.91831,58.22455,2.948,0.92457
20/09/2020,6:00:00,0.054901,4.65,67.7,3.4,11.2,0.32647,3.77625,4.27683,59.17251,2.429,0.99061
20/09/2020,7:00:00,0.068626,3.975,58.9,3.3,11.2,0.84882,8.00689,9.3084,57.37638,2.123,1.32082
20/09/2020,8:00:00,0.060392,2.95,65,3.1,11.5,0.65294,4.83546,5.83662,59.07272,1.509,0.72645
20/09/2020,9:00:00,0.085097,3.275,65.3,3.4,11.6,2.21999,9.32593,12.72986,52.63659,1.557,0.99061
20/09/2020,10:00:00,0.109803,2.65,70.3,3.4,11.9,2.18734,9.62756,12.98144,48.99444,1.321,1.25477
20/09/2020,11:00:00,0.090586,2.175,66.7,3.5,12.5,3.06881,10.28863,14.99407,48.79487,1.014,1.05665
20/09/2020,12:00:00,0.096077,2.025,66,3.6,12.9,1.99146,6.60708,9.66061,51.18971,0.967,0.99061
20/09/2020,13:00:00,0.087841,2.325,70.7,3.3,12.7,2.51381,8.02004,11.8745,54.33293,1.203,1.05665
20/09/2020,14:00:00,0.090586,4.175,76.8,3.3,13.6,2.7097,8.77632,12.93113,56.02928,2.075,1.25477
20/09/2020,15:00:00,0.085097,5.9,74.9,3,13.3,2.28529,7.56539,11.06945,60.46971,2.524,1.25477
20/09/2020,16:00:00,0.085097,5.2,78.1,2.7,12.9,2.21999,9.07435,12.47829,59.07272,2.5,1.25477
20/09/2020,17:00:00,0.104312,5.525,77,2.6,12.4,1.46911,7.91116,10.16377,59.2224,2.594,1.25477
20/09/2020,18:00:00,0.126273,7.525,73.2,2.6,12,1.17529,12.13536,13.93744,53.08562,3.278,0.85853
20/09/2020,19:00:00,0.120782,8.425,82,2.5,11.8,0.39176,14.1418,14.74249,49.34368,3.986,1.12269
20/09/2020,20:00:00,0.134507,9.75,92.6,2.3,11.6,0.71823,15.90542,17.0067,45.85121,5.024,1.12269
20/09/2020,21:00:00,0.118037,9.475,117.3,2.1,11.6,0.68559,15.50264,16.55385,44.554,5.118,0.79249
20/09/2020,22:00:00,0.076862,14.125,137.9,2,11.3,0.35912,17.26111,17.81175,46.5996,9.882,1.4529
20/09/2020,23:00:00,0.076862,12.225,135.4,1.6,11,0.4897,18.52003,19.2709,48.74497,8.939,1.18873
20/09/2020,24:00:00,0.082352,11.875,136.3,1.5,8.9,0.84882,15.30266,16.60417,51.63874,7.948,1.98122
21/09/2020,1:00:00,0.080529,13.3,300,1.2,7.1,0.26124,8.99417,9.39474,61.46756,9.859,1.49678
21/09/2020,2:00:00,0.237925,20.175,261.1,0.4,6.8,0.26124,10.80602,11.20659,58.20792,15.495,2.28919
21/09/2020,3:00:00,0.200405,19.175,295.1,0.8,5.9,0.2939,11.32634,11.77698,54.48261,14.741,2.1131
21/09/2020,4:00:00,0.172954,20.75,248.1,0.9,6.2,0.8817,22.50401,23.85594,32.92905,16.179,1.51879
21/09/2020,5:00:00,0.23335,20.75,284.1,1.2,6.6,10.18855,35.15972,50.78194,11.27571,16.321,1.32068
21/09/2020,6:00:00,0.241585,23.3,254.7,1,6.6,41.01545,41.34185,104.23132,1.29721,17.665,1.45275
21/09/2020,7:00:00,0.252566,26.25,229.9,1.3,7.1,45.84848,45.00368,115.30369,3.59226,17.429,1.45275
21/09/2020,8:00:00,0.291,34.75,263.3,1.4,7.7,89.14981,57.47473,194.1692,3.49248,19.01,1.98103
21/09/2020,9:00:00,0.329435,59.35,221.7,1.3,8.7,87.35375,60.07766,194.01822,6.58581,21.486,1.71689
21/09/2020,10:00:00,0.156481,20.975,219.8,1.5,10,9.92731,23.12903,38.35068,45.55185,10.495,0.79241
21/09/2020,11:00:00,0.10432,20.175,238.7,1.6,12,5.61677,17.05553,25.66778,59.72132,10.377,0.79241
21/09/2020,12:00:00,0.074122,19.8,272.2,1.6,15.6,4.89834,16.09361,23.60429,64.46111,10.991,0.46224
21/09/2020,13:00:00,0.087849,18.45,281.3,2.6,17.6,4.70241,17.75292,24.96317,72.69337,10.142,0.79241
21/09/2020,14:00:00,0.107066,18.825,273.7,2.9,17.9,5.94332,24.05383,33.1668,73.24219,10.071,0.66034
21/09/2020,15:00:00,0.09883,18.775,277.3,2.9,17.6,4.31054,19.31002,25.91942,76.63488,9.198,1.12258
21/09/2020,16:00:00,0.118048,16.725,277.6,2.7,17,5.02896,24.60024,32.31121,75.58714,8.396,0.66034
21/09/2020,17:00:00,0.14001,16.525,273.9,2.2,15.7,4.14726,30.23012,36.58917,70.29853,8.609,1.05655
21/09/2020,18:00:00,0.170208,18.6,256.9,1.9,13.3,3.52681,36.96931,42.377,57.62584,10.071,1.05655
21/09/2020,19:00:00,0.203152,20.075,229.1,1.8,11.9,2.31855,32.78247,36.33752,53.58455,12.429,0.52827
21/09/2020,20:00:00,0.186679,21.625,222.5,1.7,10.8,1.43685,29.00083,31.20397,59.67143,13.962,0.59431
21/09/2020,21:00:00,0.178444,23.3,205.9,1.7,10,1.60013,22.50968,24.96317,54.93164,16.486,0.26414
21/09/2020,22:00:00,0.172954,23.6,204.4,1.9,9.3,1.50216,20.84805,23.15133,51.93809,16.863,0.99051
21/09/2020,23:00:00,0.148246,20.725,210.4,1.6,8.8,1.33888,19.53821,21.59113,54.43272,14.764,0.85845
21/09/2020,24:00:00,0.137264,21.35,207.4,1.4,8.7,1.43685,22.45807,24.6612,51.63874,14.528,0.59431
22/09/2020,1:00:00,0.074129,22.525,257.9,2,10.2,1.17592,18.80373,20.60678,46.16719,15.59,0.61626
22/09/2020,2:00:00,0.057656,19.5,251.4,2.2,10.3,0.47908,10.74347,11.47804,57.54268,14.104,0.17607
22/09/2020,3:00:00,0.046674,17.025,258.2,1.9,10.9,0.48996,10.47506,11.22633,59.92089,12.594,0.85836
22/09/2020,4:00:00,0.068638,19.075,238,1.8,11,1.17592,21.90818,23.71122,38.26755,13.797,0.59425
22/09/2020,5:00:00,0.093348,20.05,239.5,1.8,11.1,5.09563,27.62778,35.44097,29.73593,14.434,0.92439
22/09/2020,6:00:00,0.164731,19.575,243.7,2.2,11.6,28.41793,47.64668,91.22023,2.19527,14.552,0.99041
22/09/2020,7:00:00,0.216896,24.75,235,2.1,11.9,47.55921,60.83637,133.75947,2.54452,16.25,1.38658
22/09/2020,8:00:00,0.230623,33.975,225.2,2.5,13,59.57966,58.36376,149.71797,6.28646,19.198,1.05644
22/09/2020,9:00:00,0.271807,42.725,208.5,2.8,14.6,72.22074,68.63265,179.36958,9.57936,23.467,1.45261
22/09/2020,10:00:00,0.131785,40.6,221.4,3.1,18,18.48799,45.60497,73.95283,37.02024,23.255,1.05644
22/09/2020,11:00:00,0.131785,35.65,237.9,4.2,19.9,11.10586,39.50565,56.53439,57.27659,20.165,0.92439
22/09/2020,12:00:00,0.093348,32.9,241,4.8,20.4,4.40968,21.37993,28.14134,93.39876,14.599,0.85836
22/09/2020,13:00:00,0.090603,36.175,240.9,5,20.4,2.87446,15.67913,20.08657,100.88264,16.014,0.99041
22/09/2020,14:00:00,0.085111,36.15,245.1,5.1,19.8,2.09052,16.57911,19.78452,97.1407,18.255,0.85836
22/09/2020,15:00:00,0.101585,30.6,238.5,5.2,19.2,2.12318,17.93861,21.19411,91.55274,19.175,0.7263
22/09/2020,16:00:00,0.115312,29.65,231.8,4.3,18,3.42975,23.2852,28.54408,67.80391,17.406,0.52822
22/09/2020,17:00:00,0.131785,24.7,236,4,16.8,3.29909,23.93862,28.99716,66.90584,14.552,0.39617
22/09/2020,18:00:00,0.13453,22.375,237.9,3.9,16.2,1.63322,22.21384,24.71806,71.14671,14.104,0.7263
22/09/2020,19:00:00,0.145512,20.825,239.5,3.6,15.8,1.17592,22.26057,24.06361,67.90369,14.316,0.59425
22/09/2020,20:00:00,0.13453,18.8,240.7,3.2,15.5,1.01259,22.66202,24.21464,64.5609,13.632,0.99041
22/09/2020,21:00:00,0.120803,12,240.4,3.3,15.3,0.84927,18.02924,19.33144,65.75832,8.585,0.66028
22/09/2020,22:00:00,0.118057,10.6,243.4,3.5,15,0.88194,12.89459,14.24687,70.29853,8.231,0.7263
22/09/2020,23:00:00,0.10433,9.975,242.3,4,14.8,0.71861,11.43337,12.53523,70.34843,8.09,0.7263
22/09/2020,24:00:00,0.090603,8.8,245.7,3.3,14.1,0.39197,8.61162,9.21264,71.34628,6.651,0.52822
23/09/2020,1:00:00,0.093356,8.475,214.6,2.8,13.4,0.39208,5.7772,6.37838,73.17567,5.92,0.70423
23/09/2020,2:00:00,0.087865,7.6,227.4,2.9,14.1,0.39208,6.38147,6.98264,69.51688,5.873,0.88028
23/09/2020,3:00:00,0.085118,7.9,225.5,2.5,14,0.3594,5.74337,6.29445,69.60004,5.896,0.85827
23/09/2020,4:00:00,0.076881,7.2,222.7,2.5,13.8,0.42475,7.15385,7.80512,67.40477,5.755,1.12236
23/09/2020,5:00:00,0.087865,8.6,256,1.9,13.6,0.62079,14.10447,15.05633,59.57165,6.509,0.85827
23/09/2020,6:00:00,0.098848,9.35,311.2,2.3,13.2,3.72472,34.77475,40.4859,36.72088,6.038,0.79225
23/09/2020,7:00:00,0.148271,9.175,20.2,2.8,12.4,10.22664,52.55121,68.23184,21.50367,5.802,1.12236
23/09/2020,8:00:00,0.140033,7.125,22.8,2.6,11.8,9.63853,41.26692,56.04579,27.09163,4.41,0.9243
23/09/2020,9:00:00,0.093356,2.65,23.9,2.7,11.7,4.80293,20.73404,28.09843,43.75572,1.038,0.99032
23/09/2020,10:00:00,0.093356,2.575,16.3,2.9,11.7,3.69205,14.27976,19.94082,46.30024,0.943,0.99032
23/09/2020,11:00:00,0.087865,3.175,12.6,3.5,11.5,5.45639,18.67462,27.04096,39.2654,1.509,0.79225
23/09/2020,12:00:00,0.093356,2.6,3.9,4,11,6.79598,18.18163,28.60198,37.41938,1.038,1.32042
23/09/2020,13:00:00,0.087865,1.9,352.3,3.2,11.3,6.37123,19.48752,29.25661,45.20261,0.802,1.12236
23/09/2020,14:00:00,0.101593,2,9.2,2,12.1,6.73063,19.84285,30.16301,47.39788,0.708,0.99032
23/09/2020,15:00:00,0.093356,2.25,37.2,1.1,11.9,9.24645,22.5819,36.75959,45.70153,0.967,0.79225
23/09/2020,16:00:00,0.113491,1.65,63.8,0.5,11.7,3.41283,14.160632,19.393562,48.04648,0.778,1.32042
23/09/2020,17:00:00,0.109831,1.55,13.2,1.8,11.1,5.58708,18.62529,27.19202,52.08777,0.708,1.12236
23/09/2020,18:00:00,0.09061,2,6.3,2.8,10.6,3.72472,21.27945,26.9906,52.13766,0.967,0.85827
23/09/2020,19:00:00,0.093356,3.25,359.4,3.7,10.1,3.16928,21.52684,26.38634,51.18971,1.816,0.52817
23/09/2020,20:00:00,0.098848,3.55,7.1,3.6,9.8,2.64651,20.26383,24.32176,50.09207,2.288,0.66021
23/09/2020,21:00:00,0.085118,2.5,27,2.8,9.6,1.60098,15.37109,17.82588,54.38283,1.627,0.85827
23/09/2020,22:00:00,0.07139,2.45,332.4,2.1,9.4,1.76434,13.00566,15.71095,52.78627,1.226,0.66021
23/09/2020,23:00:00,0.05766,1.875,314.7,2.3,9.4,1.17623,8.7208,10.52432,55.77982,0.92,0.72623
23/09/2020,24:00:00,0.049424,1.8,286.4,2.1,9.3,1.14356,9.87872,11.63214,52.83616,0.896,0.9243
24/09/2020,1:00:00,0.098491,1.575,246.7,1.9,7.8,1.78988,10.30838,13.05281,47.96332,0.849,1.32059
24/09/2020,2:00:00,0.098491,2.65,228.2,1.8,7.2,1.1787,18.34088,20.14819,32.26382,1.321,1.23255
24/09/2020,3:00:00,0.090284,2.825,242.9,1.3,6.1,0.85128,16.31602,17.6213,32.38023,1.509,1.05647
24/09/2020,4:00:00,0.095755,4.4,214.6,1.6,5.2,0.7858,12.29977,13.50464,34.27615,2.594,1.05647
24/09/2020,5:00:00,0.090284,5.7,127.9,1.7,4.8,0.91677,16.16541,17.57109,32.23056,4.175,1.58471
24/09/2020,6:00:00,0.131322,8.6,116.5,1.7,5.3,11.7215,38.20458,56.1773,10.52732,5.613,1.18853
24/09/2020,7:00:00,0.136794,9.875,132.8,1.6,6.4,13.12939,42.67266,62.80411,4.88947,5.967,1.65074
24/09/2020,8:00:00,0.15868,11.85,115.5,1.9,6.6,15.35582,41.46778,65.01305,5.18882,7.618,1.32059
24/09/2020,9:00:00,0.186039,10.25,102.9,2.8,7.1,22.62446,42.92367,77.61403,10.87657,6.368,1.58471
24/09/2020,10:00:00,0.139529,10.775,90,2.7,8,9.2004,32.28061,46.38769,19.15872,7.453,1.58471
24/09/2020,11:00:00,0.123114,12.25,90.5,2.2,10.2,9.23314,23.44486,37.60214,23.34969,9.08,1.05647
24/09/2020,12:00:00,0.123114,10.55,138,2.6,12.7,12.17989,25.95502,44.63058,24.44733,8.609,1.32059
24/09/2020,13:00:00,0.142265,11.625,180.8,3.1,13.1,13.42407,25.05136,45.63464,24.44733,8.585,1.18853
24/09/2020,14:00:00,0.123114,10.325,195,3.4,13.6,10.5428,16.76784,32.93325,33.37808,7.406,1.1225
24/09/2020,15:00:00,0.101227,6.475,205.2,3.2,13.3,6.31913,14.65931,24.34852,40.91185,4.717,0.85839
24/09/2020,16:00:00,0.150473,6.775,201.5,2,12.8,8.77476,23.94689,37.40133,34.82497,4.269,1.25456
24/09/2020,17:00:00,0.169624,7.675,59.9,0.1,11.9,7.10493,25.25217,36.14625,33.22841,4.528,1.1225
24/09/2020,18:00:00,0.117642,4.6,33.3,1.4,9.7,3.24142,17.92252,22.89263,51.13981,2.217,1.45265
24/09/2020,19:00:00,0.071133,1.825,15.5,2.3,8.5,2.3574,14.65931,18.27394,66.45681,1.132,1.18853
24/09/2020,20:00:00,0.068397,2.3,8.3,2.8,7.8,1.73531,12.09895,14.75972,66.5067,1.274,0.85839
24/09/2020,21:00:00,0.060189,1.7,4.6,3.4,7.5,1.11322,9.73941,11.44631,75.08821,0.896,0.59427
24/09/2020,22:00:00,0.09302,2.125,0.8,4.1,7.4,1.60434,14.20748,16.66744,59.97079,1.368,0.92442
24/09/2020,23:00:00,0.098491,4.125,5.3,4.6,7.6,1.14596,9.13697,10.89408,52.03788,2.241,0.99045
24/09/2020,24:00:00,0.073868,3.725,6.3,5.5,8.8,0.62209,5.62275,6.57661,58.32433,2.217,0.72633
25/09/2020,1:00:00,0.117642,3.225,0.8,4.8,7.2,0.52387,4.48481,5.28806,60.66928,2.052,0.96856
25/09/2020,2:00:00,0.106699,4.475,5.5,6.4,7.8,0.17462,1.74038,2.00813,64.46111,2.241,1.32076
25/09/2020,3:00:00,0.101227,5.45,1,6.9,7.9,0.16371,2.20894,2.45995,64.46111,2.594,1.25473
25/09/2020,4:00:00,0.095755,7.8,358.1,6.8,7.4,0.29468,2.86158,3.31341,62.01638,3.09,1.45284
25/09/2020,5:00:00,0.087548,7.075,352.9,6.6,7.1,1.08047,4.51828,6.17498,60.36993,2.995,1.58492
25/09/2020,6:00:00,0.087548,6.875,349.9,6.8,7,2.71756,10.24144,14.4083,57.02713,2.995,1.05661
25/09/2020,7:00:00,0.103963,6.25,348.2,7.4,7.2,5.72978,16.71764,25.50319,50.84046,2.759,1.25473
25/09/2020,8:00:00,0.101227,5.65,349.7,7.5,8.3,6.02446,15.86419,25.10156,48.69508,2.382,1.12265
25/09/2020,9:00:00,0.098491,9.5,348.6,7.6,9.1,5.36963,10.74347,18.97678,53.8839,3.137,0.92454
25/09/2020,10:00:00,0.084812,8.85,349.9,8.2,10.6,5.33689,9.73941,17.92252,56.02928,3.019,1.05661
25/09/2020,11:00:00,0.076604,8.45,348.1,8.1,11.7,4.8785,8.33372,15.81398,57.97509,2.712,1.12265
25/09/2020,12:00:00,0.087548,7.925,352.6,8.8,12.2,5.43511,9.28758,17.6213,58.02498,2.547,1.25473
25/09/2020,13:00:00,0.073868,7.6,349.9,8.9,12.6,5.76253,9.28758,18.12333,58.32433,2.264,1.58492
25/09/2020,14:00:00,0.082076,7.475,348.7,8.5,12.8,6.18817,9.78961,19.278,57.62584,2.123,1.32076
25/09/2020,15:00:00,0.090284,5.95,352.4,8,12.6,5.63156,10.09083,18.72577,55.03143,1.934,0.99057
25/09/2020,16:00:00,0.103963,5.65,347.8,6.3,12.2,5.95898,11.99855,21.13552,53.68433,1.675,1.18869
25/09/2020,17:00:00,0.106699,3.25,342.3,5.6,10.4,5.23866,12.75159,20.78409,48.44562,1.156,1.18869
25/09/2020,18:00:00,0.095755,3.525,337.4,5.7,9.4,4.61657,13.65525,20.73389,48.29594,1.415,0.99057
25/09/2020,19:00:00,0.098491,4.525,333.7,5.5,8.7,3.929,12.75159,18.77597,46.25035,2.005,0.8585
25/09/2020,20:00:00,0.084812,5.575,337.4,5.7,8.2,2.61933,11.39611,15.41236,48.5953,2.5,1.45284
25/09/2020,21:00:00,0.07934,6.6,336.6,6,7.7,2.65207,8.83575,12.9022,52.18756,2.877,1.12265
25/09/2020,22:00:00,0.076604,7.725,336,5.8,7.1,2.78304,9.83981,14.10708,52.68648,3.75,0.79246
25/09/2020,23:00:00,0.051982,8.775,331.3,5.4,6.6,1.27692,4.91991,6.87783,57.62584,3.561,0.99057
25/09/2020,24:00:00,0.049246,8,329.8,5.5,6.3,0.72032,3.91584,5.02031,59.02283,3.302,0.8585
26/09/2020,1:00:00,0.068397,6.95,329.8,5.1,5.2,0.61118,3.48075,4.41788,56.7444,3.019,0.88062
26/09/2020,2:00:00,0.073868,6.525,327.3,4.8,4.9,0.3929,3.54769,4.15013,55.54698,2.783,1.05675
26/09/2020,3:00:00,0.073868,4.775,328,4.6,4.6,0.19645,3.213,3.51422,54.5824,2.311,1.12279
26/09/2020,4:00:00,0.065661,4.325,322.2,4.3,4.3,0.62209,3.66483,4.61869,54.5824,2.005,1.12279
26/09/2020,5:00:00,0.060189,3.675,324.6,3.9,4.1,0.49112,3.71503,4.46808,57.32648,1.675,0.9907
26/09/2020,6:00:00,0.054717,3.35,329.8,3.8,4,0.94951,6.27539,7.73128,53.83401,1.509,0.79256
26/09/2020,7:00:00,0.068397,3.575,338.9,4.3,4.4,1.60434,8.78555,11.2455,52.08777,1.557,0.72651
26/09/2020,8:00:00,0.073868,4.575,352.1,5.5,5.7,2.3574,9.38798,13.00261,52.03788,1.792,0.92466
26/09/2020,9:00:00,0.09302,4.675,357.2,6.8,8.2,3.37239,9.639,14.80992,52.33723,1.84,0.85861
26/09/2020,10:00:00,0.090284,6.225,357.3,7.4,9.6,4.05996,9.13697,15.36216,53.93379,2.547,0.85861
26/09/2020,11:00:00,0.098491,8.25,3.2,7.7,10.9,4.22367,8.78555,15.26175,54.68218,3.113,0.9907
26/09/2020,12:00:00,0.098491,8.6,4.4,7.8,11.8,4.02722,9.53859,15.71358,54.98154,3.561,1.18884
26/09/2020,13:00:00,0.106699,10.95,3.2,6.8,10.7,4.94399,12.40017,19.98084,51.63874,4.717,0.66047
26/09/2020,14:00:00,0.098491,11.525,3.7,7.1,10.7,4.97673,10.89408,18.52495,53.78412,5.047,0.85861
26/09/2020,15:00:00,0.090284,15.5,0.3,7.9,11.4,4.84576,12.24956,19.67963,52.98584,7.052,1.18884
26/09/2020,16:00:00,0.103963,16.7,2.1,6.7,10.4,5.53334,15.66338,24.1477,49.09422,7.524,0.85861
26/09/2020,17:00:00,0.095755,15.425,3.5,6.2,10,3.47061,11.94834,17.26988,55.13121,7.076,1.45303
26/09/2020,18:00:00,0.109435,14.3,359.2,5,9,3.6998,15.11114,20.78409,50.49121,7.311,0.9907
26/09/2020,19:00:00,0.103963,14.8,350.7,5,8.5,3.27416,12.852,17.87231,54.03358,6.792,1.45303
26/09/2020,20:00:00,0.098491,15.975,356.7,5.6,8.2,2.3574,9.73941,13.35403,56.22885,7.571,0.72651
26/09/2020,21:00:00,0.109435,16.7,0.1,5.6,8,1.73531,8.53453,11.1953,58.02498,7.594,1.12279
26/09/2020,22:00:00,0.098491,18.175,2.6,5.6,7.7,2.19369,9.33778,12.70139,57.02713,8.208,1.05675
26/09/2020,23:00:00,0.090284,18.825,2.9,5.5,7.5,1.04773,6.02438,7.63088,59.52175,8.514,1.05675
26/09/2020,24:00:00,0.084812,19.525,4.4,5.3,7.4,0.58935,4.16686,5.07052,61.11831,8.609,1.38698
27/09/2020,1:00:00,0.062013,18.275,343.2,4.4,6.9,0.52387,3.27994,4.08319,62.39889,8.373,1.23303
27/09/2020,2:00:00,0.054717,18.525,353.6,4.5,6.5,0.21828,2.20894,2.54363,63.33021,7.948,0.88074
27/09/2020,3:00:00,0.060189,18.275,358.3,4.8,6.4,0.3929,2.40975,3.01219,63.61294,7.972,1.38716
27/09/2020,4:00:00,0.051982,17.8,1.5,5,6.1,0.22919,2.00813,2.35955,64.31143,7.925,0.92478
27/09/2020,5:00:00,0.060189,16.2,2.7,4.5,5.7,0.22919,2.45995,2.81138,63.96219,7.123,1.38716
27/09/2020,6:00:00,0.057453,16.125,359.9,4.2,5.4,0.52387,3.66483,4.46808,63.56305,6.84,1.189
27/09/2020,7:00:00,0.060189,15.775,4.6,4,5.4,0.75306,5.72316,6.87783,61.51745,6.792,1.12294
27/09/2020,8:00:00,0.051982,14.25,9.4,4.9,6.9,1.30967,5.27133,7.27945,62.21595,6.321,1.45322
27/09/2020,9:00:00,0.054717,14.9,5.3,4.9,8.1,1.63708,6.22519,8.73534,61.46756,6.25,1.25505
27/09/2020,10:00:00,0.076604,12.975,0.3,4.6,7.9,2.39014,9.83981,13.50464,58.5738,5.755,1.12294
27/09/2020,11:00:00,0.09302,11.65,357.7,4.8,8.6,3.6998,11.79773,17.47069,55.97939,5.283,1.25505
27/09/2020,12:00:00,0.084812,9.05,358.1,4.9,9.1,2.7503,9.78961,14.00667,57.42627,4.387,1.189
27/09/2020,13:00:00,0.082076,9.075,4,5,9.8,3.40513,12.60098,17.82211,55.68003,4.245,1.32111
27/09/2020,14:00:00,0.101227,8.825,5.1,4.5,11.4,3.96174,13.25363,19.3282,54.73207,4.387,0.92478
27/09/2020,15:00:00,0.090284,6.675,9.4,4.3,11.6,3.04497,11.94834,16.61723,55.82971,3.986,1.45322
27/09/2020,16:00:00,0.071133,8.95,12.6,3.9,11.1,2.29191,8.0827,11.59692,59.17251,4.906,1.45322
27/09/2020,17:00:00,0.082076,9.625,20.5,2.8,9.9,2.19369,12.09895,15.46256,55.03143,5.401,1.51927
27/09/2020,18:00:00,0.112171,12.35,19.3,2.3,8.2,2.88126,19.17759,23.59547,45.50196,6.462,0.99083
27/09/2020,19:00:00,0.161416,12.675,9.6,2.2,7.3,3.43787,31.47736,36.74869,30.18496,7.193,1.25505
27/09/2020,20:00:00,0.183303,14.15,346.4,2.2,6.4,10.87022,43.57631,60.24375,19.15872,8.844,1.189
27/09/2020,21:00:00,0.232549,15.75,349.8,2.4,6,14.14438,49.90191,71.58966,10.32775,10.142,1.12294
27/09/2020,22:00:00,0.33104,17.425,351.2,2.3,5.5,30.22052,48.54642,94.88391,4.34065,12.594,1.98166
27/09/2020,23:00:00,0.276323,18.2,348.2,2.3,5.1,12.47456,34.43934,53.56673,5.83742,13.632,1.32111
27/09/2020,24:00:00,0.175096,15.025,324.3,2,5.2,2.84852,22.13958,26.50725,16.91356,10.802,1.25505
28/09/2020,1:00:00,0.09302,13.35,303.2,1.6,4.7,1.78988,16.66744,19.41188,20.8218,9.269,1.23319
28/09/2020,2:00:00,0.076604,12.3,292.4,2.2,4.1,0.91677,14.25769,15.66338,21.9527,8.821,0.96894
28/09/2020,3:00:00,0.068397,10.45,298.2,2.2,3.9,0.7858,12.70139,13.90627,23.64905,7.712,1.45341
28/09/2020,4:00:00,0.068397,10.325,297.7,2,4,1.83353,16.96866,19.78003,19.70754,7.193,0.79277
28/09/2020,5:00:00,0.082076,10.375,298.3,2.1,4,5.89349,25.30238,34.33894,11.12603,7.429,0.85883
28/09/2020,6:00:00,0.106699,10.825,291.4,2.1,3.9,23.96687,33.03366,69.78234,7.18452,7.453,1.45341
28/09/2020,7:00:00,0.164152,13.2,290.6,2,4,52.64853,48.94805,129.67467,1.69635,8.042,1.91585
28/09/2020,8:00:00,0.339248,18.325,279.3,1.8,3.8,98.29036,51.55861,202.26839,2.39484,10.849,2.51043
28/09/2020,9:00:00,0.169624,13,278.1,1.9,4.3,28.12506,42.42164,85.54613,11.3256,7.83,1.12309
28/09/2020,10:00:00,0.17236,16.175,280.7,1.9,5.6,27.33926,40.71473,82.63434,15.76603,8.962,1.38734
28/09/2020,11:00:00,0.131322,15.6,285.7,2,11.1,18.89192,32.98345,61.95066,21.75313,8.585,1.25521
28/09/2020,12:00:00,0.054717,11.275,281.7,2.3,14.4,8.70927,20.98491,34.33894,38.41723,6.179,1.25521
28/09/2020,13:00:00,0.071133,9.85,280,2.8,15.8,6.90848,20.03105,30.62391,45.20261,5.825,1.18915
28/09/2020,14:00:00,0.084812,10.85,286.9,2.7,14.4,8.57831,23.74608,36.8993,38.11787,5.991,1.58553
28/09/2020,15:00:00,0.139529,13.825,257.9,2.1,14.6,10.51006,24.64973,40.76494,40.6125,7.311,1.25521
28/09/2020,16:00:00,0.202454,13.325,261.8,2.1,13.6,10.73925,29.21822,45.68484,41.80992,8.255,1.38734
28/09/2020,17:00:00,0.235285,13.525,259.1,1.9,13.2,6.843,34.74056,45.23302,45.00304,9.906,1.32128
28/09/2020,18:00:00,0.246228,12.475,286.7,2.2,12.9,5.14044,39.56006,47.44195,33.97679,8.396,0.59458
28/09/2020,19:00:00,0.300946,15.725,305.5,2.9,12.7,10.31361,51.55861,67.37259,15.91571,10.849,1.38734
28/09/2020,20:00:00,0.240757,16.7,310.9,3.1,12.3,5.30414,44.88159,53.0145,15.51657,11.745,1.58553
28/09/2020,21:00:00,0.15868,16.275,310.5,2.8,11,3.96174,33.98752,40.06209,18.16087,12.807,1.45341
28/09/2020,22:00:00,0.17236,17.35,314.8,3.2,10.2,4.97673,33.13406,40.76494,12.42323,15.118,1.32128
28/09/2020,23:00:00,0.131322,14.25,316.3,3.3,9.4,2.84852,26.35664,30.72431,14.01979,12.453,1.51947
28/09/2020,24:00:00,0.120378,13.775,308.7,2.9,8.9,2.52111,20.08125,23.94689,18.11098,12.264,1.18915
29/09/2020,1:00:00,0.147737,13.025,310.5,2.1,9,1.04773,15.12788,16.73438,22.15227,11.415,0.52858
29/09/2020,2:00:00,0.134058,9.925,315.1,2.4,8.5,0.61118,8.63494,9.57206,32.19729,7.925,0.96906
29/09/2020,3:00:00,0.131322,7.875,305.4,2.5,7.8,0.58935,7.83169,8.73534,34.72518,5.991,0.79287
29/09/2020,4:00:00,0.136794,8.55,319.1,2.2,7.4,0.72032,8.83575,9.94022,33.67744,6.274,0.92501
29/09/2020,5:00:00,0.147737,8,313.6,1.9,7.2,1.99724,13.65525,16.71764,29.83572,6.226,0.59465
29/09/2020,6:00:00,0.155945,8.35,316.7,1.8,6.8,5.46785,21.53714,29.92106,22.40173,5.896,0.59465
29/09/2020,7:00:00,0.20519,9.125,309,1.7,6.5,19.31756,36.69848,66.31833,9.72904,5.778,1.32145
29/09/2020,8:00:00,0.194247,9.75,303.8,1.8,6.3,20.07062,32.73244,63.50695,11.77463,5.307,1.12323
29/09/2020,9:00:00,0.191511,9.85,299.2,1.5,8.8,18.1716,28.06355,55.92628,17.91141,4.575,1.05716
29/09/2020,10:00:00,0.147737,9,341.2,1.5,11.9,11.95069,19.37841,37.70255,28.53851,4.292,0.99109
29/09/2020,11:00:00,0.073868,6.025,327.7,1.3,13.8,6.843,13.15322,23.64567,40.76217,2.759,0.79287
29/09/2020,12:00:00,0.054717,5.35,313.3,1.2,15,5.50059,10.99448,19.42861,51.93809,2.406,1.12323
29/09/2020,13:00:00,0.071133,7.475,317.7,1,15.7,4.71479,12.55078,19.78003,50.591,3.302,0.92501
29/09/2020,14:00:00,0.082076,7.65,307.7,1.4,15.8,5.99172,12.75159,21.93877,52.33723,3.325,1.05716
29/09/2020,15:00:00,0.101227,7.8,293.5,1.8,15.6,5.50059,15.51277,23.94689,49.19401,3.42,0.66073
29/09/2020,16:00:00,0.131322,8.95,277.5,1.6,14.9,6.64655,23.14364,33.33488,44.45422,3.774,0.99109
29/09/2020,17:00:00,0.117642,9.125,233.6,1.5,13.3,5.79527,23.39466,32.28061,43.85551,4.41,0.79287
29/09/2020,18:00:00,0.188775,11,201.3,1.9,11,8.87298,42.57225,56.1773,24.44733,5.849,0.85894
29/09/2020,19:00:00,0.183303,14.775,201.4,1.6,9.6,9.39685,51.10678,65.51508,14.36904,8.16,0.92501
29/09/2020,20:00:00,0.393965,23.3,227.3,1.6,8.5,66.59647,66.16772,168.28088,2.24516,13.278,1.51967
29/09/2020,21:00:00,0.2517,23,259.3,1.4,7.6,26.35701,64.05919,104.4727,1.24731,12.524,1.78396
29/09/2020,22:00:00,0.262644,26.4,275,0.9,6.7,32.77437,61.95066,112.20398,1.19742,13.326,2.97326
29/09/2020,23:00:00,0.270851,32.075,245.7,0.9,6.1,30.35149,56.47852,103.01681,1.3471,19.741,4.49292
29/09/2020,24:00:00,0.276323,36.275,185.8,1.1,5.6,17.97515,49.50028,77.0618,1.54667,19.293,3.96435
30/09/2020,1:00:00,0.145913,22.1,177.6,2.2,8.9,7.07219,38.68988,49.53375,8.11585,13.915,2.46702
30/09/2020,2:00:00,0.069308,14.35,180.5,2.4,8.4,2.3574,32.06306,35.67769,15.9656,8.915,1.58594
30/09/2020,3:00:00,0.07934,14.5,190.3,3.2,8.6,3.01223,31.72838,36.34706,13.22151,9.434,1.12338
30/09/2020,4:00:00,0.07934,13.55,187.6,3.4,8.5,4.94399,36.79889,44.37956,7.88302,9.222,1.12338
30/09/2020,5:00:00,0.087548,14.425,182,3.4,8.4,8.18541,38.05397,50.60475,6.58581,9.458,1.18946
30/09/2020,6:00:00,0.090284,27,174.5,3.7,8.6,18.1716,42.32123,70.18397,3.14323,11.934,2.57716
30/09/2020,7:00:00,0.062925,15.525,175.6,4.3,9.1,17.7787,44.63058,71.89088,4.59011,8.443,3.37013
30/09/2020,8:00:00,0.082076,23.4,176.2,4.2,9.5,23.93413,47.09053,83.78902,5.53807,8.561,2.64324
30/09/2020,9:00:00,0.071133,21.4,181.2,4.4,9.9,28.61618,44.37956,88.25709,6.53592,8.208,6.6081
30/09/2020,10:00:00,0.065661,19.2,185.2,4.2,10.3,26.71717,46.48809,87.45384,7.38409,8.373,8.59052
30/09/2020,11:00:00,0.109435,19.025,181.2,5.1,10.5,35.19725,48.09459,102.06295,9.72904,8.75,5.68296
30/09/2020,12:00:00,0.057453,10.6,181.3,5.1,10.7,10.64103,32.0798,48.39581,27.88991,5.708,2.64324
30/09/2020,13:00:00,0.071133,11.325,184.6,5.1,10.9,9.06943,33.23447,47.14073,26.99184,6.675,1.71811
30/09/2020,14:00:00,0.090284,10.85,185,5.3,11.2,12.83472,38.65641,58.33603,21.45378,6.462,1.0573
30/09/2020,15:00:00,0.082076,10.775,178.8,5.2,11.7,11.16489,41.8192,58.93847,20.35614,6.368,1.0573
30/09/2020,16:00:00,0.139529,11.65,181.1,5.4,12.1,16.56726,50.90597,76.30875,12.02409,7.453,0.92513
30/09/2020,17:00:00,0.136794,13.9,186.5,5.3,12.7,18.33531,52.56267,80.67642,7.18452,9.222,1.0573
30/09/2020,18:00:00,0.131322,14,188.5,4.9,13.1,9.92071,50.35373,65.56528,11.17592,8.278,1.18946
30/09/2020,19:00:00,0.117642,12.5,194.7,3.1,12.9,7.56332,47.39175,58.98867,16.6142,7.288,0.26432
30/09/2020,20:00:00,0.103963,5.525,190.1,2.3,12.3,7.39961,43.57631,54.92222,24.94625,4.151,0.92513
30/09/2020,21:00:00,0.142265,6.925,175,2.4,11.3,13.39133,55.92628,76.45936,8.88087,4.953,0.66081
30/09/2020,22:00:00,0.153209,8.95,181.6,2.4,10.6,6.08994,41.11636,50.45414,14.6684,6.509,0.79297
30/09/2020,23:00:00,0.123114,10.575,195.8,2,9.5,3.99448,34.03772,40.1625,15.56646,8.278,0.92513
30/09/2020,24:00:00,0.166888,11.525,214.2,1.5,9.8,9.5933,42.32123,57.03075,7.43398,9.316,0.72689
1/10/2020,1:00:00,0.17827,11.55,248.8,2.4,10.7,1.91654,23.78095,26.71959,20.95485,9.009,0.4406
1/10/2020,2:00:00,0.172786,9.925,264.4,2.3,10.7,1.82942,21.29627,24.10134,24.21449,7.524,0.35248
1/10/2020,3:00:00,0.101477,1.975,279,2.8,10.1,0.35935,4.63516,5.18615,55.68003,1.085,0.79307
1/10/2020,4:00:00,0.098735,2.425,283.9,2.7,9.7,0.68603,10.17637,11.22827,53.73422,1.344,0.99134
1/10/2020,5:00:00,0.106962,3.45,298.6,2.3,9,1.24139,16.92783,18.83127,43.85551,1.651,0.79307
1/10/2020,6:00:00,0.109705,3.475,310.9,1.6,8.1,6.92566,30.51756,41.13676,28.33894,2.005,0.99134
1/10/2020,7:00:00,0.150844,6.15,198.6,1.4,7.7,18.06552,49.53834,77.23841,17.01334,3.302,1.58615
1/10/2020,8:00:00,0.200212,9.875,269.4,1.7,8.5,24.53382,49.3885,87.0065,12.72259,4.906,0.85917
1/10/2020,9:00:00,0.164557,11.625,313.6,2.7,9.6,16.66078,30.94763,56.49381,26.5927,4.693,1.05743
1/10/2020,10:00:00,0.090507,11.6,324.2,2.1,10.5,6.86032,17.17403,27.69304,46.35013,4.245,0.85917
1/10/2020,11:00:00,0.074051,9.1,312.8,2.7,11.4,6.3703,15.60924,25.3769,50.79057,3.632,1.18961
1/10/2020,12:00:00,0.060338,9.5,314.7,3,12,5.68427,18.47378,27.18953,50.84046,3.656,1.12352
1/10/2020,13:00:00,0.076794,9.05,299.3,2.3,12.8,6.17429,19.58541,29.05252,46.94884,3.679,0.92525
1/10/2020,14:00:00,0.071308,9.3,270.8,2,12.8,6.66431,20.84809,31.06656,48.34583,3.821,0.79307
1/10/2020,15:00:00,0.071308,10.225,262.1,1.7,12.7,5.45559,19.83143,28.19655,48.24605,3.892,0.85917
1/10/2020,16:00:00,0.101477,8.275,275.3,1.2,12,9.37577,23.94111,38.3171,47.29809,3.443,1.05743
1/10/2020,17:00:00,0.085022,8.25,238.5,1.2,11,5.22691,22.90102,30.91551,44.85336,3.514,1.05743
1/10/2020,18:00:00,0.137131,9.55,218.4,1.5,8.9,7.35035,35.45534,46.72572,34.17636,4.41,0.92525
1/10/2020,19:00:00,0.279748,12.425,233.1,0.8,7.3,25.61187,57.85607,97.12705,5.3385,5.967,1.38788
1/10/2020,20:00:00,0.438821,15.675,303.1,0.5,6.2,61.0242,62.77067,156.33981,1.44688,9.198,1.52006
1/10/2020,21:00:00,0.504643,18.775,7.9,1.7,5.6,62.49427,52.41009,148.2333,1.29721,11.415,1.71833
1/10/2020,22:00:00,0.414137,18.05,20.5,2.1,5,35.02031,47.45807,101.15513,2.79398,12.17,0.99134
1/10/2020,23:00:00,0.337343,14.05,22.1,2.4,4.9,38.45048,39.52996,98.48653,3.9914,9.811,1.38788
1/10/2020,24:00:00,0.172786,11.325,19.2,2.3,4.8,4.37754,23.44811,30.16024,17.01334,6.934,0.85917
2/10/2020,1:00:00,0.093236,11,30.9,2.4,5.4,1.48093,17.46663,19.73736,22.8175,7.076,0.61692
2/10/2020,2:00:00,0.076782,11.55,32.6,3,5.1,0.95825,13.83723,15.30652,22.28532,7.429,0.61692
2/10/2020,3:00:00,0.060329,8.75,32,3.1,5,0.49001,7.85858,8.60992,30.5841,5.472,0.92537
2/10/2020,4:00:00,0.063072,7.625,31.2,3.3,4.9,0.45735,6.6499,7.35116,33.77722,4.859,0.66098
2/10/2020,5:00:00,0.057587,7.6,29.2,3.6,5.2,1.1107,9.37404,11.07709,33.37808,5.165,0.59488
2/10/2020,6:00:00,0.046618,8.775,31.7,3.7,5.4,2.71141,13.96871,18.12615,29.43658,6.109,0.59488
2/10/2020,7:00:00,0.057587,9.125,41.2,4.1,6.5,4.14879,17.55506,23.91644,28.98754,6.132,0.33049
2/10/2020,8:00:00,0.065813,9.375,43.9,4.4,7.5,6.04351,21.59822,30.8648,27.88991,5.637,0.59488
2/10/2020,9:00:00,0.054844,9,47.3,4.5,9.5,4.44279,16.09725,22.90944,34.67529,4.882,0.59488
2/10/2020,10:00:00,0.060329,9.6,58.1,4.7,12,5.16148,15.24703,23.16119,35.72303,5.071,0.85927
2/10/2020,11:00:00,0.065813,9.775,65.2,6,13.5,4.86747,12.32436,19.78771,44.05508,5.236,0.99147
2/10/2020,12:00:00,0.057587,10.95,70.6,6.1,14.2,3.00542,11.85634,16.46458,61.01853,5.873,0.85927
2/10/2020,13:00:00,0.049361,10.15,74.3,6.3,14.3,3.3321,14.42682,19.53596,67.95359,4.741,1.38806
2/10/2020,14:00:00,0.065813,9.225,62.9,5.7,13.7,3.39743,15.384,20.59332,68.45251,4.458,1.18977
2/10/2020,15:00:00,0.082267,10.025,51.4,5.5,13.2,3.07076,15.07929,19.78771,62.81466,5.165,1.32196
2/10/2020,16:00:00,0.08501,9.775,46.9,5.6,12.6,2.58074,12.1047,16.06178,64.91014,5.354,0.72708
2/10/2020,17:00:00,0.076782,8.6,38.4,5.4,11.5,2.3194,9.23264,12.789,62.16606,5.142,0.85927
2/10/2020,18:00:00,0.08501,7.925,37.3,5.6,11.5,2.02539,11.09326,14.19882,56.72777,4.929,0.85927
2/10/2020,19:00:00,0.082267,10.25,31.4,4.6,10.9,2.2214,11.04447,14.45057,53.38498,7.311,1.05757
2/10/2020,20:00:00,0.082267,8.4,33.2,4.9,10.7,1.69872,11.29205,13.89671,51.2396,5.849,0.79318
2/10/2020,21:00:00,0.087752,8,34.5,4.8,10.6,1.53538,9.93129,12.2855,51.28949,5.33,1.12367
2/10/2020,22:00:00,0.087752,9.1,28.9,5.1,11,1.69872,10.38575,12.99041,54.33293,5.708,0.72708
2/10/2020,23:00:00,0.074041,6.875,23.2,5.5,11.3,0.75136,6.14875,7.30081,62.5153,4.316,0.79318
2/10/2020,24:00:00,0.057587,6.675,22.1,5.5,11.5,0.45735,4.08203,4.78329,66.65638,4.434,1.45416
3/10/2020,1:00:00,0.047525,9.325,21.8,5.2,11,0.34845,3.62797,4.16225,65.32591,6.533,1.05771
3/10/2020,2:00:00,0.058493,11.625,16.5,5.6,10.6,0.30489,3.76189,4.22939,64.26154,8.679,0.96956
3/10/2020,3:00:00,0.063062,12.425,19.8,5.2,10.6,0.098,2.61898,2.76924,63.46326,9.693,1.25603
3/10/2020,4:00:00,0.057579,12.025,23.7,5.5,10.9,0.196,3.02256,3.32309,58.82326,9.528,0.79328
3/10/2020,5:00:00,0.052096,10.45,25.8,6,11.3,0.45734,4.38409,5.08533,53.8839,7.925,0.79328
3/10/2020,6:00:00,0.07403,7.15,12.8,5.3,11.2,0.91468,7.25769,8.66017,50.49121,5.354,0.79328
3/10/2020,7:00:00,0.079514,5.25,13.6,5.4,11.6,1.40468,8.11755,10.27137,50.39143,4.009,0.92549
3/10/2020,8:00:00,0.087739,5.35,16.9,5.4,11.9,1.73135,9.37891,12.03361,49.49336,3.726,1.18992
3/10/2020,9:00:00,0.087739,8.55,19.9,5.6,12.1,2.71136,12.40773,16.5651,43.9054,5.259,1.12381
3/10/2020,10:00:00,0.10419,11.325,25.1,5.6,12.4,4.21404,15.18898,21.65043,38.06798,6.226,0.72717
3/10/2020,11:00:00,0.128866,14.575,37.3,5.1,12.8,4.76938,17.20742,24.52037,35.274,7.288,0.9916
3/10/2020,12:00:00,0.148059,11.925,43.6,4.8,13,6.07606,19.3829,28.69941,31.68174,6.769,0.92549
3/10/2020,13:00:00,0.159027,9.975,51.8,4.4,13.1,5.25939,17.96658,26.03086,31.43228,6.722,1.12381
3/10/2020,14:00:00,0.183704,8.85,59.5,3.6,13.1,6.2394,18.93106,28.49801,30.23486,6.486,1.38824
3/10/2020,15:00:00,0.17822,7.9,58.7,2.9,13,5.29206,19.32629,27.44066,31.9312,6.109,0.9916
3/10/2020,16:00:00,0.227573,8.3,53.2,2.6,12.9,8.33009,30.27648,43.04911,23.24991,6.392,1.18992
3/10/2020,17:00:00,0.271443,11.275,57.3,2.6,12.8,10.15944,38.09533,53.67292,14.51872,8.962,1.05771
3/10/2020,18:00:00,0.227573,10.025,52.6,2.7,12.8,5.65139,29.04668,37.71203,17.46238,8.255,1.32213
3/10/2020,19:00:00,0.230315,8.125,63.9,2.8,12.7,6.07606,24.31719,33.63369,22.00259,6.486,1.05771
3/10/2020,20:00:00,0.241283,4.625,55.7,2.5,12.6,4.90005,24.20709,31.72039,18.01119,3.868,1.18992
3/10/2020,21:00:00,0.249508,4.9,44,2.9,12.6,6.82741,25.07844,35.54698,16.31485,3.844,1.12381
3/10/2020,22:00:00,0.244024,4.225,49,2.9,12.6,13.98148,28.76081,50.19878,11.02624,3.255,0.9916
3/10/2020,23:00:00,0.175479,3.125,98.6,2.7,12.6,2.15602,20.50962,23.81547,20.40603,2.359,0.85939
3/10/2020,24:00:00,0.128866,4.125,144.7,4.3,12,0.392,15.96403,16.5651,31.08303,3.396,1.32213
4/10/2020,1:00:00,0.090468,6.7,95.5,2.2,11.2,0.21778,8.79608,9.13,41.44404,5.448,0.61708
4/10/2020,2:00:00,0.082244,6.225,110.5,3.2,11.2,0.13067,13.15899,13.35934,47.8968,4.67,0.79338
4/10/2020,3:00:00,0.07676,8.85,113.9,4,11,0.196,7.30221,7.60274,52.88605,6.698,0.46281
4/10/2020,4:00:00,0.079502,7.8,115.6,4.5,9.8,0.13067,6.6975,6.89785,54.43272,6.061,0.8595
4/10/2020,5:00:00,0.101434,6.3,109.8,4.1,9.3,0.03267,4.78344,4.83353,60.07057,4.127,0.72727
4/10/2020,6:00:00,0.079502,5.45,103.2,3.8,9.1,0.32666,6.85011,7.35099,61.11831,3.208,0.72727
4/10/2020,7:00:00,0.093209,5.975,92.3,3.5,9,0.588,10.93049,11.83208,56.12906,3.703,0.99173
4/10/2020,8:00:00,0.07676,6.425,77.2,3.5,9.7,1.89465,14.264,17.1691,51.53895,3.278,1.38842
4/10/2020,9:00:00,0.060313,7.65,71.5,3.7,10.4,1.86199,9.12812,11.98312,52.5867,3.726,1.38842
4/10/2020,10:00:00,0.054829,9.5,82.5,4.9,13.3,1.99265,8.37393,11.42928,56.22885,4.575,0.99173
4/10/2020,11:00:00,0.068536,7.875,78.9,4.9,14.6,2.44998,9.93841,13.695,55.48046,4.104,1.25619
4/10/2020,12:00:00,0.084985,3.675,69,5.1,15.3,3.62597,16.59393,22.15367,58.5738,1.934,1.19007
4/10/2020,13:00:00,0.065795,5.125,61.1,5.2,15.5,2.41732,8.83047,12.53697,59.62154,2.783,1.3223
4/10/2020,14:00:00,0.071278,5.5,48.8,5,15.2,2.25398,10.23894,13.695,56.77767,3.113,0.99173
4/10/2020,15:00:00,0.065795,5.65,36.4,4.7,14.6,1.82932,8.62436,11.42928,60.61939,3.16,1.3223
4/10/2020,16:00:00,0.084985,7.675,23.7,4.2,13.8,3.72397,15.63808,21.34808,54.88175,3.538,0.99173
4/10/2020,17:00:00,0.1124,7.425,10.6,3.5,12.1,4.6713,23.1477,30.31025,45.10282,3.986,0.8595
4/10/2020,18:00:00,0.106917,6.15,3.5,3,10.8,4.50797,25.41211,32.32422,39.76432,3.491,0.66115
4/10/2020,19:00:00,0.123366,5.975,354.3,2.9,10.4,3.16864,19.91332,24.77183,44.10497,3.774,0.59504
4/10/2020,20:00:00,0.139815,9.5,333.8,2.4,9.9,2.44998,16.78591,20.5425,42.00949,6.156,0.79338
4/10/2020,21:00:00,0.1124,6.925,322.4,2.5,9.5,2.02532,15.57413,18.67957,44.30454,4.528,1.3223
4/10/2020,22:00:00,0.101434,5.325,321,2.4,9.1,1.92732,17.48662,20.4418,41.61035,3.491,0.92561
4/10/2020,23:00:00,0.084985,4.975,300.4,2.4,8.7,0.94733,11.23547,12.68801,49.29379,2.948,0.92561
4/10/2020,24:00:00,0.065795,4.3,303.6,2.4,9.2,0.588,8.26199,9.16356,46.05078,2.571,1.12396
5/10/2020,1:00:00,0.068527,4.5,302.8,3.1,10.3,0.56621,5.2408,6.10897,47.63071,2.642,0.70532
5/10/2020,2:00:00,0.074009,4.75,309.2,3.5,10.5,0.21777,4.3653,4.69921,47.69723,2.712,0.96982
5/10/2020,3:00:00,0.074009,4.15,305.9,3.4,10.5,0.39199,4.13173,4.73278,50.5411,2.476,0.79349
5/10/2020,4:00:00,0.074009,4.075,305.4,3.2,10.4,0.39199,4.58487,5.18591,52.93594,2.594,0.72736
5/10/2020,5:00:00,0.074009,3.925,302.9,3.3,10.2,1.01264,9.57437,11.12706,50.04218,2.5,0.66124
5/10/2020,6:00:00,0.07675,4.15,294.7,3.1,10,6.17384,24.56928,34.03571,36.22196,2.453,0.99186
5/10/2020,7:00:00,0.109643,5.075,291.2,3.3,9.9,9.27709,34.41215,48.63682,25.54496,2.689,1.25635
5/10/2020,8:00:00,0.126089,7.275,284.5,3.1,10,9.0811,33.85674,47.7809,27.59055,3.278,0.79349
5/10/2020,9:00:00,0.098679,8.525,285.4,3.5,10.9,10.61639,28.0286,44.30684,32.38023,4.009,1.25635
5/10/2020,10:00:00,0.071268,7.2,288.9,3.5,11.4,8.62378,19.55405,32.77699,41.36088,3.632,0.59511
5/10/2020,11:00:00,0.057563,5.775,285.5,3.6,12.2,6.17384,15.60722,25.07364,50.49121,2.642,0.79349
5/10/2020,12:00:00,0.063045,5.025,287.1,3.8,12.9,5.22653,13.23324,21.24714,55.33078,2.382,1.1241
5/10/2020,13:00:00,0.071268,5.95,286.4,4.1,13.1,5.42253,16.80957,25.12399,53.68433,2.618,0.85961
5/10/2020,14:00:00,0.07675,5.55,285.2,4,12.9,5.45519,20.28389,28.6484,51.63874,2.429,0.92573
5/10/2020,15:00:00,0.074009,5.9,285.3,3.7,13,4.08323,19.16522,25.42608,59.52175,2.736,0.92573
5/10/2020,16:00:00,0.109643,6.275,277.4,3.2,11.7,5.65119,21.59452,30.25956,54.68218,3.113,1.05798
5/10/2020,17:00:00,0.115125,5.9,269.9,2.8,11.3,5.71652,24.81736,33.58257,50.89035,2.972,0.99186
5/10/2020,18:00:00,0.090455,5.65,266.2,2.6,11.3,4.31189,22.13763,28.7491,50.84046,3.278,0.79349
5/10/2020,19:00:00,0.117866,7.5,265,2.5,11.3,3.8219,27.16857,33.02873,42.65809,4.646,0.66124
5/10/2020,20:00:00,0.095937,6.3,271.7,3.7,11.2,2.09061,23.68063,26.8862,48.39573,3.868,0.59511
5/10/2020,21:00:00,0.093197,6.2,260.7,4,11.8,1.27397,17.33016,19.28354,53.53465,3.868,0.85961
5/10/2020,22:00:00,0.098679,4.625,263.1,4.8,11.6,1.4373,17.23077,19.43459,49.54325,3.042,0.52899
5/10/2020,23:00:00,0.104161,3.5,271.2,3.9,10.8,0.62065,12.54179,13.49345,54.18326,2.335,0.79349
5/10/2020,24:00:00,0.063045,8.275,265.7,3.2,9.6,0.45732,6.85109,7.5523,55.33078,4.34,0.79349
6/10/2020,1:00:00,0.054814,10.375,255.1,3.5,10.7,0.26132,4.43273,4.83342,59.40534,5.024,0.52906
6/10/2020,2:00:00,0.073085,10.5,266.4,3.5,10.1,0.21777,9.33293,9.66684,47.43114,5.401,0.70541
6/10/2020,3:00:00,0.098665,12.325,265.6,3,9.1,0.52264,13.79957,14.60095,37.96819,7.076,0.33066
6/10/2020,4:00:00,0.115108,14.9,263.1,2.6,8.9,1.43727,15.31736,17.52114,33.67744,10.212,0.52906
6/10/2020,5:00:00,0.12059,13.475,252.3,2.7,8.9,1.92725,20.90993,23.865,26.69249,8.986,0.59519
6/10/2020,6:00:00,0.11785,11.8,249.2,2.4,9.1,5.94507,31.26353,40.37918,18.46023,7.618,0.99198
6/10/2020,7:00:00,0.137033,9.025,239.1,2,9.4,11.23684,43.49023,60.71981,9.92861,6.061,1.12425
6/10/2020,8:00:00,0.134293,7.925,227.9,1.8,9.8,9.83223,35.42327,50.49915,20.95485,4.009,0.52906
6/10/2020,9:00:00,0.142516,11.225,254.4,2.4,10.7,12.83743,38.36757,58.05136,15.66625,5.142,0.66132
6/10/2020,10:00:00,0.131552,5.275,260.7,3,12.2,9.96289,28.32523,43.60146,24.74668,2.877,0.85972
6/10/2020,11:00:00,0.197328,6.25,259.3,3.9,12.7,11.62882,33.02097,50.85158,21.80302,3.962,0.66132
6/10/2020,12:00:00,0.139775,3.4,257.9,4,13,10.87752,29.69197,46.3706,27.49077,1.509,0.33066
6/10/2020,13:00:00,0.104146,3.525,257.9,3.9,13,8.46029,23.53011,36.50237,37.76862,1.769,0.39679
6/10/2020,14:00:00,0.093183,4.35,265.2,3.8,13.4,7.08835,18.98777,29.85642,45.45207,1.58,0.59519
6/10/2020,15:00:00,0.101405,3.25,272.3,3.6,13.3,9.44025,21.2723,35.74715,40.91185,1.792,0.99198
6/10/2020,16:00:00,0.12059,3.1,291.7,2.7,12.2,7.28435,20.097,31.26617,39.36518,1.203,0.79359
6/10/2020,17:00:00,0.112367,1.825,306,3.3,12.1,4.99778,16.55428,24.21744,41.66024,1.038,0.72746
6/10/2020,18:00:00,0.101405,3.55,304.4,3.8,11.7,4.89978,20.12821,27.64111,38.46712,2.17,0.52906
6/10/2020,19:00:00,0.112367,5.475,298,4.1,10.6,3.03787,21.17058,25.82858,40.06368,2.948,0.85972
6/10/2020,20:00:00,0.101405,6.775,286.2,4.1,10.1,1.89458,17.68739,20.59237,49.59315,3.443,0.72746
6/10/2020,21:00:00,0.115108,7.45,283.8,5,10.7,1.95991,21.66541,24.67057,43.55615,3.939,0.92585
6/10/2020,22:00:00,0.12059,4.875,283.5,4.7,11,1.95991,20.45706,23.46222,46.44992,2.759,0.46293
6/10/2020,23:00:00,0.109627,7.35,285.7,4.3,10.8,0.97996,11.1348,12.63737,56.82756,3.939,0.1984
6/10/2020,24:00:00,0.109627,8.075,293.5,5.7,11.5,0.32665,5.64161,6.14247,66.15746,4.41,0.46293
7/10/2020,1:00:00,0.123313,5.3,287.9,4.8,10.4,0.47908,7.85806,8.59264,65.65853,3.019,1.23463
7/10/2020,2:00:00,0.112352,8.5,294.2,5.8,10.7,0.47908,6.98537,7.71995,63.13064,4.363,0.79369
7/10/2020,3:00:00,0.106871,8.725,295.4,5.3,10.8,0.29398,5.89302,6.34379,63.71272,4.269,0.79369
7/10/2020,4:00:00,0.104131,7.675,293.2,5.3,10.2,0.29398,4.23155,4.68232,63.91229,3.632,1.05825
7/10/2020,5:00:00,0.09317,8.875,284.6,4.8,9.7,1.43724,11.33974,13.54348,56.77767,3.986,0.92597
7/10/2020,6:00:00,0.120573,9.55,281,4.9,9.3,2.6785,18.54941,22.65639,49.39358,4.528,1.05825
7/10/2020,7:00:00,0.123313,11.475,277.5,4.4,9.1,4.93236,30.04676,37.6096,38.01809,4.458,1.32282
7/10/2020,8:00:00,0.123313,13.575,279.4,5,10.3,5.84697,29.0975,38.06273,35.37378,5.307,0.79369
7/10/2020,9:00:00,0.090429,14.5,282,5.8,11.3,6.66358,19.94081,30.15817,47.49766,5.637,0.92597
7/10/2020,10:00:00,0.065767,13.35,282.6,6.3,12.2,5.61832,15.65288,24.26751,50.69078,5.071,1.19054
7/10/2020,11:00:00,0.076728,10.7,284.1,6.8,12.9,5.09568,18.46814,26.28141,51.58885,4.08,0.99211
7/10/2020,12:00:00,0.071248,9.15,284.1,6.8,13,5.71631,15.80471,24.56959,53.08562,3.679,0.99211
7/10/2020,13:00:00,0.082209,11.05,282.8,6.7,12.8,5.06302,15.74911,23.51229,57.62584,4.151,0.99211
7/10/2020,14:00:00,0.068507,9.075,281,6.4,13.2,4.27907,13.72891,20.29005,59.97079,3.467,0.92597
7/10/2020,15:00:00,0.087689,9.975,277.6,5.6,12.3,4.63838,17.86029,24.97237,57.47616,3.585,1.19054
7/10/2020,16:00:00,0.073987,9.275,274.7,4.9,10.9,3.88709,18.35773,24.31785,55.53035,3.514,0.92597
7/10/2020,17:00:00,0.076728,8.675,273.8,4.5,9.9,3.26646,17.64788,22.65639,54.18326,3.609,0.92597
7/10/2020,18:00:00,0.087689,9.75,273.5,4.2,9.3,2.84182,21.42053,25.77793,50.5411,4.316,1.25668
7/10/2020,19:00:00,0.098651,11.275,272.6,3.6,8.9,2.64584,24.59085,28.64774,41.61035,5.118,1.1244
7/10/2020,20:00:00,0.098651,13.275,272.1,2.8,8.8,2.48251,28.91943,32.72589,38.66669,5.542,1.1244
7/10/2020,21:00:00,0.147976,12.05,260.1,2.1,9,5.22634,39.46411,47.47772,25.19571,6.557,0.79369
7/10/2020,22:00:00,0.19456,13.375,193.1,1.4,9.1,5.9123,43.39672,52.46212,14.56861,7.524,0.79369
7/10/2020,23:00:00,0.183599,12.825,172,2.2,9.1,2.71116,40.75293,44.90999,15.66625,7.429,0.85983
7/10/2020,24:00:00,0.172638,10.6,151.4,2.3,8.9,3.13581,42.01503,46.8232,10.12818,7.406,0.85983
8/10/2020,1:00:00,0.126035,9.325,114.2,3.3,9.3,0.52263,19.9416,20.74294,27.27457,7.005,1.14659
8/10/2020,2:00:00,0.120555,9.05,122.8,3.4,9.7,0.52263,21.21705,22.0184,18.42696,7.594,1.23479
8/10/2020,3:00:00,0.109595,4.55,107.3,3.1,9.9,0.52263,15.66211,16.46345,23.84862,3.915,1.25684
8/10/2020,4:00:00,0.109595,2.25,104,2.3,10.1,0.8166,14.75823,16.01033,26.79227,1.863,1.19069
8/10/2020,5:00:00,0.169873,1.325,45.3,3.1,10.1,1.2739,11.03623,12.98951,25.59485,0.92,1.12454
8/10/2020,6:00:00,0.095896,1.175,23.6,4.2,9.8,3.03776,10.49661,15.15443,39.81422,0.613,1.05839
8/10/2020,7:00:00,0.084937,1.3,28.3,5.4,10,4.31165,14.93739,21.54849,45.40218,0.637,1.25684
8/10/2020,8:00:00,0.073977,2.075,28.3,6.4,9.4,5.58555,19.57955,28.14394,46.00089,1.132,0.79379
8/10/2020,9:00:00,0.082197,5.025,22.4,4.9,9.3,7.31674,23.26881,34.48766,42.50841,2.288,1.05839
8/10/2020,10:00:00,0.084937,4.775,18.8,4.9,9.8,6.30416,22.35442,32.02066,44.30454,2.193,1.32299
8/10/2020,11:00:00,0.068497,4.525,3.1,2.7,10,6.04285,21.49642,30.76199,44.50411,1.863,0.99224
8/10/2020,12:00:00,0.068497,5.85,316.3,3.3,10.7,7.41474,19.29219,30.66129,45.80132,2.618,1.12454
8/10/2020,13:00:00,0.068497,4.85,318.5,3.5,12.8,6.40215,18.73023,28.54672,47.04863,1.722,0.85994
8/10/2020,14:00:00,0.060278,3.675,323.9,4,13.3,6.10817,20.84243,30.20817,43.10712,1.557,1.32299
8/10/2020,15:00:00,0.060278,3,312.3,4.5,12.9,6.69613,17.82635,28.0936,51.28949,1.132,0.92609
8/10/2020,16:00:00,0.068497,3.95,303.1,3.5,11.9,8.23134,23.47756,36.09876,45.75142,1.675,1.12454
8/10/2020,17:00:00,0.079457,4.5,291.4,2.5,10.2,6.23883,25.37471,34.94078,43.45637,1.91,1.25684
8/10/2020,18:00:00,0.095896,5.525,283.5,2.4,8.6,5.19358,29.19267,37.15605,37.07013,2.665,0.99224
8/10/2020,19:00:00,0.120555,6.65,271.9,2.4,7.8,4.63829,33.2663,40.37825,34.47572,3.821,0.92609
8/10/2020,20:00:00,0.115075,5.375,270.9,2.5,7.9,4.11567,30.6944,37.00501,32.77937,2.925,0.99224
8/10/2020,21:00:00,0.106856,5.475,275.1,2.7,7.4,3.20108,24.19229,29.10054,34.97464,3.09,1.38914
8/10/2020,22:00:00,0.117816,5.875,260.1,2.6,7,3.13575,26.60842,31.4165,31.18281,3.349,1.58759
8/10/2020,23:00:00,0.150694,9.15,256.3,2.5,6.6,11.79172,44.85331,62.93368,10.32775,5.566,0.79379
8/10/2020,24:00:00,0.106856,8.05,251.2,3,7.8,2.58046,32.39385,36.3505,18.70969,4.741,1.05839
9/10/2020,1:00:00,0.146107,10.275,214.4,2.6,7.4,1.04523,26.65843,28.2611,22.08575,6.368,0.7939
9/10/2020,2:00:00,0.153412,16.225,232.9,2.6,7.3,1.13233,25.65221,27.38843,17.69521,12.571,0.88211
9/10/2020,3:00:00,0.115059,11.625,240.2,3,6.9,0.81659,16.57054,17.82261,29.88561,8.514,0.46311
9/10/2020,4:00:00,0.095882,8.15,244.3,3.8,6.6,1.24121,15.3153,17.21846,37.21981,5.236,1.05853
9/10/2020,5:00:00,0.093143,6.7,243.9,4,6.6,1.66584,19.19539,21.74963,35.274,3.703,0.99237
9/10/2020,6:00:00,0.104102,6.1,246.9,4.4,6.8,3.23368,24.293,29.25124,32.77937,3.396,1.45548
9/10/2020,7:00:00,0.095882,6.975,244.2,4.2,7.5,4.21358,27.72445,34.18519,38.6168,3.491,1.05853
9/10/2020,8:00:00,0.123278,8.45,251.7,4.2,7.8,5.52012,31.10818,39.57225,33.2783,5,0.92621
9/10/2020,9:00:00,0.156152,9.25,255,4.4,9,10.22366,35.82828,51.50434,25.49507,5.283,0.59542
9/10/2020,10:00:00,0.131496,8.225,273,3.7,10,12.18346,29.29904,47.98009,35.67314,4.245,0.7939
9/10/2020,11:00:00,0.093143,7.95,276.5,4.1,10.9,6.04274,20.43896,29.70436,52.18756,3.632,1.12469
9/10/2020,12:00:00,0.076706,9.325,291.8,4.8,11.4,5.84676,16.86279,25.82769,56.97724,3.491,1.19084
9/10/2020,13:00:00,0.10958,7.175,296.3,6,12.1,6.85932,19.23723,29.75471,57.17681,3.137,1.05853
9/10/2020,14:00:00,0.05753,7,300.2,6.1,11.7,5.81409,14.24451,23.15933,61.56735,3.042,0.52926
9/10/2020,15:00:00,0.071227,6.4,299.3,5.6,11.1,4.93218,15.14364,22.70621,62.31573,2.642,0.52926
9/10/2020,16:00:00,0.128757,6.85,293.4,4.8,9.9,6.72867,23.66665,33.9838,53.03573,2.736,0.72774
9/10/2020,17:00:00,0.11232,4.575,279.9,3.4,8.4,4.67087,18.71613,25.87803,55.28089,2.146,0.7939
9/10/2020,18:00:00,0.123278,5.1,271.3,3.2,7.5,5.0955,28.13432,35.94731,45.70153,2.476,0.66158
9/10/2020,19:00:00,0.120538,4.475,280.2,3.8,7.2,3.52765,23.69121,29.1002,48.64519,2.429,0.66158
9/10/2020,20:00:00,0.11232,6.45,278.7,3.8,7.2,3.65831,22.98742,28.59674,51.18971,3.042,0.59542
9/10/2020,21:00:00,0.10958,6,275.7,3.4,7.2,3.42966,22.53246,27.7912,50.69078,2.925,0.92621
9/10/2020,22:00:00,0.095882,4.675,285.8,3.8,7.4,2.51508,18.09461,21.95102,53.63444,2.359,0.52926
9/10/2020,23:00:00,0.073966,2.875,289.2,5.5,8.3,1.3392,11.89253,13.94594,61.01853,1.462,1.05853
9/10/2020,24:00:00,0.068488,5.925,295.1,4.6,7.7,0.78392,7.9107,9.11269,63.11401,2.429,0.33079
10/10/2020,1:00:00,0.054783,6,282.7,3.5,6.5,0.65326,7.38932,8.39097,62.06627,2.571,1.05866
10/10/2020,2:00:00,0.049304,4.875,292.7,4.3,6.8,0.78391,8.33016,9.53214,60.27014,2.689,0.794
10/10/2020,3:00:00,0.073956,4.8,288.9,4.3,7.4,0.97989,11.63778,13.14025,55.53035,2.406,0.66167
10/10/2020,4:00:00,0.079435,3.525,287.3,3.8,7.2,0.78391,10.67963,11.88161,58.87315,2.052,1.05866
10/10/2020,5:00:00,0.063,1.95,278.4,3.5,7.8,0.81657,12.84476,14.09682,59.97079,1.132,1.12483
10/10/2020,6:00:00,0.076695,1.525,275.8,4.3,8.2,1.1432,12.39429,14.14717,59.42197,1.014,0.794
10/10/2020,7:00:00,0.090391,2.325,283.6,5.4,9,1.99243,19.09713,22.15215,50.39143,1.462,0.9925
10/10/2020,8:00:00,0.101347,3.425,284.9,5.5,9.5,3.1683,20.21422,25.07221,45.75142,1.439,0.92633
10/10/2020,9:00:00,0.09313,3.825,295.6,5.4,10.2,3.46226,12.06057,17.3693,49.14411,1.722,0.52933
10/10/2020,10:00:00,0.090391,3.925,309.4,5.9,11.1,3.46226,10.85227,16.161,51.18971,1.792,0.72783
10/10/2020,11:00:00,0.082174,3.375,315.5,5.9,11.7,5.06274,12.27487,20.03763,47.64734,1.392,0.5955
10/10/2020,12:00:00,0.073956,3.075,326.4,5.5,12.2,4.80144,12.3231,19.68521,47.84691,1.25,0.66167
10/10/2020,13:00:00,0.09587,2.6,333,5.6,12.9,4.27883,11.76508,18.32587,47.84691,1.203,0.9925
10/10/2020,14:00:00,0.09313,3.9,333.8,5,12.6,5.38937,12.88165,21.14523,45.55185,1.769,1.45566
10/10/2020,15:00:00,0.076695,2.95,327.5,4.6,12.2,4.44215,11.7664,18.5776,47.99659,1.509,0.794
10/10/2020,16:00:00,0.09587,3.325,321.1,3.3,11.1,5.06274,19.0212,26.78396,45.15271,1.226,1.191
10/10/2020,17:00:00,0.131478,3.375,312.2,3.2,10,5.81399,24.61564,33.5303,42.5583,1.604,1.191
10/10/2020,18:00:00,0.158869,2.975,312.5,3.3,9.5,7.77376,29.56534,41.48493,34.5755,1.934,1.32333
10/10/2020,19:00:00,0.150651,3.575,315.4,3.4,9.5,5.91197,26.57992,35.64482,35.02454,2.193,1.12483
10/10/2020,20:00:00,0.208173,5.625,317.8,3.4,9.4,13.68573,41.29325,62.27775,18.80947,3.939,0.9925
10/10/2020,21:00:00,0.238302,9.55,325.9,3.2,9.1,8.91696,38.63681,52.30928,12.27356,7.429,0.92633
10/10/2020,22:00:00,0.15613,5.8,324.5,3,8.2,4.99742,20.88347,28.54607,23.54926,4.363,0.92633
10/10/2020,23:00:00,0.106826,3.8,319.4,2.9,7.6,1.82912,10.88945,13.69406,35.52346,2.382,0.92633
10/10/2020,24:00:00,0.115043,4.425,320,2.9,7.2,1.50249,10.13162,12.43541,33.42798,2.618,0.66167
11/10/2020,1:00:00,0.093116,3.225,307.3,2.8,6.1,0.82744,6.04811,7.31684,37.18654,2.052,0.88233
11/10/2020,2:00:00,0.098594,3.1,313.8,3.2,6,0.87099,6.92111,8.25662,35.85608,1.887,1.0588
11/10/2020,3:00:00,0.087639,3.1,324.2,3.4,7,0.45727,4.23269,4.93383,38.31744,1.792,0.86028
11/10/2020,4:00:00,0.079423,2.725,320.6,3.2,6.4,0.32662,3.37577,3.87658,43.70583,1.368,0.72793
11/10/2020,5:00:00,0.076685,2.05,319.5,3.1,6.1,0.58792,4.43513,5.33659,46.40003,1.156,0.92645
11/10/2020,6:00:00,0.082162,2.4,324.8,3.3,6.2,0.75123,5.9468,7.09868,44.90325,1.156,1.0588
11/10/2020,7:00:00,0.090378,2.625,319.5,3,6.2,2.05772,12.70362,15.85874,36.77077,1.203,0.7941
11/10/2020,8:00:00,0.082162,1.925,322.7,3.1,6.5,1.92707,10.08461,13.03941,41.06153,0.967,0.92645
11/10/2020,9:00:00,0.095856,1.975,335.7,4.3,8.8,2.84162,9.9913,14.34839,45.00304,0.92,0.7941
11/10/2020,10:00:00,0.117765,1.875,342.5,4.4,10.9,3.52752,9.74512,15.15391,48.24605,0.708,0.86028
11/10/2020,11:00:00,0.073945,1.725,342.5,4.4,12,3.10291,9.38927,14.14701,50.89035,0.755,0.86028
11/10/2020,12:00:00,0.073945,2.375,345.4,4.2,12.8,3.91947,10.60415,16.61392,49.64304,0.873,0.7941
11/10/2020,13:00:00,0.06573,1.275,345.9,3.9,13.3,3.98479,11.00744,17.11737,52.43702,0.778,0.7941
11/10/2020,14:00:00,0.076685,1.975,343.3,3.8,13.3,3.85415,12.4664,18.376,49.79272,0.873,0.66175
11/10/2020,15:00:00,0.079423,2.8,340,3.5,12.9,4.6707,16.24888,23.41053,45.55185,1.226,0.99263
11/10/2020,16:00:00,0.079423,3.75,333.5,3,11.9,3.95213,16.0417,22.10155,43.95529,2.264,1.0588
11/10/2020,17:00:00,0.101333,3.1,313.3,2.6,9.9,4.08278,18.61036,24.87054,38.81637,1.84,0.86028
11/10/2020,18:00:00,0.139675,4.425,311.9,2.8,8.7,4.86667,28.38366,35.84579,29.43658,3.184,1.25733
11/10/2020,19:00:00,0.158846,5.95,310.7,2.6,7.9,4.63804,29.74114,36.8527,25.49507,4.175,1.3235
11/10/2020,20:00:00,0.232791,7.35,308.7,2.4,7.2,9.40673,38.13696,52.56041,14.6684,5.472,1.38968
11/10/2020,21:00:00,0.219098,9.45,303.7,2.2,6.4,6.49979,33.98517,43.95137,14.91786,7.335,0.86028
11/10/2020,22:00:00,0.205404,10.125,292.3,2.3,5.6,5.78122,28.39105,37.25546,16.01549,7.453,0.99263
11/10/2020,23:00:00,0.194449,8.275,297.8,2.1,5.3,2.58032,21.61894,25.57537,19.957,6.344,0.99263
11/10/2020,24:00:00,0.21636,10.525,281.9,2.1,5,3.52752,31.69563,37.10442,10.27786,8.443,1.38968
12/10/2020,1:00:00,0.186207,11.675,252.8,1.7,7.2,3.09197,34.8635,39.60445,6.78538,8.939,0.97069
12/10/2020,2:00:00,0.120487,9.5,243,2.1,6.5,2.00325,29.68597,32.75758,13.90338,7.264,1.23543
12/10/2020,3:00:00,0.117748,8.725,234.5,2.2,6.3,1.2738,22.61505,24.56818,18.01119,6.627,0.99276
12/10/2020,4:00:00,0.123225,9.175,235.6,1.9,6.9,2.02502,22.67147,25.77646,21.85292,6.627,0.7942
12/10/2020,5:00:00,0.112272,13.525,231.1,2.3,6.6,1.63308,22.26554,24.76956,23.00044,10.425,0.99276
12/10/2020,6:00:00,0.14787,19.575,238.4,2.8,6.7,7.70815,33.59187,45.41087,12.12388,15.519,1.25749
12/10/2020,7:00:00,0.1643,20.925,244.5,2.7,7.2,21.85064,46.09102,79.59487,4.09119,15.778,1.32367
12/10/2020,8:00:00,0.172515,19.475,236.6,2.6,7.9,27.89305,50.11712,92.88586,4.09119,13.231,1.91933
12/10/2020,9:00:00,0.175253,16.225,247.3,2.9,8.8,28.41563,52.03444,95.60447,6.13678,10.684,2.05169
12/10/2020,10:00:00,0.202637,18.35,240,2.9,9.3,36.12378,53.30505,108.69408,6.48603,9.269,2.18406
12/10/2020,11:00:00,0.128701,10.8,225.1,3.3,9.8,13.81588,38.72607,59.91012,23.00044,4.693,1.32367
12/10/2020,12:00:00,0.128701,7.575,209.3,2.8,9.1,11.66021,36.64451,54.52324,26.54281,4.41,1.65459
12/10/2020,13:00:00,0.145132,7.475,204.1,2.9,9.3,11.17028,40.11432,57.24185,24.39743,4.505,1.12512
12/10/2020,14:00:00,0.156085,8.475,201.9,2.6,9.3,17.89858,48.32457,75.76868,21.10453,4.08,0.86039
12/10/2020,15:00:00,0.142393,6.675,226.9,2.6,9.2,11.56222,38.50647,56.23496,22.15227,2.547,0.92657
12/10/2020,16:00:00,0.158824,3.75,253.7,2.6,9.4,12.3461,37.6066,56.53703,18.95915,1.84,0.99276
12/10/2020,17:00:00,0.125963,7.675,281.4,2.3,9.1,6.3037,25.37433,35.03987,36.6211,3.986,0.52947
12/10/2020,18:00:00,0.101318,9.5,291.2,2.4,7.6,4.31134,25.45891,32.06953,39.06583,4.811,0.66184
12/10/2020,19:00:00,0.109534,7.1,310.5,3.5,7.9,3.52746,19.31052,24.71922,39.06583,4.34,0.59565
12/10/2020,20:00:00,0.087627,7.375,307.6,4.5,8.2,2.74358,12.80973,17.01649,42.70798,4.222,0.66184
12/10/2020,21:00:00,0.060244,8.875,308.5,4,7.8,1.04517,8.36566,9.96824,46.35013,4.741,0.92657
12/10/2020,22:00:00,0.06572,8.525,313.1,3.4,7.1,1.50244,7.66454,9.96824,46.15056,4.316,1.12512
12/10/2020,23:00:00,0.057504,8.2,305.9,3.1,6.5,0.71856,7.60785,8.70962,43.70583,4.222,1.19131
12/10/2020,24:00:00,0.06572,6.7,304,3.3,6.1,1.14316,6.75543,8.50824,42.30884,3.609,0.72802
13/10/2020,1:00:00,0.054759,5.125,297.1,2.5,5.5,0.60967,5.77772,6.71254,43.77235,2.689,0.52954
13/10/2020,2:00:00,0.049283,3.975,308.6,3.1,5.1,0.34839,3.8961,4.43028,45.70153,2.052,0.52954
13/10/2020,3:00:00,0.049283,3.525,312.6,3.2,4.7,0.22863,4.43213,4.78269,42.6082,1.863,0.92669
13/10/2020,4:00:00,0.054759,4.125,314,2.7,4.5,0.62056,6.6001,7.55161,37.86841,2.17,0.92669
13/10/2020,5:00:00,0.057496,4.775,315.2,2.5,4.2,2.3516,13.81332,17.41905,29.13722,2.311,0.8605
13/10/2020,6:00:00,0.076663,5.325,311.8,2.3,3.9,6.23826,20.59089,30.15609,24.69679,2.476,0.72811
13/10/2020,7:00:00,0.139635,6.1,308.1,2.4,3.7,21.42565,40.54944,73.40164,9.23011,2.689,1.05908
13/10/2020,8:00:00,0.150587,8.375,328.5,2.8,5.5,20.34784,35.85871,67.05829,12.6228,3.821,0.92669
13/10/2020,9:00:00,0.109517,5.7,328.8,2.7,6.5,16.19988,25.70597,50.54544,23.54926,2.264,0.59573
13/10/2020,10:00:00,0.082138,3.8,353.5,3.5,8,8.5572,22.82481,35.94566,46.69549,1.533,0.59573
13/10/2020,11:00:00,0.109517,3.475,33.7,3.8,9.5,14.43619,38.42873,60.56391,36.526598,1.58,0.66192
13/10/2020,12:00:00,0.114994,3.65,50,4,10.3,6.56487,24.16797,34.23396,47.49766,2.052,0.46335
13/10/2020,13:00:00,0.095828,2.875,39.8,4.2,11.7,4.99714,15.043,22.70517,56.42842,1.745,0.52954
13/10/2020,14:00:00,0.101304,2,33.8,4.5,11.7,6.10762,16.61265,25.97754,55.72992,1.203,0.66192
13/10/2020,15:00:00,0.131421,2.2,48.5,4.3,12,7.25075,19.49152,30.60919,50.99014,1.226,0.72811
13/10/2020,16:00:00,0.169752,3.5,57.7,4.1,11.2,9.3084,24.79431,39.06699,43.15701,1.958,0.52954
13/10/2020,17:00:00,0.153325,5.6,53.5,3.3,9.5,6.00963,20.63939,29.85403,41.16131,3.868,0.8605
13/10/2020,18:00:00,0.136897,7.575,56.9,3.7,9.1,4.63787,18.46348,25.57478,38.36733,5.259,0.8605
13/10/2020,19:00:00,0.139635,8.625,55.7,3.5,9.1,3.39675,15.83554,21.04382,41.9097,6.038,0.8605
13/10/2020,20:00:00,0.142374,8.225,55.9,2.8,9.4,2.44958,13.36101,17.11698,42.45852,5.684,0.59573
13/10/2020,21:00:00,0.106779,9.25,59,3.2,9.7,0.62056,8.21111,9.16262,48.34583,6.156,0.72811
13/10/2020,22:00:00,0.101304,8.55,76.1,3,9.9,0.29395,6.39608,6.84679,48.94454,6.226,0.52954
13/10/2020,23:00:00,0.098566,9.15,76.7,3.2,10.1,0.39193,6.84997,7.45092,46.49981,6.415,1.05908
13/10/2020,24:00:00,0.101304,8.875,68.2,2.5,8.9,0.48992,9.11624,9.86744,43.10712,6.344,1.05908
14/10/2020,1:00:00,0.101289,9.35,44.3,2.3,8.2,0.43547,5.70913,6.37684,45.50196,6.58,0.44134
14/10/2020,2:00:00,0.084864,11.85,39.6,2.5,7.8,0.34838,5.6413,6.17547,45.16934,8.042,0.88268
14/10/2020,3:00:00,0.087601,12.325,46.1,3.2,7.7,0.26128,5.79162,6.19225,43.75572,9.009,0.3972
14/10/2020,4:00:00,0.098552,12.25,39.6,3.3,7.6,0.26128,5.84196,6.24259,43.30669,9.41,0.92681
14/10/2020,5:00:00,0.095815,13.475,36.7,3.2,7.7,0.68587,7.10399,8.15564,43.70583,9.623,0.72821
14/10/2020,6:00:00,0.112239,13.45,39.4,3.4,7.7,1.731,11.94544,14.59961,39.21551,9.222,1.12541
14/10/2020,7:00:00,0.12319,14.5,43.9,3.4,8.4,3.29871,18.85521,23.91316,34.12647,10,0.92681
14/10/2020,8:00:00,0.142353,15.575,47.8,3.5,8.8,6.53209,24.36887,34.3846,30.53421,10.92,1.05921
14/10/2020,9:00:00,0.114978,14.925,39.6,3.3,8.8,5.4543,18.11754,26.48067,41.41078,10.142,0.99301
14/10/2020,10:00:00,0.087601,13.5,29.4,3.5,8.5,4.50714,12.3707,19.28156,52.03788,9.127,0.86061
14/10/2020,11:00:00,0.082126,11.1,25.9,3.4,9.3,3.20073,11.85667,16.76438,61.56735,6.722,0.99301
14/10/2020,12:00:00,0.054751,9,24.1,3.6,10.7,3.23339,11.0011,15.95889,67.65423,4.434,1.05921
14/10/2020,13:00:00,0.068439,7.175,36.1,3.6,11.7,2.74348,10.14129,14.34789,67.60434,3.491,1.05921
14/10/2020,14:00:00,0.076651,6.225,51.1,3.3,11.7,3.00476,12.55989,17.16713,62.5652,3.278,1.12541
14/10/2020,15:00:00,0.079389,6.025,52.9,3.3,11.3,4.27852,15.64117,22.20148,55.8796,3.302,1.05921
14/10/2020,16:00:00,0.076651,5.725,51,3.3,10.3,3.26605,13.21648,18.22434,55.77982,3.066,1.32401
14/10/2020,17:00:00,0.098552,7.525,30.2,2.9,9.4,3.69063,14.17645,19.83533,48.29594,4.057,0.86061
14/10/2020,18:00:00,0.12319,10.35,30.2,3.3,9.2,5.87888,23.65876,32.67292,34.72518,6.156,0.99301
14/10/2020,19:00:00,0.114978,12.2,28.1,3.2,8.4,3.42935,17.64803,22.90629,39.56475,6.887,0.72821
14/10/2020,20:00:00,0.128665,15.125,27.6,3.2,7.7,4.18054,21.02713,27.4372,37.51916,9.175,0.99301
14/10/2020,21:00:00,0.106764,11.85,30.7,3.2,7.2,3.1354,19.50835,24.3159,35.97249,5.896,1.05921
14/10/2020,22:00:00,0.098552,11.25,34.2,3.5,7,2.74348,17.59212,21.79873,37.46927,5.377,0.99301
14/10/2020,23:00:00,0.087601,10.025,28.2,3.3,7.1,1.4044,12.79863,14.95202,39.71443,5.259,0.92681
14/10/2020,24:00:00,0.087601,8.5,21.3,3,7,0.84917,8.76665,10.0687,41.01164,4.387,0.99301
15/10/2020,1:00:00,0.08759,8.625,352,2.8,5,0.74029,6.98689,8.12199,41.37751,3.939,1.14763
15/10/2020,2:00:00,0.058393,4.175,357.6,3,5.3,0.34837,3.89601,4.43018,51.95472,2.146,0.88279
15/10/2020,3:00:00,0.065692,3.85,9.7,3.2,5.7,0.35926,4.18138,4.73223,51.78842,1.981,1.12556
15/10/2020,4:00:00,0.065692,6.3,6.3,3.2,5.6,0.4899,6.04513,6.79629,43.10712,3.278,0.46347
15/10/2020,5:00:00,0.084852,5.675,0.9,3.5,5.6,1.50235,9.62769,11.93127,39.21551,3.255,0.59589
15/10/2020,6:00:00,0.098538,7.15,358.2,3.5,5.6,4.93164,18.21383,25.77557,30.88346,4.292,0.46347
15/10/2020,7:00:00,0.136858,7.4,357.5,3.2,5.7,11.95351,33.32337,51.65182,21.60345,3.561,1.25798
15/10/2020,8:00:00,0.13412,6.575,1.5,3.1,6,13.81512,31.37511,52.558,25.59485,3.09,0.99314
15/10/2020,9:00:00,0.114961,5.375,3.5,3.3,6.4,9.73264,22.78367,37.70684,35.47357,2.783,0.86072
15/10/2020,10:00:00,0.095801,6.925,8,3.3,7.2,7.47911,16.82491,28.29271,45.9011,3.208,1.05935
15/10/2020,11:00:00,0.093064,8,15.5,3.7,9.3,6.00941,16.25921,25.47351,48.79487,3.491,0.86072
15/10/2020,12:00:00,0.07664,8.2,29.9,4.3,11.3,5.87878,18.27186,27.28586,49.8925,3.962,1.25798
15/10/2020,13:00:00,0.104012,5.7,31.4,5.2,11,7.47911,22.76537,34.23318,49.64304,3.255,0.79451
15/10/2020,14:00:00,0.082115,5.1,26.5,5.7,10.5,4.27844,9.19714,15.75733,64.86025,2.807,1.05935
15/10/2020,15:00:00,0.13412,5.55,22.9,4.4,9.3,7.38113,23.46938,34.78695,50.69078,3.443,0.7283
15/10/2020,16:00:00,0.186126,8,18.8,4.1,8.8,11.26765,32.71368,49.99051,38.66669,4.387,1.19177
15/10/2020,17:00:00,0.166967,8.675,20.9,4.2,8.4,8.00167,26.29362,38.56267,45.20261,4.599,0.92693
15/10/2020,18:00:00,0.120435,10.05,19.8,3.4,7.1,4.3111,23.59548,30.20574,49.74282,5.071,0.7283
15/10/2020,19:00:00,0.139596,11,17.3,3.5,7.3,4.76834,28.5328,35.84415,42.05938,5.401,0.79451
15/10/2020,20:00:00,0.123172,10.225,29.1,3.9,7.5,2.87407,22.32524,26.73208,46.64949,5.354,1.25798
15/10/2020,21:00:00,0.08759,9.75,17.7,3,6.1,1.92693,16.6288,19.58339,50.74067,5.165,0.7283
15/10/2020,22:00:00,0.084852,10.5,23.7,3.8,7.1,1.43703,13.50357,15.70699,55.28089,5.495,0.86072
15/10/2020,23:00:00,0.08759,9.95,22.1,3.7,7.4,1.01246,12.94635,14.49876,52.68648,5.566,0.7283
15/10/2020,24:00:00,0.084852,10.225,22.1,3.2,6.6,0.78384,9.97426,11.17613,55.03143,5.212,0.39726
16/10/2020,1:00:00,0.09305,9.525,351.2,2.5,5.6,0.34837,7.25213,7.78628,55.21437,4.882,0.52974
16/10/2020,2:00:00,0.095787,8.25,351.6,2.5,5,0.43546,6.24599,6.91368,52.08777,4.929,0.52974
16/10/2020,3:00:00,0.08484,8.925,10.5,2.9,5.1,0.42457,6.2459,6.8969,52.18756,4.623,0.86083
16/10/2020,4:00:00,0.087577,7.925,24,2.7,5.2,0.48989,5.94438,6.69553,52.43702,4.033,0.99327
16/10/2020,5:00:00,0.087577,8.625,22.4,2.6,4.8,1.33903,11.58962,13.64277,45.60175,3.844,0.99327
16/10/2020,6:00:00,0.123155,8.625,37.2,2.7,6,5.1275,27.47825,35.34032,30.634,4.033,1.05949
16/10/2020,7:00:00,0.145049,9.825,35.5,2.7,6.7,9.92842,42.77101,57.99437,19.35829,3.915,0.92705
16/10/2020,8:00:00,0.147786,10.85,43,2.7,7.2,14.01083,40.84084,62.32381,19.3084,4.08,1.1257
16/10/2020,9:00:00,0.166943,11.975,34.9,2.9,9,9.6998,29.17672,44.04954,30.13507,4.811,3.64198
16/10/2020,10:00:00,0.090314,8.175,49.1,4,10,5.51942,13.18422,21.6472,47.54755,3.184,2.91358
16/10/2020,11:00:00,0.07663,5.2,50.7,3.7,10.8,4.53964,11.96804,18.92872,54.63229,2.17,1.39057
16/10/2020,12:00:00,0.060209,5.55,44.7,3.4,11.1,5.09485,10.51262,18.32461,56.67788,2.052,0.86083
16/10/2020,13:00:00,0.057472,5.725,35.5,3.2,10.5,5.32346,12.22612,20.38864,54.18326,2.217,0.59596
16/10/2020,14:00:00,0.062946,6.95,31.3,3.3,9.5,5.55208,15.60091,24.11398,49.44347,2.854,0.66218
16/10/2020,15:00:00,0.071156,8.55,39.2,3.7,9.2,5.78069,18.57297,27.43657,49.09422,3.467,0.52974
16/10/2020,16:00:00,0.117681,7.1,40.7,3,8.8,4.93155,18.26401,25.82562,54.03358,3.231,0.86083
16/10/2020,17:00:00,0.183364,10,39.6,2.3,7.4,8.29545,32.08516,44.80468,38.41723,5.094,1.05949
16/10/2020,18:00:00,0.139575,9.4,49.5,2.2,7.5,6.92377,33.1312,43.74749,41.31099,4.693,0.7284
16/10/2020,19:00:00,0.125892,10.1,53.2,2.2,8.1,3.20061,23.93863,28.84616,48.64519,5.519,0.52974
16/10/2020,20:00:00,0.145049,10.325,51.7,2,8.2,2.67806,22.97787,27.08418,46.5996,6.439,1.1257
16/10/2020,21:00:00,0.16968,11.175,44.4,1.9,8.2,3.42922,24.89699,30.15506,37.76862,6.58,1.05949
16/10/2020,22:00:00,0.155996,10.875,21,1.7,8.2,3.06997,22.98106,27.68828,39.16561,6.297,0.66218
16/10/2020,23:00:00,0.136839,12,12.3,1.9,8.2,1.7636,17.23142,19.93556,45.60175,8.09,0.33109
16/10/2020,24:00:00,0.120418,9.1,33.9,2.5,8.1,1.01244,12.84552,14.39791,46.44992,5.047,0.7284
17/10/2020,1:00:00,0.095773,9.275,350.1,2.3,6,0.82735,8.93401,10.2026,48.49551,5.613,0.88302
17/10/2020,2:00:00,0.082091,10.525,353.8,2.4,5.5,0.34836,5.9096,6.44374,55.14784,5.92,0.61811
17/10/2020,3:00:00,0.084828,8.125,8.4,3.1,5.7,0.3919,5.03737,5.63828,59.37208,5,0.86094
17/10/2020,4:00:00,0.073882,5.375,18.7,2.7,7.1,0.3919,4.13121,4.73213,62.5652,3.656,0.86094
17/10/2020,5:00:00,0.076618,3.575,18.6,2.5,7.5,0.62051,5.89504,6.84648,60.91874,2.429,0.72849
17/10/2020,6:00:00,0.076618,2.6,25.3,2.7,7.8,1.20837,9.22238,11.07519,59.82111,1.816,0.92717
17/10/2020,7:00:00,0.079355,2.75,27.4,2.8,8.1,1.76357,15.92235,18.62645,54.48261,1.651,0.92717
17/10/2020,8:00:00,0.084828,3.825,29.9,2.6,8.4,2.02484,16.88097,19.98568,49.09422,2.217,1.05962
17/10/2020,9:00:00,0.101246,5.2,32.2,2.8,8.7,4.18031,23.24157,29.65129,42.25895,2.854,0.52981
17/10/2020,10:00:00,0.112192,6.8,35.7,3.1,9.1,4.37626,20.32335,27.03352,43.15701,3.703,1.05962
17/10/2020,11:00:00,0.106719,8.35,51.1,2.9,9.5,5.8459,18.72437,27.68796,42.85766,4.127,1.19208
17/10/2020,12:00:00,0.084828,8.3,54.5,3.3,9.4,4.47424,11.71571,18.57611,52.63659,4.528,0.72849
17/10/2020,13:00:00,0.093037,8.7,62.7,3.3,9.3,3.69043,11.00454,16.66312,54.48261,5.071,0.9934
17/10/2020,14:00:00,0.087564,9.825,62.4,2.9,9.4,3.85372,14.07672,19.98568,48.5454,5.472,1.05962
17/10/2020,15:00:00,0.076618,7.15,63.5,2.5,9.3,2.38408,10.44015,14.09569,56.82756,3.538,1.19208
17/10/2020,16:00:00,0.060201,6.625,62.8,2.4,9.2,2.09016,12.40108,15.60595,55.18111,2.995,1.19208
17/10/2020,17:00:00,0.071145,7.35,62.3,2.2,9.1,1.79623,11.84493,14.59911,53.08562,3.514,1.19208
17/10/2020,18:00:00,0.095773,8.075,60.7,2.1,9,1.92686,15.77265,18.72713,46.69938,4.41,0.92717
17/10/2020,19:00:00,0.169655,10.075,59.7,1.6,9,6.10717,30.70784,40.07204,28.88776,6.462,0.9934
17/10/2020,20:00:00,0.232592,10.9,35.3,1.5,9,15.74148,53.44005,77.57664,9.62925,6.415,1.19208
17/10/2020,21:00:00,0.16692,10.425,27.7,1.8,8.9,5.09475,33.51874,41.33058,25.24561,6.014,0.92717
17/10/2020,22:00:00,0.175128,11.95,19.4,2,8.8,4.27829,31.54876,38.10871,24.99614,7.076,1.2583
17/10/2020,23:00:00,0.147765,9.55,11.5,2,8.8,1.92686,21.71298,24.66746,34.97464,6.274,1.05962
17/10/2020,24:00:00,0.114927,9.225,6.1,2.2,8.5,0.97976,9.72393,11.22621,49.04433,6.297,1.05962
18/10/2020,1:00:00,0.072959,3.725,346.9,2.2,6.7,0.69671,5.91238,6.98064,58.00835,2.83,0.97145
18/10/2020,2:00:00,0.0912,4.125,356.3,2.8,6.7,0.30481,4.90236,5.36973,58.00835,2.736,1.23639
18/10/2020,3:00:00,0.0684,5.4,359.5,2.8,6.5,0.42456,4.28246,4.93344,56.42842,4.292,1.3247
18/10/2020,4:00:00,0.051984,2.525,1.9,2.8,6.6,0.26126,2.7709,3.1715,70.4981,1.627,0.86105
18/10/2020,5:00:00,0.057456,3.1,3.6,1.7,6,0.26126,2.97226,3.37286,70.29853,1.698,0.99352
18/10/2020,6:00:00,0.060191,3.325,340.7,1.2,4.9,0.6205,7.55623,8.50766,64.36133,1.722,0.79482
18/10/2020,7:00:00,0.065664,3.2,305.6,1.4,4.3,0.71848,10.17477,11.27642,59.07272,1.675,1.19223
18/10/2020,8:00:00,0.0684,9.825,309.8,2.1,5.6,1.89417,14.5137,17.41805,54.43272,2.335,1.05976
18/10/2020,9:00:00,0.071136,2.675,296.2,1.9,7.2,1.50227,14.10777,16.41122,54.88175,1.274,1.3247
18/10/2020,10:00:00,0.073872,2.325,280,2,8,1.73088,12.09599,14.74997,54.78197,1.156,0.92729
18/10/2020,11:00:00,0.084815,2.8,282.4,1.9,8.4,1.43696,10.98609,13.18939,56.17896,1.25,1.39093
18/10/2020,12:00:00,0.079344,3.025,311.4,1.3,9,2.38404,13.3095,16.96498,54.78197,1.439,0.92729
18/10/2020,13:00:00,0.087551,4.375,298.3,1.7,9.3,5.19263,24.60882,32.57074,46.49981,2.005,1.19223
18/10/2020,14:00:00,0.103968,4.55,282.1,1.7,9.3,5.09466,27.32644,35.13814,45.05293,2.406,1.19223
18/10/2020,15:00:00,0.142271,8.775,291,1.2,9.1,6.49896,35.74486,45.70979,33.52776,5.401,0.99352
18/10/2020,16:00:00,0.155952,11.6,288.9,0.9,9,7.4787,41.74345,53.21062,25.9441,7.382,1.5234
18/10/2020,17:00:00,0.188783,12.475,155.3,1,8.8,11.1364,53.04968,70.12526,12.27356,7.948,1.58964
18/10/2020,18:00:00,0.213407,15.65,187.1,2,8.6,6.04174,54.31703,63.58091,7.83312,10.236,1.58964
18/10/2020,19:00:00,0.254448,24.45,186,1.5,8.3,8.883,57.411,71.0314,4.73979,14.764,1.85458
18/10/2020,20:00:00,0.317375,26.375,218.1,1.5,6.2,24.75482,59.75536,97.71222,1.84602,15.118,3.04681
18/10/2020,21:00:00,0.440494,27.575,239.2,1.9,5.1,52.44887,57.86674,138.28721,1.84602,17.382,2.51693
18/10/2020,22:00:00,0.350206,33.8,249.6,2.4,5.6,38.11197,53.52124,111.95878,1.89592,20.873,2.18575
18/10/2020,23:00:00,0.311903,40.775,229.9,2.1,5.7,25.99583,47.58291,87.44263,1.79613,23.467,1.98705
18/10/2020,24:00:00,0.341999,31.45,215.3,2.1,6,36.11983,45.19871,100.58167,1.59656,22.099,2.05328
19/10/2020,1:00:00,0.24894,25.45,203.4,2,5.6,30.08842,43.60557,89.74051,2.39484,20.401,1.41319
19/10/2020,2:00:00,0.24894,25.225,198.2,1.9,5,28.60795,39.23064,83.09555,1.92918,19.08,1.41319
19/10/2020,3:00:00,0.131309,21.525,183.5,2.2,4.6,2.74323,28.01176,32.21799,13.52087,15.708,0.4637
19/10/2020,4:00:00,0.117631,22.075,165.6,2.3,4.5,4.3761,31.04552,37.75545,7.93291,15.684,0.52995
19/10/2020,5:00:00,0.13678,23.85,156.4,2.4,4.6,9.86256,36.22503,51.34741,4.14108,17.571,0.79492
19/10/2020,6:00:00,0.186021,26.8,156.5,2.3,4.5,33.66986,47.04118,98.66758,1.54667,17.76,0.79492
19/10/2020,7:00:00,0.207905,32.225,164.6,2.7,4.9,45.8511,52.47669,122.78072,1.14753,18.137,1.19238
19/10/2020,8:00:00,0.240733,26.575,172.3,3,5.6,44.3162,58.25333,126.20388,3.19312,18.561,1.72233
19/10/2020,9:00:00,0.188756,36.8,185.9,3.4,7.1,30.37145,50.18572,96.75463,8.58151,23.278,2.31852
19/10/2020,10:00:00,0.164136,39.925,186.9,3.6,8.3,27.98746,44.32676,87.24026,10.77678,25.637,3.37842
19/10/2020,11:00:00,0.125837,38.7,191.7,4.5,9.9,19.36588,38.66859,68.36253,21.75313,22.594,4.37207
19/10/2020,12:00:00,0.062919,24.95,182.4,4.4,9.9,10.38508,29.03059,44.95416,39.01594,15.92,1.92106
19/10/2020,13:00:00,0.06839,24.95,182.3,4.5,10,10.80963,33.36335,49.93788,36.12217,15.731,1.92106
19/10/2020,14:00:00,0.084804,25.975,184.1,4.4,9.5,11.62606,38.35373,56.18011,29.2869,16.934,0.99365
19/10/2020,15:00:00,0.08754,26.325,186.4,4.7,8.4,12.80173,42.7933,62.42234,23.15012,17.005,0.86117
19/10/2020,16:00:00,0.098482,26.25,186.8,4.1,7.9,12.6711,44.40313,63.83188,23.20001,17.311,0.79492
19/10/2020,17:00:00,0.134045,26.95,184.6,4,9.1,10.87494,51.03343,67.70811,16.16517,18.019,0.59619
19/10/2020,18:00:00,0.172342,31.825,172.6,3.6,9.4,15.12041,60.93483,84.11914,5.03914,19.033,1.92106
19/10/2020,19:00:00,0.175078,25.625,173.3,3.9,9.6,11.16886,58.28488,75.41022,10.87657,15.047,3.77588
19/10/2020,20:00:00,0.101217,20.5,168.7,4,9.6,3.72295,51.27711,56.98556,19.00904,12.028,5.16699
19/10/2020,21:00:00,0.114895,17.9,158.2,4.4,9.4,3.6903,43.62507,49.28345,24.24776,11.58,4.37207
19/10/2020,22:00:00,0.114895,18.25,161.4,4.8,9.4,3.82093,42.16626,48.02493,25.49507,11.368,6.42562
19/10/2020,23:00:00,0.08754,20.8,160.2,4.7,9.4,1.69819,29.16107,31.76492,36.22196,10.637,8.61165
19/10/2020,24:00:00,0.08754,18.275,154.3,4.2,9.2,2.28602,38.12649,41.63168,23.84862,10.613,6.95557
20/10/2020,1:00:00,0.101203,16.975,164.4,4.3,9.8,1.56753,33.03586,35.43938,27.34109,10.778,6.6252
20/10/2020,2:00:00,0.101203,17.975,165.4,4.5,9.7,1.26273,24.84473,26.78089,30.8003,11.509,3.35677
20/10/2020,3:00:00,0.103937,16.975,161,4.3,9.4,1.60019,29.00893,31.46252,23.54926,11.627,2.25257
20/10/2020,4:00:00,0.106673,14.325,176.4,4.8,9.6,1.33893,23.21769,25.27069,27.54066,10.59,2.12006
20/10/2020,5:00:00,0.103937,13.125,186.6,5.2,10.2,2.74318,33.04547,37.25162,19.45808,9.599,1.25879
20/10/2020,6:00:00,0.128554,18.775,186.9,5.3,10.9,8.42548,40.79392,53.7128,10.57721,11.203,1.12628
20/10/2020,7:00:00,0.155907,20.45,195,5.5,11.5,18.84302,49.88991,78.78214,3.29291,12.359,2.05381
20/10/2020,8:00:00,0.166847,30.5,195.4,5,11.9,28.60743,51.07717,94.94128,3.04344,15.259,2.98134
20/10/2020,9:00:00,0.161377,30.6,195.2,5.4,13.8,22.53325,44.38266,78.93316,8.6314,16.274,3.11385
20/10/2020,10:00:00,0.134025,26.55,206.8,5.7,15.1,18.45114,36.74796,65.03931,14.46883,14.835,4.17388
20/10/2020,11:00:00,0.128554,17.775,201.1,5.8,15.7,14.10777,29.36283,50.99444,27.84002,10.165,3.37885
20/10/2020,12:00:00,0.112144,19.525,204,6.2,16.1,15.44671,31.23635,54.92096,30.73378,8.962,2.58383
20/10/2020,13:00:00,0.084791,17.625,199.4,6.1,16.2,11.20131,28.78534,45.96044,38.01809,7.665,2.05381
20/10/2020,14:00:00,0.060175,17.25,194.9,5.6,15.9,8.26219,25.64024,38.30876,47.39788,6.392,2.18632
20/10/2020,15:00:00,0.051969,16.35,191.2,5.6,15.5,8.81736,30.12504,43.6448,44.90325,6.887,1.85506
20/10/2020,16:00:00,0.073851,14.95,188.8,4.9,14.4,7.64171,33.0855,44.80262,41.61035,7.335,1.45755
20/10/2020,17:00:00,0.120349,15,188.6,4.6,13.4,7.96828,41.89767,54.11552,31.9312,7.807,1.12628
20/10/2020,18:00:00,0.147701,15.425,190.4,4.6,12.8,6.30278,41.38066,51.04478,26.69249,8.915,0.99378
20/10/2020,19:00:00,0.175054,17.3,189.1,4.5,12.4,5.64964,46.40932,55.07199,19.20861,10.283,1.59005
20/10/2020,20:00:00,0.123084,16.925,184.9,3.9,11.9,5.19244,40.21377,48.1754,23.69894,9.788,1.25879
20/10/2020,21:00:00,0.084791,12.55,183.5,3.9,12.1,3.331,31.64075,36.74822,32.87916,7.382,1.32504
20/10/2020,22:00:00,0.090262,11.6,175,3.5,12.3,2.71052,30.32684,34.48292,30.43443,6.887,0.53002
20/10/2020,23:00:00,0.092997,9.55,168.8,3.6,12.4,2.25333,32.13535,35.5904,26.54281,6.061,1.12628
20/10/2020,24:00:00,0.095732,14.675,167.2,4.1,12.7,2.80849,35.71403,40.02032,17.76173,8.349,1.45755
21/10/2020,1:00:00,0.113039,11.15,178.8,4.2,12.7,0.82729,20.94798,22.21648,31.66511,7.5,0.97182
21/10/2020,2:00:00,0.105747,14.25,180.3,4.1,12.4,2.65604,33.44712,37.51967,16.43126,9.882,0.97182
21/10/2020,3:00:00,0.098453,16.275,193,4.8,12.1,1.99203,28.50842,31.56283,18.51012,11.274,1.06017
21/10/2020,4:00:00,0.109393,21.225,193.9,4.4,12.1,0.81641,18.73295,19.98476,26.54281,13.585,0.79513
21/10/2020,5:00:00,0.125801,21.725,196.1,3.8,12.2,2.48188,22.92475,26.73025,22.90066,14.552,0.92765
21/10/2020,6:00:00,0.117597,17.95,199.1,3.8,12.1,14.40142,40.99345,63.07533,9.62925,11.439,0.79513
21/10/2020,7:00:00,0.194172,26.625,193.8,3.2,12.1,36.01988,54.1579,109.38762,2.49463,13.184,1.25895
21/10/2020,8:00:00,0.199642,35.85,180.8,2.7,12.3,25.9944,45.56851,85.42604,2.34495,21.462,0.53009
21/10/2020,9:00:00,0.232459,44.875,188.1,2.3,12.4,41.50614,46.40017,110.04203,2.34495,24.033,1.72278
21/10/2020,10:00:00,0.229725,45.8,216.2,1.4,12.6,39.71004,42.00594,102.89383,4.59011,22.972,2.31912
21/10/2020,11:00:00,0.224255,46.7,288.4,0.7,13,33.30941,39.48694,90.56066,6.23656,25.448,3.44555
21/10/2020,12:00:00,0.213316,37.925,287.9,1.1,13.4,25.63518,37.25956,76.5663,8.18237,23.609,2.78295
21/10/2020,13:00:00,0.3063,35.575,261.4,2.2,13.3,26.90878,40.89442,82.15398,8.98065,21.061,1.8553
21/10/2020,14:00:00,0.429366,34.025,241.9,2.5,13.3,27.92113,39.94626,82.75805,9.92861,19.104,1.45773
21/10/2020,15:00:00,0.309035,12.575,248.3,2.8,12.8,11.88689,36.08996,54.31626,27.04174,7.335,1.12643
21/10/2020,16:00:00,0.196907,5.3,229.5,2.7,12.4,7.31501,29.35741,40.57359,37.66884,2.783,1.12643
21/10/2020,17:00:00,0.415693,6.55,230.2,2.7,11.9,8.65392,35.50977,48.77892,38.16776,4.009,0.92765
21/10/2020,18:00:00,0.37467,9.85,226.4,2.5,12.1,10.28673,42.72167,58.49444,25.79442,5.401,0.72887
21/10/2020,19:00:00,0.254338,9.45,220.5,2.6,12.3,6.13938,34.23071,43.6443,33.9269,5.377,0.86139
21/10/2020,20:00:00,0.268012,6.25,232.8,3.2,12.4,5.09438,25.36242,33.1737,41.11142,3.609,0.86139
21/10/2020,21:00:00,0.15862,7.475,234.9,3,12.1,3.3636,25.95233,31.10978,35.87271,4.434,0.66261
21/10/2020,22:00:00,0.131272,9.175,219.5,2.8,11.1,3.20032,23.68572,28.5928,35.22411,5.519,0.66261
21/10/2020,23:00:00,0.101189,9.3,231.9,2.2,11,1.95938,19.34638,22.35071,36.47142,5.802,0.53009
21/10/2020,24:00:00,0.054696,7.875,228.2,2.1,11.2,1.24094,14.30656,16.2093,40.91185,5.071,0.59635
22/10/2020,1:00:00,0.062892,6.575,245.1,3.1,9.2,0.78374,9.20165,10.40337,48.89465,3.467,1.23702
22/10/2020,2:00:00,0.065626,7.225,249.3,4.1,8.9,0.82728,8.59794,9.86642,48.89465,3.137,1.23702
22/10/2020,3:00:00,0.068361,5.6,249.1,4.6,8.7,0.78374,6.95318,8.1549,52.73637,2.453,1.25911
22/10/2020,4:00:00,0.060158,5.35,246.7,4.9,8.6,0.8817,9.67229,11.02421,52.73637,2.335,0.92777
22/10/2020,5:00:00,0.057423,5,240.8,5.3,8.9,0.97967,9.27038,10.77252,53.2353,2.193,1.12658
22/10/2020,6:00:00,0.051954,4.65,244.4,5.3,8.4,2.51449,14.0148,17.8703,47.69723,2.264,0.92777
22/10/2020,7:00:00,0.196879,8.7,246.7,5.3,8.3,6.23724,26.78103,36.34466,33.47787,3.137,1.19284
22/10/2020,8:00:00,0.19141,9.45,246.9,5.7,8.8,7.47815,27.99933,39.46567,31.18281,4.08,0.79523
22/10/2020,9:00:00,0.194144,7.85,254.3,6,10.2,7.70674,23.7224,35.53924,34.87486,3.726,0.92777
22/10/2020,10:00:00,0.213285,7.6,254.6,6.5,11,7.67409,22.46366,34.23043,35.32389,2.948,1.32538
22/10/2020,11:00:00,0.221489,4.625,261.2,6.8,11.7,7.47815,22.56273,34.02908,34.22626,2.099,1.19284
22/10/2020,12:00:00,0.221489,4.05,266.1,6.5,12.2,7.90268,19.24385,31.36112,36.87056,1.863,0.59642
22/10/2020,13:00:00,0.287115,4.15,268.5,6.5,12.2,8.09861,18.54071,30.9584,41.76002,2.217,0.8615
22/10/2020,14:00:00,0.262505,4.75,269.1,5.8,12,7.1516,17.77787,28.74349,48.14626,1.958,1.19284
22/10/2020,15:00:00,0.23516,7.125,272.3,4.4,11.2,5.84537,14.79717,23.75995,52.68648,2.759,1.25911
22/10/2020,16:00:00,0.226957,7.35,268,3.6,10.4,5.55147,19.32526,27.83739,52.08777,2.5,1.19284
22/10/2020,17:00:00,0.295318,7.725,259.5,3.1,8.9,5.94334,21.94609,31.05908,47.59745,2.972,1.39165
22/10/2020,18:00:00,0.278912,7.675,260.8,3.2,8.2,6.20458,24.76721,34.28077,48.19616,3.278,0.8615
22/10/2020,19:00:00,0.317193,7.6,261.2,3.1,7.5,5.64944,22.74911,31.41146,48.89465,3.656,0.99404
22/10/2020,20:00:00,0.199614,11.125,260,2.8,6.9,4.76773,32.50763,39.81805,39.16561,5.613,0.99404
22/10/2020,21:00:00,0.139456,8.7,246.5,2.3,5.9,3.52681,32.90017,38.30788,35.12432,4.646,0.8615
22/10/2020,22:00:00,0.19141,10.45,219,2.4,5,6.17193,47.67113,57.13462,17.91141,5.943,1.19284
22/10/2020,23:00:00,0.25977,11.875,230.4,2.8,5.6,15.44614,52.57963,76.26339,7.68345,7.052,1.12658
22/10/2020,24:00:00,0.142191,12.6,227.6,2.7,5.6,2.77573,38.02858,42.28465,16.6142,7.146,1.19284
23/10/2020,1:00:00,0.098425,9.7,193.78,3.54,11.26,1.3062,23.90462,25.90744,29.80245,5.684,1.06044
23/10/2020,2:00:00,0.060148,7.675,260.48,3.88,7.52,1.00142,15.98223,17.51773,43.83888,3.868,0.53022
23/10/2020,3:00:00,0.057415,6.075,267.02,3.98,6.02,0.58779,10.77722,11.67848,47.99659,3.184,0.5965
23/10/2020,4:00:00,0.062883,6.775,243.4,3.96,7.5,0.71841,15.86246,16.96401,44.25465,3.325,0.39767
23/10/2020,5:00:00,0.098425,7.75,206.24,4.74,10,4.60437,36.38201,43.44195,22.15227,4.08,0.19883
23/10/2020,6:00:00,0.177713,13.55,195.5,3.58,9.74,53.26046,62.806,144.4709,1.14753,5.33,1.39183
23/10/2020,7:00:00,0.185915,18.85,184.44,1.92,5.64,40.16577,62.95029,124.53693,1.49678,6.84,1.65694
23/10/2020,8:00:00,0.188648,14.05,202,3.7,12.94,32.39385,62.68518,112.35507,8.73119,5.684,0.99417
23/10/2020,9:00:00,0.161308,14.425,200.26,4.04,8.76,26.32001,61.88029,102.23707,9.13033,5.849,0.72906
23/10/2020,10:00:00,0.185915,18.175,199.78,2.76,5.18,38.59832,61.12525,120.30852,7.18452,7.995,1.06044
23/10/2020,11:00:00,0.194116,20.925,246.72,2.02,5.42,28.60586,54.54965,98.41136,9.92861,9.175,1.45811
23/10/2020,12:00:00,0.177713,11.05,210.3,3.8,11.22,13.25797,39.32228,59.65088,32.48002,5.118,1.32555
23/10/2020,13:00:00,0.136702,5.675,296.06,4.4,8.48,5.38809,19.97816,28.23978,55.231,2.712,0.86161
23/10/2020,14:00:00,0.205053,8.725,250.96,4.42,9.02,8.39236,29.31538,42.18349,37.51916,3.467,0.99417
23/10/2020,15:00:00,0.213255,6.3,183.92,4.26,9.74,9.3067,24.69176,38.96184,45.85121,2.5,0.86161
23/10/2020,16:00:00,0.251531,6.425,304.72,3.68,5.14,8.62095,29.31726,42.53586,43.30669,2.877,0.99417
23/10/2020,17:00:00,0.369094,11.275,154.22,2.86,14.64,7.93519,30.01637,42.18349,38.81637,5.189,0.66278
23/10/2020,18:00:00,0.287074,17.125,233.18,3.54,7.1,9.92715,41.76153,56.98295,26.09378,7.571,0.66278
23/10/2020,19:00:00,0.251531,17.575,220.68,2.18,4.28,11.91911,53.15432,71.43004,12.32345,8.632,0.92789
23/10/2020,20:00:00,0.308946,30.525,200.26,2.62,5.2,16.26224,59.78426,84.71935,7.08474,21.439,0.99417
23/10/2020,21:00:00,0.292541,19.975,242.08,2.54,1.52,11.97354,51.91309,70.27226,10.52732,13.066,1.7895
23/10/2020,22:00:00,0.202318,17.675,214.28,3.38,7.38,17.63375,52.04342,79.08146,4.34065,9.316,0.72906
23/10/2020,23:00:00,0.153106,15.025,161.46,3.82,6.3,4.70233,34.87267,42.08281,17.21291,8.113,0.92789
23/10/2020,24:00:00,0.098425,13.375,188.88,4.82,8.3,1.37151,17.831,19.93397,34.47572,7.854,0.53022
24/10/2020,1:00:00,0.083832,15.125,270.52,9.22,6.2,1.00141,14.70684,16.2423,39.24877,8.609,1.32572
24/10/2020,2:00:00,0.058318,12.375,234.94,5.48,8.66,1.34972,20.48176,22.5513,33.59428,5.708,1.76763
24/10/2020,3:00:00,0.062874,13.025,206.62,4.54,9.02,1.4368,23.72086,25.92392,29.23701,5.637,2.71774
24/10/2020,4:00:00,0.057407,13.775,163.52,3,9.34,1.69803,21.55849,24.1621,31.08303,6.415,3.3806
24/10/2020,5:00:00,0.068341,12.675,214.58,5.16,9.32,1.04494,15.66361,17.26584,37.76862,6.792,2.85031
24/10/2020,6:00:00,0.057407,13.975,216.2,3.3,6.98,2.25316,21.86507,25.31987,32.5798,7.5,2.32002
24/10/2020,7:00:00,0.057407,13.25,181.7,4.8,8.62,5.06145,30.34487,38.10565,26.34324,6.816,2.05488
24/10/2020,8:00:00,0.062874,13.825,219.84,3.44,11.56,4.08181,22.73583,28.99452,36.12217,6.604,1.78973
24/10/2020,9:00:00,0.084743,12.725,201.28,5.14,10.4,4.27774,27.2175,33.77661,31.18281,5.873,1.85602
24/10/2020,10:00:00,0.08201,13.4,235.74,4.16,10.04,5.77985,26.97815,35.84045,36.72088,6.321,1.98859
24/10/2020,11:00:00,0.05194,10.15,213.56,5.1,11.58,7.51054,25.93527,37.45126,38.71658,5.896,1.52458
24/10/2020,12:00:00,0.073808,5.475,255.36,5.54,11.96,8.19628,26.29326,38.86072,38.11787,3.538,1.25944
24/10/2020,13:00:00,0.06014,2.025,193.56,8.38,6.66,2.80829,13.96661,18.27259,62.41552,1.392,1.4583
24/10/2020,14:00:00,0.065607,3.575,261.32,8.26,8.42,3.49403,19.61007,24.96751,59.07272,2.099,1.4583
24/10/2020,15:00:00,0.114813,5.725,166.44,3.6,6.82,13.0618,55.62977,75.65759,25.9441,3.821,1.52458
24/10/2020,16:00:00,0.117547,4.3,254.56,4.2,6.06,5.87781,40.26811,49.28062,41.56045,2.995,1.12687
24/10/2020,17:00:00,0.133948,3.825,219.56,4.04,6.8,5.22472,34.67526,42.68638,46.35013,2.217,1.06058
24/10/2020,18:00:00,0.139416,4.35,237.48,5.04,10.6,5.02879,33.16352,40.87422,39.61465,2.995,0.92801
24/10/2020,19:00:00,0.169487,5.075,245.42,4.92,6.12,5.87781,37.75122,46.76374,32.97894,3.868,1.06058
24/10/2020,20:00:00,0.180421,7.575,202.6,3.54,9.86,6.43294,46.46421,56.3279,22.45163,5.778,0.72915
24/10/2020,21:00:00,0.147617,6.05,196.46,2.9,7.46,5.35534,41.22023,49.43164,23.20001,4.222,0.86172
24/10/2020,22:00:00,0.12028,5.375,246.74,4.32,7.18,5.25737,28.93703,36.99822,34.32604,3.844,0.92801
24/10/2020,23:00:00,0.092944,5.225,263.68,5.54,7.16,1.50211,21.50654,23.80974,40.46282,3.609,0.92801
24/10/2020,24:00:00,0.068341,5.275,291.88,4.56,6.74,0.68574,11.28128,12.33274,47.39788,2.901,0.92801
25/10/2020,1:00:00,0.103864,5.2,214.2,3.6,7.2,0.566,11.95134,12.81919,43.77235,2.453,0.44197
25/10/2020,2:00:00,0.117529,5.125,210.1,3.6,6.8,2.04631,18.20531,21.34295,33.99342,2.618,0.61875
25/10/2020,3:00:00,0.076531,5.9,199.2,2.8,6.2,0.35919,7.15083,7.70158,48.04648,2.359,0.59665
25/10/2020,4:00:00,0.065598,9.425,192.3,2.8,5.7,0.94696,7.6087,9.06069,48.69508,3.373,0.66295
25/10/2020,5:00:00,0.090198,10.825,184.4,3,5.7,2.35108,26.54701,30.15195,28.73808,4.269,0.59665
25/10/2020,6:00:00,0.101131,9.275,184.6,3.9,6.1,2.25312,19.14664,22.60137,36.07228,3.679,0.59665
25/10/2020,7:00:00,0.071065,8.45,192.4,4,6.4,0.65308,6.64987,7.65125,55.231,3.373,0.72924
25/10/2020,8:00:00,0.087464,7,192.2,3.4,6.7,1.698,13.70567,16.30923,47.74712,3.302,0.99442
25/10/2020,9:00:00,0.092931,7.625,216.8,5.4,7.9,4.11439,22.23251,28.54116,39.46497,3.443,0.92813
25/10/2020,10:00:00,0.065598,4.75,220.8,5.5,8.3,1.92658,8.32147,11.27552,60.66928,1.958,0.72924
25/10/2020,11:00:00,0.057399,5.325,225.7,4.8,9.2,2.08985,8.37315,11.57754,61.96649,2.123,1.2596
25/10/2020,12:00:00,0.049199,6.9,217,4.9,10.2,2.4817,8.32603,12.13125,63.26369,2.571,0.79554
25/10/2020,13:00:00,0.054665,7.575,223.3,4.8,10.4,2.15516,8.17234,11.47687,63.56305,2.877,0.53036
25/10/2020,14:00:00,0.057399,9.45,219.9,5.2,10.6,2.61231,11.75004,15.75553,59.871,3.467,0.39777
25/10/2020,15:00:00,0.057399,6.2,218.8,5,10.6,2.35108,10.84182,14.44676,59.12261,2.783,0.39777
25/10/2020,16:00:00,0.071065,7.75,216.6,3,9.3,2.22047,13.60929,17.01395,55.68003,3.373,0.79554
25/10/2020,17:00:00,0.106596,6.575,204.2,2.9,8,6.53078,31.01104,41.02477,38.71658,3.302,0.72924
25/10/2020,18:00:00,0.128462,8.075,202.7,3,7.3,7.11855,34.89184,45.8068,32.43013,4.033,0.53036
25/10/2020,19:00:00,0.153062,9.8,186.1,2.2,6.1,6.95528,36.2496,46.91421,27.44088,5.59,0.39777
25/10/2020,20:00:00,0.163995,7.15,194.1,3,6.2,4.70216,34.3686,41.57848,27.44088,4.575,0.53036
25/10/2020,21:00:00,0.169462,9.5,206.6,3.5,6.3,4.80012,32.55726,39.91735,28.38883,6.675,0.72924
25/10/2020,22:00:00,0.180395,12.375,211.6,2.9,5.8,6.79201,37.05365,47.46792,20.10668,6.863,0.99442
25/10/2020,23:00:00,0.174928,13.2,198.6,2.3,5.1,3.00416,32.1398,36.74611,22.40173,6.156,0.66295
25/10/2020,24:00:00,0.122997,6.025,194.3,2.4,4.4,4.44093,21.98351,28.79284,35.47357,3.16,0.66295
26/10/2020,1:00:00,0.103849,7.125,205.2,3.8,5.9,5.44222,24.40771,32.75232,34.72518,3.396,0.88404
26/10/2020,2:00:00,0.098383,9.775,209,3.1,5.7,1.74151,27.66589,30.33617,28.87113,5.071,1.67969
26/10/2020,3:00:00,0.079253,8.175,205.7,3,5.4,1.63267,29.91336,32.41675,25.2955,4.34,1.65758
26/10/2020,4:00:00,0.071055,7.725,213.3,2.8,5.3,1.30613,22.15884,24.16155,34.12647,4.057,1.85649
26/10/2020,5:00:00,0.076521,6.975,214,2.8,5.2,0.84899,11.23204,12.5338,47.49766,3.396,1.79019
26/10/2020,6:00:00,0.114781,8.85,211.3,2.5,4.9,6.4327,32.72139,42.58473,21.80302,4.245,1.59128
26/10/2020,7:00:00,0.125711,12.575,220.1,3,5.8,12.89806,49.73805,69.51479,9.13033,5.33,1.39237
26/10/2020,8:00:00,0.131177,7.725,227.9,3.9,6.9,19.62464,48.233,78.32369,16.76388,3.656,1.52498
26/10/2020,9:00:00,0.131177,7.9,227.3,4.2,8.2,10.67763,41.21289,57.58503,20.55571,3.656,1.12716
26/10/2020,10:00:00,0.109315,5.25,252.3,4.3,10.2,6.75924,35.19057,45.55459,25.39528,2.524,1.12716
26/10/2020,11:00:00,0.117513,8.175,267.8,4.5,10.4,10.57967,31.14477,47.3667,33.12862,3.443,1.25976
26/10/2020,12:00:00,0.065589,8.15,280.8,5.8,10.4,6.13882,24.61479,34.02752,46.89895,3.373,0.99455
26/10/2020,13:00:00,0.0944122,8.45,279.8,5.5,10.2,3.439224,16.571046,21.844452,54.78197,3.585,1.061382
26/10/2020,14:00:00,0.1269116,13.575,279.1,5.5,10.2,19.743586,41.057538,71.330614,22.242078,5.519,1.577204
26/10/2020,15:00:00,0.071055,12.875,280.4,5.7,10,5.4531,22.39433,30.75564,54.83186,5,1.12716
26/10/2020,16:00:00,0.076521,13.325,283.3,5.7,9.8,4.80004,24.45276,31.81271,53.78412,5.142,0.92825
26/10/2020,17:00:00,0.106581,10.95,283.5,5.5,9.2,6.07352,29.59757,38.91016,43.80562,4.976,1.59128
26/10/2020,18:00:00,0.098383,11.2,281.7,5.2,8.5,2.90614,23.68211,28.13814,49.2439,5.094,0.92825
26/10/2020,19:00:00,0.109315,12.925,283.3,5.2,8.5,3.52656,24.64361,30.05093,49.69293,5.354,1.06085
26/10/2020,20:00:00,0.090185,9.075,274.6,4.3,8.1,2.64492,22.7739,26.82939,51.78842,4.316,1.32607
26/10/2020,21:00:00,0.073787,9.625,267.5,3.6,7.5,1.37144,17.12572,19.22857,52.68648,4.788,0.99455
26/10/2020,22:00:00,0.081986,12.675,275.6,4.3,7.7,1.66532,21.65843,24.21189,48.24605,5.566,1.06085
26/10/2020,23:00:00,0.073787,14.375,267.7,3.9,7.6,0.91429,12.491,13.89289,54.03358,5.849,1.45867
26/10/2020,24:00:00,0.062856,12.35,268.9,3.6,7.2,0.88164,12.08804,13.43986,50.79057,5.708,0.92825
27/10/2020,1:00:00,0.073257,12.55,249.8,3.4,6.7,0.65318,11.3489,12.35043,50.69078,5.283,1.1492
27/10/2020,2:00:00,0.091571,11.55,258.1,3.2,6.5,1.13219,15.58146,17.31745,39.58138,5.165,1.326
27/10/2020,3:00:00,0.07692,9.125,248.4,3.1,6,0.68584,12.23853,13.29014,43.9054,4.552,0.7956
27/10/2020,4:00:00,0.07692,6.6,247.1,3.2,5.7,0.8818,9.87407,11.22614,48.5953,3.656,0.7293
27/10/2020,5:00:00,0.093403,9.725,245.8,3,5.2,0.8818,12.03875,13.39082,42.25895,5.731,0.7293
27/10/2020,6:00:00,0.096149,8.9,216.6,2.6,4.8,1.56764,16.67572,19.0794,38.46712,5.094,0.9945
27/10/2020,7:00:00,0.096149,7.5,198.6,2.6,5.6,3.23326,27.41195,32.36954,30.38453,3.538,1.0608
27/10/2020,8:00:00,0.120873,9.225,182.8,2.8,6.2,14.95791,47.59321,70.52835,12.52302,3.844,1.5249
27/10/2020,9:00:00,0.123621,12.125,183.7,3.4,6.9,14.69663,45.22505,67.75957,10.77678,5.802,1.3923
27/10/2020,10:00:00,0.156586,13.275,180.9,3.8,8,15.70907,41.86038,65.94727,12.12388,6.203,1.4586
27/10/2020,11:00:00,0.18131,15.05,163.6,4.5,8.1,27.66233,47.14243,89.55741,8.23226,8.443,3.51391
27/10/2020,12:00:00,0.159334,9.075,175.3,5.7,8.5,17.50532,44.79474,71.63586,14.76818,5.189,5.10511
27/10/2020,13:00:00,0.159334,6.075,182,5.8,9,11.9206,43.54128,61.81928,19.90711,3.656,3.51391
27/10/2020,14:00:00,0.192299,5.275,199.7,5,10.2,13.29229,45.6164,65.99762,16.6142,3.443,3.51391
27/10/2020,15:00:00,0.206034,6.875,240.2,5.2,11.2,13.94547,46.1251,67.50786,16.06539,3.844,2.25421
27/10/2020,16:00:00,0.145598,5.025,268.7,4,10.6,9.69978,31.99509,46.86787,42.15916,2.618,1.79011
27/10/2020,17:00:00,0.120873,9.775,261.5,4.7,10.2,3.10262,22.67879,27.43608,53.2353,4.882,1.4586
27/10/2020,18:00:00,0.112632,15.5,275.2,4.6,9.1,3.39656,27.36293,32.57091,46.69938,7.359,1.1934
27/10/2020,19:00:00,0.090655,8.85,253.8,4,8,3.13528,23.08179,27.88915,52.73637,5.142,1.3923
27/10/2020,20:00:00,0.126368,11.775,262.1,4,8,2.84135,28.01287,32.36954,43.40648,6.226,1.59121
27/10/2020,21:00:00,0.123621,13.875,247.6,4.5,7.2,2.15551,29.31619,32.62125,35.274,7.524,1.5249
27/10/2020,22:00:00,0.112632,11.625,242,4.5,6.8,2.12285,26.19475,29.44974,35.9226,6.604,1.2597
27/10/2020,23:00:00,0.093403,9.7,238.7,3.9,6.5,1.53498,18.1857,20.5393,44.85336,5.189,1.0608
27/10/2020,24:00:00,0.060437,12.475,226.7,3.9,6.3,0.58787,11.53295,12.43433,51.2396,5.778,1.2597
28/10/2020,1:00:00,0.06075,15.725,224.2,5.1,6.8,0.60975,7.6575,8.59244,52.22082,6.863,0.88396
28/10/2020,2:00:00,0.063512,13.9,227.6,4.8,6.8,0.39198,5.64191,6.24294,52.88605,6.297,1.06075
28/10/2020,3:00:00,0.06075,11.525,232.9,5.1,7.1,0.39198,4.73568,5.33671,53.73422,5.66,0.79556
28/10/2020,4:00:00,0.066273,10.125,232.4,4.3,6.8,0.68597,7.15465,8.20645,50.84046,4.693,1.39224
28/10/2020,5:00:00,0.052467,9.15,232,4.3,6.7,0.39198,6.4978,7.09883,53.18541,4.222,1.19334
28/10/2020,6:00:00,0.055227,8.025,238.1,4.9,6.9,0.88196,10.83149,12.18381,51.43917,3.278,0.79556
28/10/2020,7:00:00,0.069035,7.65,239.4,5.5,7,2.02523,19.1981,22.30341,44.00519,3.255,0.92816
28/10/2020,8:00:00,0.085604,11.675,239.3,5.6,7.1,4.80176,31.90752,39.27012,35.52346,4.599,1.25964
28/10/2020,9:00:00,0.085604,11.775,234.6,5.6,7.4,6.99032,33.5864,44.30475,34.67529,4.717,1.19334
28/10/2020,10:00:00,0.113217,10.033,235.8,5.6,8.2,7.21898,26.74113,37.81007,41.46067,4.277,1.19334
28/10/2020,11:00:00,0.151877,9.0066,234.8,5.7,9.1,8.39492,22.87384,35.74587,43.70583,5.6954,1.19334
28/10/2020,12:00:00,0.093887,9.865,232,6.6,10.2,6.66367,18.37921,28.5967,54.48261,6.8388,1.12705
28/10/2020,13:00:00,0.102171,11.667,234.5,6.7,10.5,5.38973,16.10347,24.36761,59.57165,5,1.39224
28/10/2020,14:00:00,0.121502,9.675,236.5,6.3,10.2,4.93242,17.61021,25.17315,59.97079,4.316,1.06075
28/10/2020,15:00:00,0.182252,7.925,237.3,5.2,9.6,6.10837,26.93365,36.29968,50.5411,3.892,0.72927
28/10/2020,16:00:00,0.173968,9.1,239.2,4.5,8.3,8.68891,41.10155,54.42435,34.77507,4.929,0.86186
28/10/2020,17:00:00,0.234718,10.175,244.9,4.5,7.4,8.0356,41.19703,53.51812,33.72733,5.613,0.79556
28/10/2020,18:00:00,0.267854,11.925,243.1,5,7,8.46025,49.50756,62.47976,24.098078,7.901,1.39224
28/10/2020,19:00:00,0.267854,4.65,245,5.3,6.7,6.1737,26.17898,35.64518,48.5953,2.972,0.72927
28/10/2020,20:00:00,0.292708,7.425,251.7,5.2,6.9,5.48773,29.54671,37.96111,42.70798,4.363,0.92816
28/10/2020,21:00:00,0.325844,9.95,256.5,5.1,6.9,6.729,35.8499,46.16756,29.38668,6.439,0.72927
28/10/2020,22:00:00,0.281662,9.775,257,5.2,6.9,4.86709,31.757,39.21977,32.52991,6.321,0.92816
28/10/2020,23:00:00,0.207104,8.3,257.5,4.9,7.2,3.10318,20.36466,25.12281,42.15916,5.66,0.92816
28/10/2020,24:00:00,0.151877,10.075,261.1,3.9,6.8,1.86191,18.69333,21.54822,41.61035,6.557,0.86186
29/10/2020,1:00:00,0.088821,11.725,257.7,4.1,7.2,0.69698,14.50661,15.5753,45.30239,7.146,1.14909
29/10/2020,2:00:00,0.069391,11.7,268.8,3.7,7.1,0.65342,10.94812,11.95001,51.0234,7.005,1.14909
29/10/2020,3:00:00,0.06384,11.45,260.2,2.9,6.5,0.42472,8.51268,9.16391,55.48046,7.076,1.45846
29/10/2020,4:00:00,0.049962,11.375,249.1,2.5,5.7,0.35938,8.56252,9.11356,53.43487,6.84,1.19329
29/10/2020,5:00:00,0.052737,15.575,243.8,3,5.6,0.94746,11.94067,13.39341,48.39573,7.642,1.39217
29/10/2020,6:00:00,0.074943,15.35,223.1,3.4,5.5,1.86224,25.0895,27.9449,34.37593,7.618,0.92811
29/10/2020,7:00:00,0.086045,13.6,204.2,3,6.7,9.60525,43.02494,57.7528,15.86582,7.146,1.25958
29/10/2020,8:00:00,0.130456,14.075,205.7,3.1,7.4,25.67935,60.11946,99.49392,5.88732,7.618,1.32588
29/10/2020,9:00:00,0.172091,19.45,213.4,2.9,7.8,34.43516,60.84275,113.6426,5.43828,8.986,1.92252
29/10/2020,10:00:00,0.138783,16.4,189.8,4,8.3,21.4648,48.45526,81.3675,13.22151,7.759,1.92252
29/10/2020,11:00:00,0.130456,12.975,193.2,5.2,9,16.98889,42.37799,68.42724,15.06754,7.736,2.45287
29/10/2020,12:00:00,0.172091,11.65,206.1,5.7,10.6,17.34826,44.64661,71.24691,13.12173,7.028,1.78993
29/10/2020,13:00:00,0.199847,9.45,222.6,5.3,11.7,16.69485,44.79253,70.39094,11.22581,5.825,1.32588
29/10/2020,14:00:00,0.241482,6.475,227.7,6.4,12.4,20.32132,47.69102,78.84994,14.51872,4.08,1.65734
29/10/2020,15:00:00,0.180417,4.025,235.9,6.8,12.7,6.92624,34.04141,44.66149,35.07443,2.052,0.72923
29/10/2020,16:00:00,0.224828,6.675,238.3,6.8,12.9,7.67767,40.84472,52.61698,31.48217,3.585,0.86182
29/10/2020,17:00:00,0.263687,5.525,245.2,5.8,12.8,7.90637,45.27741,57.40034,28.73808,3.113,1.32588
29/10/2020,18:00:00,0.197071,5.225,246.3,5.7,12.9,4.99865,32.91855,40.58305,38.96604,3.467,0.92811
29/10/2020,19:00:00,0.180417,6.4,244.9,6.2,13.1,4.67194,25.96753,33.13107,46.44992,4.151,1.127
29/10/2020,20:00:00,0.141559,5.8,243.8,6,13.1,3.36511,18.8074,23.96716,52.78627,4.009,1.0607
29/10/2020,21:00:00,0.149885,4.475,242.4,5.7,13.1,2.77703,15.58031,19.83836,54.13336,2.712,0.99441
29/10/2020,22:00:00,0.116577,2.675,240.1,5.6,13.1,2.18895,11.39655,14.75289,59.77122,1.533,0.66294
29/10/2020,23:00:00,0.108251,3.225,239.3,5.8,13.3,1.7969,10.08434,12.83955,61.26799,1.816,1.0607
29/10/2020,24:00:00,0.066616,3.5,237.3,5.4,13.4,0.65342,6.55078,7.55268,63.76262,2.382,1.32588
30/10/2020,1:00:00,0.070677,3.9,243.3,6.8,14.2,0.5664,4.90569,5.77416,64.19502,2.571,0.61871
30/10/2020,2:00:00,0.066958,2,235,5.6,14.1,0.34855,4.09832,4.63276,66.52333,1.321,0.61871
30/10/2020,3:00:00,0.061378,3.4,243.1,6.4,14.2,0.39212,4.78685,5.3881,65.00993,2.264,0.7292
30/10/2020,4:00:00,0.053008,3.85,239.7,5.6,14,0.29409,4.98752,5.43845,64.86025,2.736,0.92807
30/10/2020,5:00:00,0.069748,3.8,239.5,4.7,13.8,0.58818,6.60118,7.50305,60.71917,2.783,0.66291
30/10/2020,6:00:00,0.061378,3.225,244.2,4.3,13.9,0.81692,9.37253,10.62513,58.5738,2.264,0.99436
30/10/2020,7:00:00,0.064168,3.375,239.9,3.1,13.8,1.89526,17.28676,20.19277,50.19186,2.052,0.86178
30/10/2020,8:00:00,0.209244,4.25,216.7,3,13.5,5.55506,32.72397,41.2416,35.72303,2.241,0.86178
30/10/2020,9:00:00,0.212033,6.1,229.6,2.8,13.4,8.39794,40.5511,53.42776,26.54281,3.467,0.86178
30/10/2020,10:00:00,0.251092,6.875,222.4,2.6,13.2,10.39123,35.6316,51.56459,28.18926,4.481,0.59662
30/10/2020,11:00:00,0.139496,3.125,279.2,2.3,13,6.92748,25.43294,36.05493,38.6168,1.533,1.19323
30/10/2020,12:00:00,0.195295,2.6,297.5,2,12.7,7.22157,24.32737,35.4003,44.40433,0.873,0.86178
30/10/2020,13:00:00,0.332,4.025,267.7,2.1,12.4,10.26052,33.76742,49.49999,36.77077,1.675,0.7292
30/10/2020,14:00:00,0.186924,3.525,256.8,2.1,12,8.82274,29.82855,43.35656,34.72518,1.91,1.06065
30/10/2020,15:00:00,0.103227,3.975,285.3,2,11.7,9.34557,26.15659,40.48626,35.57335,1.91,0.79549
30/10/2020,16:00:00,0.164605,3.8,284.7,2,9.7,6.63339,27.94847,38.11953,38.31744,2.075,1.12694
30/10/2020,17:00:00,0.496605,5.175,267.6,1.8,8.4,11.17547,39.46472,56.6002,27.98969,2.759,1.3921
30/10/2020,18:00:00,0.32363,7.775,262.1,1.7,7.3,15.32542,53.69716,77.19582,15.56646,4.741,1.45839
30/10/2020,19:00:00,0.270622,14.325,277.9,0.9,6.8,18.42972,58.70638,86.96489,13.62065,6.675,1.52468
30/10/2020,20:00:00,0.396168,18.025,275.7,0.9,6.6,37.12085,69.57654,126.49438,2.14538,11.415,1.78984
30/10/2020,21:00:00,0.549613,21.1,327.9,0.5,6.3,63.85048,71.59574,169.49845,1.74624,13.821,2.1213
30/10/2020,22:00:00,0.736538,33.175,37,0.8,6.2,109.79407,69.43268,237.78124,2.19527,21.675,2.32017
30/10/2020,23:00:00,0.67237,34.675,44.3,1.9,6.9,81.69202,61.41051,186.66986,2.14538,26.132,2.25388
30/10/2020,24:00:00,0.557984,30.5,92.8,2,7.2,49.96284,55.87814,132.48675,1.94581,24.033,1.52468
31/10/2020,1:00:00,0.322481,20,127.9,2.7,8.8,18.60734,50.16647,78.69732,2.52789,15.613,0.70707
31/10/2020,2:00:00,0.173859,12.725,136.7,3.5,9.5,1.35089,30.69684,32.76817,21.68661,10.448,0.79545
31/10/2020,3:00:00,0.252376,14.775,152.7,4,10.8,2.25511,33.25533,36.71311,12.12388,12.264,0.59659
31/10/2020,4:00:00,0.260789,18.125,180.6,5.4,13,3.92192,32.26077,38.2743,7.13463,15.236,0.79545
31/10/2020,5:00:00,0.157034,13.275,184.8,5.4,13.3,2.05901,19.9082,23.0653,18.70969,11.509,0.39773
31/10/2020,6:00:00,0.095342,7.1,185.6,5.8,13.1,1.99364,21.066,24.12288,25.04604,5.566,0.72916
31/10/2020,7:00:00,0.058888,2.125,190.4,6.9,13.1,1.76487,15.62529,18.33137,46.25035,1.108,0.39773
31/10/2020,8:00:00,0.070105,4.375,193.6,8.5,13,1.83023,19.10068,21.907,48.14626,2.311,0.59659
31/10/2020,9:00:00,0.092538,4.375,191.6,9.6,13.1,2.38584,18.80274,22.46097,45.05293,2.359,0.33144
31/10/2020,10:00:00,0.10095,5.875,189.1,10,13.1,2.90876,18.00093,22.46097,46.25035,3.278,0.72916
31/10/2020,11:00:00,0.109363,7.05,191.6,9.8,13.6,3.23559,19.06099,24.02216,45.50196,4.717,0.99431
31/10/2020,12:00:00,0.112167,6.1,199.3,8.9,13.7,4.1507,20.42769,26.79201,42.20906,3.868,0.72916
31/10/2020,13:00:00,0.145817,4.85,214.7,7.7,13.9,5.13118,20.78766,28.65536,41.9097,2.759,0.5303
31/10/2020,14:00:00,0.15423,10.025,239.3,8.1,14.4,3.30095,11.7088,16.77019,65.60864,5.189,0.72916
31/10/2020,15:00:00,0.1346,9.8,251.7,7,12.5,3.36632,12.16254,17.32416,64.21165,5.118,1.25946
31/10/2020,16:00:00,0.143013,7.85,246.7,6.6,10.5,3.2029,11.05336,15.96441,65.30928,3.797,0.79545
31/10/2020,17:00:00,0.114972,8.075,247.3,6.1,9.6,3.23559,14.57887,19.54004,57.17681,3.892,0.92802
31/10/2020,18:00:00,0.162642,9.55,246.6,5.9,9.1,4.08534,23.2474,29.5115,45.50196,5.024,0.66287
31/10/2020,19:00:00,0.190684,10.775,241.1,5.4,8.7,4.47753,25.26482,32.13026,43.10712,5.991,0.92802
31/10/2020,20:00:00,0.095342,12.725,230.4,4.9,8.1,2.77803,22.83459,27.09417,47.04863,7.146,1.25946
31/10/2020,21:00:00,0.117775,14.05,218.7,4.5,7.6,2.48388,21.92586,25.73443,46.30024,8.208,1.32575
31/10/2020,22:00:00,0.114972,18.6,210.7,4.4,7.2,2.02633,17.89351,21.0005,52.5867,10.024,1.12689
31/10/2020,23:00:00,0.084125,18.425,192.5,4.4,6.8,2.15706,14.01671,17.32416,59.52175,10.212,0.79545
31/10/2020,24:00:00,0.075713,18.2,209.1,4.8,7.7,1.30731,10.38427,12.38879,64.5609,9.151,0.92802
1/11/2020,1:00:00,0.084554,21.775,202,4.4,7.9,0.78453,9.34032,10.54324,66.12419,9.976,1.41406
1/11/2020,2:00:00,0.081735,23.125,198.1,5.2,7.9,0.65377,9.60796,10.61039,63.8624,10.542,1.50244
1/11/2020,3:00:00,0.098645,21.125,197.2,6,8.1,0.75184,9.07145,10.22425,62.71487,10.967,1.52454
1/11/2020,4:00:00,0.109919,21.325,188.8,6,8,0.35957,7.25536,7.8067,61.56735,10.967,1.2594
1/11/2020,5:00:00,0.112738,19.325,187.1,6.6,8.7,0.42495,8.71645,9.36804,59.871,10.802,1.85596
1/11/2020,6:00:00,0.121193,16.6,194.3,7.8,9.7,0.2942,7.80889,8.25999,61.31788,9.693,0.92798
1/11/2020,7:00:00,0.104282,14.55,200.9,8.2,10.6,0.8499,13.35328,14.65644,57.67573,8.278,1.78967
1/11/2020,8:00:00,0.112738,7.1,207.4,7.8,11.9,0.91528,11.2384,12.64181,60.46971,4.434,1.06055
1/11/2020,9:00:00,0.101464,2.7,221.3,6.1,13,1.92863,14.01609,16.97327,57.17681,1.698,0.8617
1/11/2020,10:00:00,0.115556,3.875,247.2,7.5,14.6,2.32089,12.25621,15.81486,61.31788,2.052,1.06055
1/11/2020,11:00:00,0.208565,14.65,249.5,7.6,14.5,3.17079,11.45671,16.31852,75.03832,7.429,1.2594
1/11/2020,12:00:00,0.20011,15.45,251.6,7.8,14.3,3.85725,9.4472,15.36157,75.23789,8.137,1.2594
1/11/2020,13:00:00,0.188836,18,251.7,7.4,14.2,3.66112,13.0217,18.63534,68.95144,8.986,1.12683
1/11/2020,14:00:00,0.135285,17.15,247.9,7.1,13.8,3.56305,12.31585,17.77912,69.8495,9.693,1.59082
1/11/2020,15:00:00,0.070461,21.6,242.1,7.8,13.4,1.79787,12.90706,15.66376,71.69552,11.769,1.32568
1/11/2020,16:00:00,0.140922,12.35,238.8,7.3,12.8,2.68046,14.22316,18.33315,72.94284,7.901,1.12683
1/11/2020,17:00:00,0.138103,8.4,232.1,7.5,13.3,2.35358,26.25815,29.86691,55.48046,6.462,0.92798
1/11/2020,18:00:00,0.140922,12.625,225.5,8.1,13.8,3.26886,25.45913,30.4713,47.19831,9.34,1.19312
1/11/2020,19:00:00,0.138103,7.2,224.3,9,14.7,6.17814,26.63926,36.11227,30.18496,5.33,0.59656
1/11/2020,20:00:00,0.081735,2.8,222.9,9.4,15.3,1.37292,5.90305,8.00816,41.16131,1.509,0.72913
1/11/2020,21:00:00,0.078916,2.325,226.5,9.3,15.6,0.94797,4.54,5.99353,39.76432,1.179,0.8617
1/11/2020,22:00:00,0.070461,1.95,228.6,9.7,15.7,0.78453,3.73293,4.93585,40.36303,0.802,0.79541
1/11/2020,23:00:00,0.070461,1.475,228.9,9.7,15.7,0.65377,2.67427,3.6767,41.11142,0.566,0.72913
1/11/2020,24:00:00,0.073279,1.25,230.1,9.7,15.6,0.55571,2.11951,2.97158,41.16131,0.401,0.79541
2/11/2020,1:00:00,0.056655,0.975,229.3,8.3,16.2,0.34874,2.48751,3.02224,41.24447,0.259,0.61862
2/11/2020,2:00:00,0.056655,0.85,232.4,9.7,15.8,0.17437,2.08327,2.35063,45.30239,0.283,0.97212
2/11/2020,3:00:00,0.048156,3.275,232.4,9.6,15.7,0.22886,1.96613,2.31705,52.68648,1.58,0.59653
2/11/2020,4:00:00,0.056655,8.85,237,8.9,15.5,0.22886,2.57058,2.9215,59.07272,5.283,0.99421
2/11/2020,5:00:00,0.070817,8.275,246.5,7.4,15,0.55581,3.93299,4.78521,60.17036,4.811,0.79537
2/11/2020,6:00:00,0.087814,0.6,276.3,4.5,12.8,0.68658,5.34433,6.39707,67.30498,0.212,0.92793
2/11/2020,7:00:00,0.113308,1.025,278.4,4.4,10.6,2.32131,22.7342,26.29348,61.96649,0.33,1.0605
2/11/2020,8:00:00,0.269107,1.625,268.2,4.9,10.6,5.10033,31.61983,39.44022,57.47616,0.613,1.25934
2/11/2020,9:00:00,0.35692,4.5,258.1,5.4,10.6,6.40811,27.14643,36.97206,53.63444,2.429,1.45818
2/11/2020,10:00:00,0.300267,10.25,250.1,5.4,10.9,6.50619,25.63603,35.61205,51.83831,4.481,1.3919
2/11/2020,11:00:00,0.280437,9.025,244.6,6.1,11.4,6.76775,20.65126,31.02833,55.43057,4.434,0.99421
2/11/2020,12:00:00,0.201123,9.675,234.4,6.4,11.9,6.40811,18.38194,28.20757,57.77552,4.552,0.86165
2/11/2020,13:00:00,0.150133,10.35,231.2,6.4,11.6,6.08117,17.67435,26.99867,57.32648,4.882,1.32562
2/11/2020,14:00:00,0.158632,7,238.1,6.5,11.6,5.59075,16.00852,24.58088,60.41982,3.278,0.92793
2/11/2020,15:00:00,0.186959,7.825,243.1,6.5,10.7,5.23111,17.8696,25.89052,61.01853,3.892,0.86165
2/11/2020,16:00:00,0.195456,8.75,243.8,6.4,9.7,5.06764,22.45213,30.22239,57.97509,3.939,1.3919
2/11/2020,17:00:00,0.27194,5.9,245.9,6.3,9,5.39458,26.83677,35.10835,51.2396,3.137,0.79537
2/11/2020,18:00:00,0.24078,4.325,246.9,7.1,9.2,4.96955,29.70478,37.32466,46.84906,2.17,1.12678
2/11/2020,19:00:00,0.232282,3.25,247.3,6.8,9,4.31567,22.44661,29.06387,54.68218,1.745,0.86165
2/11/2020,20:00:00,0.286103,2.425,265.7,6.6,8.4,4.51183,17.76358,24.68162,60.76907,1.533,1.25934
2/11/2020,21:00:00,0.237947,2.85,280.1,5.4,7.8,3.531,15.33859,20.75271,66.65638,1.58,1.3919
2/11/2020,22:00:00,0.175628,7.425,271.2,7.7,7.7,2.68094,14.92939,19.04011,74.5394,3.066,0.92793
2/11/2020,23:00:00,0.192624,12.475,272.2,6.7,7.7,2.68094,9.99306,14.10379,71.24649,5.825,1.32562
2/11/2020,24:00:00,0.130304,14.725,263.5,6.7,7.6,1.86358,8.32483,11.18229,67.65423,6.651,0.92793
3/11/2020,1:00:00,0.062633,13.575,259.8,5,6.4,0.61041,9.2735,10.20944,62.46541,6.675,1.67904
3/11/2020,2:00:00,0.054092,13.025,257.3,5.4,6,0.61041,10.54968,11.48562,61.80018,6.085,1.41393
3/11/2020,3:00:00,0.054092,13.775,253.7,4.8,5.7,0.62131,8.11494,9.0676,63.01423,6.109,1.52439
3/11/2020,4:00:00,0.06548,13.5,241.4,4.1,5.1,0.55591,8.97085,9.82323,60.61939,6.014,1.92206
3/11/2020,5:00:00,0.076869,13.7,242.1,3.2,4.6,0.94831,14.16236,15.61641,54.43272,6.274,1.65695
3/11/2020,6:00:00,0.068327,13.425,222.2,1.7,3.3,2.74683,24.70381,28.91555,43.65594,5.778,1.45811
3/11/2020,7:00:00,0.068327,8.1,241.8,2.4,2.8,3.04113,22.89242,27.55541,48.04648,3.491,1.7895
3/11/2020,8:00:00,0.156584,8.9,224.1,2.6,3.1,9.02528,50.74285,64.58143,21.85292,3.726,1.59067
3/11/2020,9:00:00,0.196441,10.55,226.7,2.7,4,13.99573,53.19671,74.65653,20.00689,4.292,1.7895
3/11/2020,10:00:00,0.259074,9.525,242.1,3.9,7.4,12.49152,38.12358,57.27698,33.67744,4.009,1.7895
3/11/2020,11:00:00,0.261921,9.225,255.2,4.5,8.3,10.693,27.028,43.42371,43.40648,3.821,1.52439
3/11/2020,12:00:00,0.236299,7.875,271.8,3.8,7.4,7.94617,29.77885,41.96282,44.80347,3.325,1.59067
3/11/2020,13:00:00,0.204982,4.1,286.9,4.9,8,8.86178,29.4832,43.07108,47.8968,1.627,1.45811
3/11/2020,14:00:00,0.139501,5.425,289.5,5,8.6,6.31116,23.67162,33.3486,54.88175,2.028,1.32555
3/11/2020,15:00:00,0.259074,8.725,286,4.5,8.1,9.41769,33.16462,47.60487,47.69723,3.42,1.59067
3/11/2020,16:00:00,0.247686,5.75,282.6,4.5,6.9,6.67086,31.02905,41.25756,50.64089,2.618,1.32555
3/11/2020,17:00:00,0.190747,4.1,276.2,3.9,6.4,5.88606,32.2324,41.25756,48.69508,1.745,1.45811
3/11/2020,18:00:00,0.190747,3.625,292.5,3.7,6.1,6.93247,31.13168,41.76131,44.00519,2.005,0.86161
3/11/2020,19:00:00,0.276156,3.6,296.5,3.7,5.9,7.25947,33.14906,44.28009,43.75572,2.335,1.193
3/11/2020,20:00:00,0.313166,6.025,301.3,3.8,5.8,6.27846,36.92015,46.54699,39.66454,3.42,1.12672
3/11/2020,21:00:00,0.384341,7.825,303.7,3.8,5.7,6.24576,36.76879,46.34549,34.6254,4.528,1.25928
3/11/2020,22:00:00,0.367259,11.025,303.2,4,5.7,8.56748,48.67415,61.81077,22.70109,6.179,1.12672
3/11/2020,23:00:00,0.455514,12.575,303,4,5.7,13.11282,51.98133,72.08738,16.51442,8.019,1.12672
3/11/2020,24:00:00,0.210676,12.475,306.9,3.2,5.3,5.29745,47.13931,55.26195,17.06324,8.113,0.99417
4/11/2020,1:00:00,0.143062,10.825,271.1,3,4,4.14278,43.75952,50.1117,17.02997,6.981,1.23712
4/11/2020,2:00:00,0.13734,11.125,282.1,3.1,4.1,2.44206,39.71705,43.46149,17.89478,7.217,0.97203
4/11/2020,3:00:00,0.105865,9.975,290.7,2.7,4,1.53719,24.8988,27.2558,35.67314,6.297,0.86157
4/11/2020,4:00:00,0.085836,10.15,291.6,2.8,3.9,0.71954,16.52987,17.63314,42.05938,6.415,0.7953
4/11/2020,5:00:00,0.097282,11.45,288.2,2.8,3.8,1.50449,23.48792,25.79476,32.82927,7.406,0.92784
4/11/2020,6:00:00,0.088698,9.925,291.9,3.2,4.3,2.68191,22.99245,27.10465,39.21551,5.354,0.86157
4/11/2020,7:00:00,0.082976,10.975,296.5,3.5,4.8,5.13487,32.834,40.70736,33.17851,5.495,1.12667
4/11/2020,8:00:00,0.323319,12.2,298.3,3.8,6.3,15.8625,48.93094,73.2531,18.46023,6.392,1.32549
4/11/2020,9:00:00,0.200287,14.1,308.5,3.8,7,21.48796,54.46224,87.40999,17.26281,7.217,1.52432
4/11/2020,10:00:00,0.148784,12.4,323.7,4.3,8.5,13.93283,33.90392,55.2673,37.12002,6.132,1.19294
4/11/2020,11:00:00,0.120172,13.35,324.8,3.8,9.4,8.86338,23.28813,36.87845,45.95099,6.061,1.45804
4/11/2020,12:00:00,0.065809,13.775,327.7,4,9.9,7.29348,17.88631,29.06949,51.48906,4.623,3.9102
4/11/2020,13:00:00,0.082976,11.55,322.4,3.9,10,7.12995,18.792,29.72444,48.24605,4.009,1.92196
4/11/2020,14:00:00,0.085836,12.175,320,3.8,9.7,6.67206,21.81158,32.04193,45.05293,4.08,1.19294
4/11/2020,15:00:00,0.077253,12.05,319.7,3.1,9.1,9.87727,27.27536,42.4203,40.343076,4.127,1.39177
4/11/2020,16:00:00,0.171674,13.675,309.9,2.4,7.4,15.24108,44.19078,67.56011,16.803794,4.481,1.59059
4/11/2020,17:00:00,0.263233,18.275,305,2.3,6.1,25.38,57.31111,96.22656,12.672696,6.769,1.59059
4/11/2020,18:00:00,0.391988,20.125,293.2,2.3,5.1,32.50995,62.7523,112.60019,8.65136,9.741,1.78941
4/11/2020,19:00:00,0.363376,23.125,289.7,2.3,4.6,37.12152,65.0017,121.92057,4.350628,13.585,1.65686
4/11/2020,20:00:00,0.397711,37.75,295,2.4,4.2,43.23757,61.71991,128.01659,3.771876,28.632,1.98824
4/11/2020,21:00:00,0.62947,44.975,292.9,2.4,4.5,68.19239,64.46603,169.02624,2.554496,36.038,1.98824
4/11/2020,22:00:00,0.452074,43.075,295.6,3.1,4.7,36.53281,57.69237,113.70856,4.292852,35.071,1.72314
4/11/2020,23:00:00,0.389127,41.775,292.1,2.5,4.8,41.76579,57.42715,121.46714,3.771876,34.316,1.45804
4/11/2020,24:00:00,0.211731,22.5,286.8,2.1,5.2,13.04977,50.5232,70.53256,12.273558,18.302,1.25922
5/11/2020,1:00:00,0.180197,15.8,261.7,2.5,4.6,3.75098,34.75833,40.50976,40.319526,12.382,1.23707
5/11/2020,2:00:00,0.107352,9.25,271,2.5,4.3,0.91594,18.14507,19.54949,45.448676,6.132,1.06034
5/11/2020,3:00:00,0.074763,5.4,276.4,2.1,4.1,0.65424,14.8682,15.87136,54.096776,3.184,0.72899
5/11/2020,4:00:00,0.060386,6.675,252.6,2.4,3.5,0.65424,14.31397,15.31712,44.01184,3.42,0.79526
5/11/2020,5:00:00,0.063261,7.975,268.8,2.7,4.1,1.0795,17.54158,19.19679,56.614684,3.939,1.19288
5/11/2020,6:00:00,0.063261,9.725,271.9,2.8,4.8,11.1221,49.20298,66.25663,38.25737,4.599,1.3917
5/11/2020,7:00:00,0.074763,11.1,271.8,2.7,5,13.77178,49.37256,70.48899,27.94978,5.024,1.12661
5/11/2020,8:00:00,0.276047,13.675,269.1,2.6,5.1,7.91632,38.29747,50.43565,44.977488,6.344,0.72899
5/11/2020,9:00:00,0.46583,16.05,271,3.1,6.7,12.59414,42.20967,61.52042,38.514916,7.453,0.99407
5/11/2020,10:00:00,0.250168,19.55,275.7,3.1,7.8,9.2248,35.18268,49.32718,56.428416,8.042,1.32543
5/11/2020,11:00:00,0.115019,17.35,273.3,3.3,8.7,5.56105,20.24316,28.76999,49.443466,7.925,1.12661
5/11/2020,12:00:00,0.14665,18.6,268.8,3.4,8.8,7.00038,24.13284,34.86661,55.182304,8.868,1.59051
5/11/2020,13:00:00,0.181157,15.25,279.9,3.3,8.8,7.13123,25.39338,36.32778,52.230964,7.925,0.99407
5/11/2020,14:00:00,0.132273,10.3,286.2,3.2,8.8,5.29935,27.19451,35.32007,43.292022,6.297,0.99407
5/11/2020,15:00:00,0.149525,10.15,279.6,2.9,8.5,7.13123,33.50541,44.43981,37.59899,5,1.3917
5/11/2020,16:00:00,0.189782,9.15,279.1,2.7,8.5,9.09395,36.18948,50.13334,41.241142,5.896,1.06034
5/11/2020,17:00:00,0.198409,11.775,275.9,2.8,8.5,7.94903,32.04992,44.23827,45.062908,8.915,0.99407
5/11/2020,18:00:00,0.316304,19.525,277,2.8,8.6,7.22937,33.90917,44.99405,58.509634,16.274,1.32543
5/11/2020,19:00:00,0.514713,62.825,291.8,2.9,8.7,10.07531,43.0487,58.4973,39.538144,55.496,1.25916
5/11/2020,20:00:00,0.365187,51.8,305,2.7,8.7,6.73868,32.59575,42.92825,27.484116,45.448,1.32543
5/11/2020,21:00:00,0.330682,70.875,310.5,2.1,8.7,4.8741,30.06352,37.53703,26.376502,62.406,1.59051
5/11/2020,22:00:00,0.419822,54.375,328.3,2,8.6,5.72461,28.75941,37.53703,21.497016,48.066,1.45797
5/11/2020,23:00:00,0.451452,64.25,349.8,1.4,8.5,4.41613,24.51795,31.28925,25.661144,58.09,1.3917
5/11/2020,24:00:00,0.339308,78.3,4,0.3,8.4,2.4534,23.44621,27.20805,44.69111,70.213,1.32543
6/11/2020,1:00:00,0.132928,76.025,283.3,1.2,5.4,1.57046,26.07922,28.48723,67.704124,68.397,0.53014
6/11/2020,2:00:00,0.176275,98.35,334.1,0.4,4.5,3.18455,34.55578,39.43868,36.940408,88.585,0.88358
6/11/2020,3:00:00,0.23985,116.775,279.7,0.8,4.9,4.44964,28.80315,35.62583,61.916594,105.071,0.86149
6/11/2020,4:00:00,0.167606,85.05,289.8,0.8,4.7,1.89764,22.53735,25.44702,70.577932,77.76,0.33134
6/11/2020,5:00:00,0.271637,108.075,334.8,0.7,4.9,11.22225,36.30712,53.51433,37.549098,97.783,1.19283
6/11/2020,6:00:00,0.343881,104.8,9.7,0.5,4.7,24.60389,39.2707,76.99614,40.901876,96.25,1.39163
6/11/2020,7:00:00,0.387227,109.55,160.7,0.8,5,23.13158,36.4892,71.95712,17.755078,98.68,1.98804
6/11/2020,8:00:00,0.317873,87.65,176,0.9,4.8,26.6324,37.87363,78.7094,17.542204,80.378,1.4579
6/11/2020,9:00:00,0.286086,76.575,159,0.8,4.5,37.3966,42.43183,99.77248,14.279234,67.665,1.78924
6/11/2020,10:00:00,0.245629,73.25,149.5,0.6,4.3,36.44778,45.14642,101.03223,14.279234,62.406,2.05431
6/11/2020,11:00:00,0.340991,85.625,143.6,1,4.3,43.22039,45.4446,111.71494,15.90573,69.859,3.04834
6/11/2020,12:00:00,0.393007,103.25,156,1.1,4.5,44.79085,44.95142,113.62977,11.255748,86.415,5.76533
6/11/2020,13:00:00,0.283196,73.1,147,1.4,4.5,40.89742,42.95963,105.66813,18.340484,55.92,6.16294
6/11/2020,14:00:00,0.138709,55.8,148,1.8,4.3,27.74481,38.58668,81.12813,9.21784,42.83,4.24116
6/11/2020,15:00:00,0.106921,47.15,143.9,2.1,3.9,23.52419,40.01919,76.08911,3.190526,38.255,3.64475
6/11/2020,16:00:00,0.060685,39.575,135.7,1.7,3.9,15.70461,46.97004,71.0501,5.069078,31.156,2.12058
6/11/2020,17:00:00,0.161826,46.575,140.4,2.1,4.1,34.51742,56.82375,109.74973,9.150086,36.981,1.78924
6/11/2020,18:00:00,0.47681,59.825,142.7,2.5,4.1,85.36109,66.44262,197.32779,14.8979,48.113,2.65073
6/11/2020,19:00:00,0.523046,81.225,141.7,2.5,4.1,85.85186,65.33738,196.97506,14.838028,69.623,2.98207
6/11/2020,20:00:00,0.421904,73.225,139.9,2.4,4.3,35.33537,51.94149,106.12164,15.90573,63.609,1.6567
6/11/2020,21:00:00,0.288975,63.025,158.4,1.7,4.5,15.21384,47.11786,70.44542,14.502088,54.128,1.19283
6/11/2020,22:00:00,0.265858,66.8,150.8,2.2,4.4,7.91774,43.94386,56.08423,30.514984,56.934,1.12656
6/11/2020,23:00:00,0.234071,69.825,138.4,2.1,4.6,7.95046,42.63394,54.82447,21.995042,61.698,1.06029
6/11/2020,24:00:00,0.11559,46.275,119.2,1.4,4.7,2.58472,34.53489,38.49807,13.959024,41.863,1.19283
7/11/2020,1:00:00,0.066792,45.15,39.7,0.2,3.8,5.89029,41.29617,50.32782,16.798206,39.882,0.79518
7/11/2020,2:00:00,0.104545,40.275,132.5,0.6,4.2,5.93392,43.04349,52.14204,4.749768,35.118,0.53012
7/11/2020,3:00:00,0.107449,39.525,173.2,1.1,4.5,4.09048,40.59539,46.86736,25.363354,34.245,1.12651
7/11/2020,4:00:00,0.107449,39.175,31.6,0.4,4.2,6.11935,42.77596,52.15884,12.87466,34.269,1.59036
7/11/2020,5:00:00,0.090024,39.525,85.2,0.7,4.1,8.76998,43.24727,56.69439,39.221794,33.703,2.25301
7/11/2020,6:00:00,0.075504,36.225,122.6,1.1,3.9,3.95958,37.77239,43.84366,6.59579,31.179,2.05422
7/11/2020,7:00:00,0.078409,37.325,135.7,1.1,3.7,13.44949,42.22032,62.84258,5.288606,31.321,3.37951
7/11/2020,8:00:00,0.159721,36.625,149.9,1.2,3.4,20.15787,42.26526,73.17356,4.976678,32.028,3.51204
7/11/2020,9:00:00,0.092929,37.8,102,0.9,3.2,20.25604,37.78076,68.83959,28.355208,32.429,2.31927
7/11/2020,10:00:00,0.063889,35,94.6,1.4,3.3,15.60926,32.30697,56.24083,28.315294,30.307,3.04819
7/11/2020,11:00:00,0.066792,38.45,127.3,1.1,3.3,16.00194,31.40249,55.93846,6.146758,32.972,2.98192
7/11/2020,12:00:00,0.066792,40.525,98.4,1.3,3.1,15.70743,32.00526,56.08965,28.315294,33.821,2.51807
7/11/2020,13:00:00,0.107449,42.175,95,1.3,3.1,14.85661,32.55391,55.33372,28.315294,35.283,2.51807
7/11/2020,14:00:00,0.078409,40.9,77.4,1.6,3,13.02408,32.59203,52.562,45.102324,33.585,1.92168
7/11/2020,15:00:00,0.10164,38.4,98.4,1.1,3,13.94034,35.36989,56.74478,28.315294,31.51,1.92168
7/11/2020,16:00:00,0.107449,34.2,94.5,1.2,3.4,12.92591,37.17732,56.99676,28.315294,28.774,1.25903
7/11/2020,17:00:00,0.182953,41.025,100,1.3,3.8,24.08472,44.71052,81.63992,21.077288,34.552,0.59639
7/11/2020,18:00:00,0.185858,43.3,91.1,1.7,4.1,39.07223,46.92751,106.83742,15.559176,37.194,0.72891
7/11/2020,19:00:00,0.200377,55.975,109.3,1.9,4.4,37.50148,49.78951,107.29098,15.419476,48.373,1.06024
7/11/2020,20:00:00,0.322346,71.675,106,1.6,4.6,43.03181,51.28801,117.26919,17.814316,63.915,1.3253
7/11/2020,21:00:00,0.56338,114.925,104.4,1.7,4.7,48.16945,46.23253,120.09131,11.255748,101.84,1.45783
7/11/2020,22:00:00,0.360099,73.125,106.6,1.8,5.1,26.44084,38.22535,78.7674,16.05441,59.929,1.72289
7/11/2020,23:00:00,0.223609,51.15,110.4,1.8,5.4,10.37345,31.81835,47.72408,13.247758,43.491,0.79518
7/11/2020,24:00:00,0.185858,38.525,131.9,2,5.6,5.30126,31.73397,39.86245,10.9069,35.165,0.53012
8/11/2020,1:00:00,0.151751,37.425,85.7,0.5,5.7,3.49117,31.60687,36.95991,58.658612,34.505,1.41358
8/11/2020,2:00:00,0.136187,34.925,75.8,1.5,6,3.70936,30.9363,36.62391,38.903776,32.288,1.50193
8/11/2020,3:00:00,0.137159,29.525,111.5,1.3,6.3,4.5167,30.16881,37.09431,17.602076,27.099,1.25897
8/11/2020,4:00:00,0.140078,26.325,112.6,2.2,6.3,3.82937,28.2491,34.12072,40.25327,24.34,0.92766
8/11/2020,5:00:00,0.113813,25.375,105.2,2,5.9,3.82937,28.1987,34.07032,40.25327,23.302,0.99393
8/11/2020,6:00:00,0.058366,24.225,99.8,2,5.8,6.21864,27.4584,36.99351,16.364742,22.217,1.25897
8/11/2020,7:00:00,0.067121,22.625,101.4,2.2,6.1,9.85163,29.64947,44.7551,11.036224,20.755,0.46383
8/11/2020,8:00:00,0.081712,23.15,109.2,2.2,6.6,12.37182,29.61563,48.58549,9.38977,21.156,0.72888
8/11/2020,9:00:00,0.087549,22.85,142.6,1.5,6.9,13.61555,27.6582,48.53509,10.397596,20.519,0.79514
8/11/2020,10:00:00,0.178015,24.725,128,2.2,7.2,14.46652,27.1094,49.29108,10.746846,22.193,0.99393
8/11/2020,11:00:00,0.262646,27.2,128.6,2.1,7.5,15.25203,25.85456,49.24068,11.704782,24.788,1.12645
8/11/2020,12:00:00,0.233463,33.875,123,2,7.9,21.33975,26.90256,59.62306,10.277856,29.906,1.12645
8/11/2020,13:00:00,0.227626,37.85,141,2.2,8.1,24.21997,27.62709,64.76385,4.640004,33.844,0.8614
8/11/2020,14:00:00,0.201361,44.55,148.6,2.2,8.2,23.30353,30.09066,65.82225,3.113294,40.047,1.12645
8/11/2020,15:00:00,0.169261,45.95,146.1,1.8,8.2,27.16564,32.33363,73.98703,2.484648,40.661,1.25897
8/11/2020,16:00:00,0.20428,55.5,139.7,1.7,8.2,37.96643,34.219,92.43338,8.082388,48.703,1.3915
8/11/2020,17:00:00,0.297665,56.475,145.3,1.3,8.2,46.01793,35.0279,105.58775,12.65254,50.849,1.85533
8/11/2020,18:00:00,0.271401,48.275,132.3,1.2,8.3,45.95247,35.32988,105.78935,5.418128,44.128,1.59028
8/11/2020,19:00:00,0.294746,50.125,158.7,1.7,8.4,53.57849,36.43838,118.59092,13.967306,45.448,1.52402
8/11/2020,20:00:00,0.300582,47.875,142.5,1.9,8.5,46.93437,36.14272,108.10775,12.492884,41.651,1.65654
8/11/2020,21:00:00,0.297665,42.175,134.4,1.5,8.5,33.1879,35.0948,85.9822,3.681868,37.146,1.32524
8/11/2020,22:00:00,0.344358,53.775,145.5,1.8,8.6,36.06811,29.26734,84.571,4.250942,48.727,1.78907
8/11/2020,23:00:00,0.361867,55,154.9,2,8.7,41.40305,27.9416,91.42539,14.926438,48.703,1.78907
8/11/2020,24:00:00,0.361867,53.8,178.9,1.4,8.5,47.58896,28.99024,101.95896,9.39825,47.571,1.78907
9/11/2020,1:00:00,0.434016,54.7,240.2,1.6,9,42.29434,27.22226,92.07268,4.749768,47.595,0.53007
9/11/2020,2:00:00,0.439881,49.425,249,1.3,9,44.52036,25.82527,94.08887,5.059102,43.915,1.14848
9/11/2020,3:00:00,0.46041,56.225,249.5,1.3,8.8,60.42984,29.72495,122.38274,4.008034,48.703,1.19265
9/11/2020,4:00:00,0.469208,54.975,217,1,8.8,46.84458,27.82284,99.6502,14.029774,47.901,1.1264
9/11/2020,5:00:00,0.448679,47.15,211.3,1.6,8.6,42.91632,27.24307,93.04717,9.569384,42.217,0.7951
9/11/2020,6:00:00,0.419354,45.025,194.8,1.5,8.4,48.5141,29.74898,104.13622,11.664868,40.613,1.06014
9/11/2020,7:00:00,0.434016,42.825,181.8,1.4,8.2,62.91774,32.46283,128.93536,5.261864,38.444,1.19265
9/11/2020,8:00:00,0.434016,40.65,170.4,1.4,8.3,70.25051,33.61899,141.33493,10.893928,35.991,1.65646
9/11/2020,9:00:00,0.381231,34.275,181.1,1.5,8.5,62.29577,35.3823,130.90114,6.32637,30.425,1.5902
9/11/2020,10:00:00,0.372433,38.1,178.2,2,8.7,70.83975,39.1673,147.78674,3.439988,33.703,1.39143
9/11/2020,11:00:00,0.384163,43.65,177.3,2.4,9,76.24111,41.52073,158.42214,9.748994,34.175,1.98776
9/11/2020,12:00:00,0.234604,32.55,170.8,2.3,8.9,55.38856,47.18291,132.11086,6.19665,23.137,1.9215
9/11/2020,13:00:00,0.120234,31.65,151.4,2.3,8.9,37.22033,48.7292,105.79958,4.984362,19.434,2.58408
9/11/2020,14:00:00,0.055719,31.725,133.1,2.2,8.9,15.22203,40.82512,64.16525,12.37334,20.613,1.78898
9/11/2020,15:00:00,0.061584,33.475,121.8,2.5,8.9,10.96641,38.88232,55.69725,10.22796,21.156,1.45769
9/11/2020,16:00:00,0.070381,26.075,126.8,2.2,9,9.91887,39.53083,54.73956,9.08044,18.609,1.19265
9/11/2020,17:00:00,0.085044,33.85,123.4,1.9,9.2,9.78793,43.36075,58.3687,5.58796,26.722,0.7951
9/11/2020,18:00:00,0.123167,33.725,137,2.3,9.4,13.2579,43.68554,64.01404,3.24301,26.958,0.59633
9/11/2020,19:00:00,0.196481,31.1,145.4,2.5,9.4,23.73328,45.26518,81.6557,1.59656,25.33,0.7951
9/11/2020,20:00:00,0.140762,35.2,141.2,2.4,9.2,17.48079,41.14211,67.94561,2.54452,29.104,1.06014
9/11/2020,21:00:00,0.18475,46.6,150.5,2.5,9.2,13.68346,36.02676,57.00778,2.34495,34.646,0.7951
9/11/2020,22:00:00,0.076246,43.4,154.1,2.5,9.2,6.18702,28.77058,38.25721,3.44258,33.09,1.1264
9/11/2020,23:00:00,0.076246,35.15,138.6,2.3,9.3,6.54711,24.89173,34.93049,4.24086,28.514,0.7951
9/11/2020,24:00:00,0.064516,22.8,167,2.8,9.1,8.21663,26.76746,39.36611,2.49463,19.906,0.59633
10/11/2020,1:00:00,0.103139,27.575,142.4,2,10.1,6.50463,27.93441,37.90804,3.39269,21.84,0.88341
10/11/2020,2:00:00,0.103139,27.225,158.7,2.1,10.3,6.85387,29.68415,40.19327,3.72531,21.297,0.88341
10/11/2020,3:00:00,0.088405,26.7,173.2,2,10.2,3.50333,26.03349,31.4052,6.78538,20.283,0.53004
10/11/2020,4:00:00,0.08251,26.475,162.4,2.2,10.2,4.48558,27.80403,34.68182,5.28861,19.528,0.79506
10/11/2020,5:00:00,0.070724,25.05,160,2,10.1,4.1909,28.65914,35.0851,6.6357,18.962,0.86132
10/11/2020,6:00:00,0.076617,26.925,161.2,2.4,10.1,6.97393,32.2558,42.949,4.29076,20.236,1.25885
10/11/2020,7:00:00,0.12082,31.35,183,2.2,10,19.77583,38.28499,68.6075,1.19742,22.524,1.65638
10/11/2020,8:00:00,0.129659,25.3,173.6,2.2,9.8,23.93399,39.36985,76.06812,1.29721,21.156,1.1926
10/11/2020,9:00:00,0.21217,29.975,179.5,2.3,9.4,47.60604,44.10664,117.10156,1.94581,23.538,1.25885
10/11/2020,10:00:00,0.200383,43.025,194.7,2.7,9.2,46.16542,43.3414,114.12739,3.84172,26.863,1.78889
10/11/2020,11:00:00,0.159128,35.875,189.9,2.8,9.5,37.19427,46.10768,103.13809,9.52947,21.344,2.71647
10/11/2020,12:00:00,0.097244,28.875,191,2.9,9.4,19.51389,40.75341,70.67429,16.06539,15.943,3.114
10/11/2020,13:00:00,0.097244,22.525,196,2.9,9.3,16.0433,45.16753,69.76692,11.37549,14.693,3.64404
10/11/2020,14:00:00,0.085457,16.1,196.8,2.8,9.3,12.04885,43.83165,62.3063,17.01334,9.953,3.77655
10/11/2020,15:00:00,0.076617,16.175,198,2.7,9.2,11.91788,47.91401,66.18784,13.77033,8.396,2.31894
10/11/2020,16:00:00,0.117872,18,203.5,2.7,9.5,17.32022,52.78745,79.34475,7.9828,9.151,1.65638
10/11/2020,17:00:00,0.162074,19.275,188.9,2.8,9.6,30.51502,59.17199,105.96103,3.3428,12.5,1.39136
10/11/2020,18:00:00,0.229851,30.7,189.5,2.6,9.6,39.12601,61.39399,121.38637,1.79613,23.16,1.72264
10/11/2020,19:00:00,0.162074,20.3,200.1,2,9.2,25.37461,56.56864,95.47583,3.84172,13.467,1.45762
10/11/2020,20:00:00,0.132606,14.1,161.3,2.6,7.9,9.75695,40.64137,55.60181,12.07399,8.538,1.78889
10/11/2020,21:00:00,0.094298,9.5,201.2,3.1,8.4,5.17315,34.26081,42.19286,21.3041,5.33,1.45762
10/11/2020,22:00:00,0.129659,7.35,204.5,3,9.1,3.79801,29.71526,35.53879,28.38883,4.009,1.12634
10/11/2020,23:00:00,0.08251,6.9,171.9,2.5,7.4,3.86349,33.79885,39.72278,24.14797,3.962,1.06009
10/11/2020,24:00:00,0.08251,13.1,186.2,2.6,6.7,3.20866,30.82055,35.74042,18.31055,9.788,0.66255
11/11/2020,1:00:00,0.098702,12.775,186.4,2.5,6.7,2.53246,28.65111,32.53415,20.55571,9.316,0.26501
11/11/2020,2:00:00,0.118443,15.825,175.3,3.1,6.6,1.52821,24.00676,26.34998,21.02137,11.58,0.61835
11/11/2020,3:00:00,0.133249,24,184.2,3.7,6.7,3.99517,32.6429,38.76875,10.677,14.623,1.59005
11/11/2020,4:00:00,0.139171,24.775,193.7,4.5,7.7,7.23716,37.55317,48.64999,3.24301,14.646,3.44511
11/11/2020,5:00:00,0.124365,16.9,194.7,4.4,7.8,3.07825,30.77189,35.4918,11.27571,12.925,2.18632
11/11/2020,6:00:00,0.079949,17.725,184.8,4.1,7.9,4.38814,32.34285,39.07123,11.42538,13.302,2.38508
11/11/2020,7:00:00,0.094754,17.4,191.7,4.6,8.3,7.72836,35.64046,47.49045,9.18022,11.557,2.51758
11/11/2020,8:00:00,0.103637,15.475,193.9,5.4,8.6,17.51981,44.62442,71.48775,5.78753,9.906,3.24636
11/11/2020,9:00:00,0.100677,13.675,194,5.4,8.5,14.11409,42.0322,63.67351,12.77248,8.609,4.77016
11/11/2020,10:00:00,0.091794,19.425,189.7,5.4,8.7,20.59806,44.44181,76.02506,10.37764,11.958,7.08898
11/11/2020,11:00:00,0.106599,22.675,185.2,5.6,9.3,15.48948,39.41916,63.16936,16.21506,12.901,6.0952
11/11/2020,12:00:00,0.094754,19.15,180,4.9,10,13.9831,39.6115,61.05195,17.21291,11.179,5.43268
11/11/2020,13:00:00,0.068105,19.6,183.1,5.2,10.3,12.90244,41.47015,61.25361,18.31055,9.245,5.63143
11/11/2020,14:00:00,0.053299,18.625,179.5,5,10.7,13.95035,46.66932,68.05957,14.91786,7.925,8.34777
11/11/2020,15:00:00,0.08291,20.1,179.1,4.8,10.6,12.34574,46.05442,64.98428,16.51442,7.618,5.69768
11/11/2020,16:00:00,0.118443,15.925,187.8,5.4,10.5,9.071,46.94162,60.8503,17.3127,6.792,3.77637
11/11/2020,17:00:00,0.088832,16,182.8,5.9,10.5,8.41606,45.72762,58.63206,18.51012,6.722,2.9151
11/11/2020,18:00:00,0.08291,13.325,180.2,6,10.5,10.24991,47.35223,63.06853,15.71614,7.264,6.16145
11/11/2020,19:00:00,0.065144,13.775,180.6,6.7,10.7,4.68287,33.65545,40.83574,28.13937,6.344,5.43268
11/11/2020,20:00:00,0.076987,13.4,176.6,7,10.7,4.19166,28.61096,35.03807,31.43228,6.722,4.10763
11/11/2020,21:00:00,0.071066,12.45,176.9,7,10.8,3.30748,27.64761,32.71901,30.18496,6.981,4.24014
11/11/2020,22:00:00,0.08291,11.25,179.6,7.2,10.9,3.20924,25.8825,30.80326,30.18496,6.769,4.37264
11/11/2020,23:00:00,0.085871,11.225,181.7,7,11,2.68528,22.80397,26.92134,30.93335,7.123,5.16767
11/11/2020,24:00:00,0.085871,9.025,200.4,5.6,11.4,2.45605,20.5339,24.29979,32.08088,6.226,4.17389
12/11/2020,1:00:00,0.104137,4.6,182.9,5.2,10.6,0.69874,10.02088,11.09226,47.76375,3.042,3.00329
12/11/2020,2:00:00,0.062483,2.425,211.7,3.7,9.7,0.39304,5.17877,5.78142,69.98255,1.25,2.2083
12/11/2020,3:00:00,0.059507,3.475,229.2,3.5,9.2,0.36029,5.69957,6.252,67.25509,1.816,1.85497
12/11/2020,4:00:00,0.062483,3.575,244.2,3.8,9.7,0.45855,6.40604,7.10913,63.11401,2.217,1.32498
12/11/2020,5:00:00,0.077359,3.575,267.2,3.6,9.5,1.0481,11.80448,13.41155,57.62584,2.406,1.19248
12/11/2020,6:00:00,0.056531,4.725,282.2,4.7,9.2,0.94984,9.33334,10.78974,70.64778,2.217,1.12623
12/11/2020,7:00:00,0.062483,5.8,277.2,4.1,8.3,1.63766,16.44664,18.95768,70.24864,2.335,0.92749
12/11/2020,8:00:00,0.238027,5.675,264.3,3.1,7.5,5.56804,32.35256,40.89011,63.01423,2.241,0.99373
12/11/2020,9:00:00,0.279682,11.4,261.9,3.8,8,6.84542,34.22582,44.72198,57.37638,4.198,0.79499
12/11/2020,10:00:00,0.22315,9.775,258.5,4.5,9.4,6.12485,27.11232,36.50362,54.88175,3.467,0.99373
12/11/2020,11:00:00,0.258854,9.625,260.1,5.1,10,7.27121,22.73279,33.88181,54.23315,3.396,1.12623
12/11/2020,12:00:00,0.243977,9.775,257.6,5.1,9.8,7.59874,28.98677,40.63801,46.99874,3.443,0.92749
12/11/2020,13:00:00,0.226125,10.975,252.8,4.8,10,7.7625,24.80296,36.7053,48.99444,3.75,1.45748
12/11/2020,14:00:00,0.22315,10.725,243.1,4.4,9.9,6.7144,23.18319,33.47846,52.88605,3.632,0.86124
12/11/2020,15:00:00,0.157693,15.375,235.4,3.8,9.3,5.86282,29.83338,38.82291,46.44992,4.976,0.72874
12/11/2020,16:00:00,0.136866,17.85,220,3.5,8.3,6.91092,38.56228,49.15888,36.82067,5.519,0.92749
12/11/2020,17:00:00,0.142816,14.375,201.1,3.2,7.9,9.17089,44.27337,58.33521,29.13722,5.613,0.86124
12/11/2020,18:00:00,0.154718,11.65,191.4,3.2,7.4,7.56599,44.76783,56.36885,26.29335,5.283,0.92749
12/11/2020,19:00:00,0.154718,11.8,187,3.3,7.4,6.6489,39.82118,50.01601,33.12862,5.613,0.99373
12/11/2020,20:00:00,0.136866,10.975,190.4,3.9,7.5,3.93038,33.25018,39.27669,37.51916,6.25,0.79499
12/11/2020,21:00:00,0.157693,16.55,187.6,4.5,7.8,3.01329,29.21108,33.83139,36.82067,8.915,0.99373
12/11/2020,22:00:00,0.142816,12.75,180.6,4.5,8.3,1.96519,27.94424,30.95749,37.66884,6.981,1.05998
12/11/2020,23:00:00,0.113062,14.025,182.1,3.9,8.2,2.32548,31.62704,35.19272,33.17851,7.429,2.25247
12/11/2020,24:00:00,0.101161,11.05,203.8,4.6,7.8,1.0481,15.58594,17.193,51.8882,6.344,1.25873
13/11/2020,1:00:00,0.101646,9.975,193.3,5,8.8,0.48047,10.89449,11.63119,57.47616,5.708,1.23659
13/11/2020,2:00:00,0.083708,10.9,192.7,5.5,8.7,0.8299,19.56953,20.84202,48.69508,5.802,3.00314
13/11/2020,3:00:00,0.077729,9.475,191.7,5.7,8.7,0.29483,8.62429,9.07636,60.76907,5.165,2.51734
13/11/2020,4:00:00,0.092677,9.875,192.9,5.5,8.8,0.45863,8.62527,9.32849,58.22455,5.425,1.25867
13/11/2020,5:00:00,0.092677,9.175,194.7,6.5,9.5,0.45863,11.49945,12.20267,53.83401,4.976,1.19242
13/11/2020,6:00:00,0.07474,5.4,206.3,6.8,10.1,0.85174,12.71196,14.01794,56.02928,3.231,0.92744
13/11/2020,7:00:00,0.071751,4.725,241.1,5.4,10.3,2.06382,19.17346,22.33794,63.01423,2.382,1.05993
13/11/2020,8:00:00,0.263085,2.525,242.7,4.7,9.6,4.19316,23.87555,30.30497,70.84735,1.297,0.92744
13/11/2020,9:00:00,0.212262,5.875,257.6,3.8,9,7.01044,44.1628,54.91199,44.45422,2.17,0.79495
13/11/2020,10:00:00,0.22422,7.8,260.1,4.8,9.7,9.2053,40.49486,54.60945,43.2568,3.208,1.25867
13/11/2020,11:00:00,0.197313,8.325,255,5.3,10.1,8.28804,30.00118,42.70933,49.74282,3.514,1.39116
13/11/2020,12:00:00,0.188344,11.5,246.6,5.7,10.2,8.94322,24.96264,38.67539,55.53035,4.906,0.92744
13/11/2020,13:00:00,0.191334,15.075,239.3,5.5,10.4,6.48629,22.17473,32.12024,55.33078,5.896,1.05993
13/11/2020,14:00:00,0.197313,15.325,233.3,4.7,10.2,6.02767,21.81904,31.06133,54.68218,5.755,0.92744
13/11/2020,15:00:00,0.176386,13,225.7,4.3,9.4,5.27421,25.24341,33.33042,50.19186,5.189,0.8612
13/11/2020,16:00:00,0.203293,12.2,224.3,4.1,8.2,5.66732,33.16235,41.85212,40.5626,4.929,0.7287
13/11/2020,17:00:00,0.254116,13.875,220.6,4,7.7,7.40355,48.14865,59.5006,25.19571,5.425,1.05993
13/11/2020,18:00:00,0.260095,12.65,215,3.8,7.9,6.3225,47.94054,57.6349,23.84862,5.66,0.33123
13/11/2020,19:00:00,0.230198,14.075,216,3.2,7.1,7.20699,46.38264,57.43321,24.14797,7.311,0.7287
13/11/2020,20:00:00,0.239167,15.75,225.8,3.5,7.6,8.74667,50.57698,63.98836,16.91356,8.821,0.99369
13/11/2020,21:00:00,0.212262,20.4,219.8,3.3,7.2,15.46228,59.34023,83.04872,5.78753,10.731,1.05993
13/11/2020,22:00:00,0.176386,19.775,212.4,3,6.7,4.35696,41.17203,47.8526,20.55571,10.142,1.39116
13/11/2020,23:00:00,0.176386,18.95,216.6,4,7.2,3.80005,39.40388,45.23054,18.51012,10.826,1.65614
13/11/2020,24:00:00,0.14948,16.725,210.7,3.4,6.7,1.96554,35.51033,38.52412,21.10453,8.679,1.78864
14/11/2020,1:00:00,0.116149,16.1,188.5,2.8,6.1,1.13585,27.64175,29.38336,29.27027,8.491,1.5015
14/11/2020,2:00:00,0.128164,13.1,186.5,2.7,5.8,0.78636,17.08322,18.28896,39.64791,7.995,0.97156
14/11/2020,3:00:00,0.147189,16.475,207.2,3.4,7.2,1.11401,18.91738,20.62551,36.22196,10.66,0.99364
14/11/2020,4:00:00,0.135174,19,197.9,3.8,7.2,1.3106,28.44963,30.45918,24.44733,12.571,1.78855
14/11/2020,5:00:00,0.138178,15.2,187.1,3.1,6.8,2.5229,34.20558,38.07398,17.66195,9.623,2.05352
14/11/2020,6:00:00,0.141181,14.425,181.4,3.2,6.5,2.49014,35.06269,38.88084,17.36259,8.656,2.25225
14/11/2020,7:00:00,0.105135,11,175.3,3.5,7.1,1.60548,25.42559,27.8873,29.98539,7.217,1.3911
14/11/2020,8:00:00,0.135174,13.75,162.5,3.7,7.4,3.24373,33.45333,38.42698,22.00259,8.09,1.52358
14/11/2020,9:00:00,0.11715,12.475,166.3,4.2,7.6,2.68672,31.63465,35.75424,27.39098,8.184,0.86115
14/11/2020,10:00:00,0.126162,13.6,167.4,3.6,7.7,4.12838,33.35761,39.68771,28.48862,9.009,1.3911
14/11/2020,11:00:00,0.147189,20.7,176.6,4,8.8,2.75226,27.04598,31.26605,29.38668,12.972,1.05988
14/11/2020,12:00:00,0.168216,22.625,185.1,4.5,10.2,10.0916,41.8139,57.28747,11.77463,17.052,1.32485
14/11/2020,13:00:00,0.201259,20.025,182,4.5,11.3,9.86225,38.03038,53.15228,12.87227,14.811,1.19237
14/11/2020,14:00:00,0.186239,12.775,190.3,4.6,12.1,10.45201,38.28595,54.31215,21.75313,9.363,1.25861
14/11/2020,15:00:00,0.156201,6.9,187,5.5,12.3,4.61986,31.79716,38.88084,35.67314,4.623,2.05352
14/11/2020,16:00:00,0.150193,5.975,183.6,5.3,12.5,2.81778,25.07963,29.40017,44.80347,3.868,1.92103
14/11/2020,17:00:00,0.126162,5.85,179.6,4.6,11.9,1.83484,22.24989,25.06327,48.04648,4.316,1.45734
14/11/2020,18:00:00,0.129166,5.85,192.8,5.8,12.3,2.16249,21.79793,25.1137,47.74712,4.528,1.3911
14/11/2020,19:00:00,0.123158,5.525,203.5,6.3,12.6,2.26078,16.04958,19.51606,53.83401,3.892,0.9274
14/11/2020,20:00:00,0.081104,8.425,222.9,5.3,12.1,1.24507,8.83232,10.7414,66.25724,5.212,1.19237
14/11/2020,21:00:00,0.072093,9.975,215.7,4.5,10.7,1.01571,8.07455,9.63196,63.11401,5.778,1.12612
14/11/2020,22:00:00,0.069088,11.525,206.6,3.3,9.6,1.14677,9.03347,10.79183,58.97294,6.462,0.52994
14/11/2020,23:00:00,0.075097,10.95,195,3.3,8.9,1.17954,9.18495,10.99355,56.27874,5.778,0.9274
14/11/2020,24:00:00,0.075097,10.3,191,4.2,8.8,0.81912,9.58629,10.84226,53.73422,5.684,0.86115
15/11/2020,1:00:00,0.06338,10.875,206.4,5.2,9.2,0.39325,5.38186,5.98483,55.94612,5.684,0.79487
15/11/2020,2:00:00,0.06338,9.375,196.4,5,8.8,0.34956,4.30568,4.84166,54.28304,5.354,1.14815
15/11/2020,3:00:00,0.081489,8.875,194,5.6,8.8,0.52433,5.80289,6.60685,51.63874,5.165,0.92735
15/11/2020,4:00:00,0.081489,11.525,191.3,6.2,8.7,0.29494,7.56677,8.019,48.39573,6.462,1.19231
15/11/2020,5:00:00,0.093562,12.65,190.6,5.6,8.6,0.39325,13.11507,13.71804,41.56045,7.123,0.92735
15/11/2020,6:00:00,0.084507,15.525,180.9,5.2,8.6,0.95035,19.42248,20.87967,34.02669,9.104,2.25214
15/11/2020,7:00:00,0.075453,16.05,180.4,5.6,8.8,1.31083,18.46628,20.4762,37.9183,9.009,2.51709
15/11/2020,8:00:00,0.087526,14.175,182,5.9,9.6,1.67131,19.07354,21.63618,36.42153,8.113,2.1859
15/11/2020,9:00:00,0.084507,10.325,189,5.8,10.3,2.16287,21.64846,24.96482,38.21766,5.259,3.04701
15/11/2020,10:00:00,0.090543,6.725,209.1,5.8,11,2.52335,18.47317,22.34225,44.90325,4.104,3.37821
15/11/2020,11:00:00,0.084507,3.725,231.7,6.4,11.1,1.08144,7.47037,9.12855,75.98628,1.769,2.45086
15/11/2020,12:00:00,0.078472,5.4,235.8,6,10,1.60577,6.71684,9.17898,76.18585,2.618,1.92094
15/11/2020,13:00:00,0.069417,4.525,229.6,6.3,9.5,1.40915,6.91746,9.07812,75.88649,2.217,2.05342
15/11/2020,14:00:00,0.060363,7.825,233.6,5.9,9.3,1.47469,7.0187,9.27985,75.33768,3.774,1.58974
15/11/2020,15:00:00,0.069417,8.25,232.5,4.5,8.2,1.47469,7.57347,9.83463,70.74757,3.939,1.25855
15/11/2020,16:00:00,0.09658,8.625,224.6,4.1,7.1,2.09733,12.3178,15.53367,63.01423,4.104,1.05983
15/11/2020,17:00:00,0.078472,6.125,219.6,3.7,6.5,1.99902,14.3346,17.39972,62.36563,3.302,1.39103
15/11/2020,18:00:00,0.078472,5.575,223.9,3.1,5.8,1.17975,10.79957,12.6085,65.75832,2.901,1.05983
15/11/2020,19:00:00,0.081489,4.3,226.8,3.7,5.7,0.95035,9.63829,11.09548,65.90799,2.642,0.86111
15/11/2020,20:00:00,0.093562,2.725,233.5,4,5.9,1.14698,11.10199,12.86066,62.46541,1.91,0.79487
15/11/2020,21:00:00,0.298794,2.4,253.1,4.3,6.3,3.7031,18.2277,23.90571,52.43702,1.792,0.99359
15/11/2020,22:00:00,0.259558,4.8,249.6,4.7,7,3.146,23.77227,28.59607,56.07917,2.854,0.79487
15/11/2020,23:00:00,0.14487,5.825,269.8,5.3,8.5,1.8024,20.8899,23.65354,62.96434,3.09,0.72863
15/11/2020,24:00:00,0.120725,6.525,278.8,4.7,9,1.60577,15.89582,18.35797,62.5652,3.349,0.79487
16/11/2020,1:00:00,0.081875,5.575,279.6,5.1,9.5,0.69924,8.54486,9.61701,64.32806,3.113,0.44157
16/11/2020,2:00:00,0.106133,3.525,285.4,5.7,9.9,1.17996,17.49202,19.30127,62.93107,2.005,0.70652
16/11/2020,3:00:00,0.094004,5.625,277.1,5.1,9.4,1.08163,15.94468,17.60316,63.56305,2.925,0.66236
16/11/2020,4:00:00,0.094004,5.55,279.4,5.3,9.4,1.21274,18.76999,20.62949,65.00993,2.877,0.66236
16/11/2020,5:00:00,0.081875,4.525,287.1,5.6,10.3,1.44217,17.61116,19.82247,65.05982,2.335,0.92731
16/11/2020,6:00:00,0.090972,3.7,289.3,6.4,10.1,1.73717,18.31895,20.98256,66.40692,1.745,0.66236
16/11/2020,7:00:00,0.075809,4.225,290.4,6.8,9.6,3.376,19.4377,24.61416,60.66928,1.91,0.7286
16/11/2020,8:00:00,0.078842,3.05,287.7,6.3,9,3.67099,19.99416,25.62294,59.62154,1.415,0.79484
16/11/2020,9:00:00,0.078842,11.375,281.1,6.2,8.5,4.81817,24.74179,32.12955,60.76907,4.835,0.66236
16/11/2020,10:00:00,0.078842,15.6,277.9,5.9,8.5,4.32652,22.01536,28.64927,59.32218,7.736,0.86107
16/11/2020,11:00:00,0.087939,15.225,273.1,5.1,8.6,4.52318,24.84103,31.77647,59.07272,7.476,1.39096
16/11/2020,12:00:00,0.097036,22.225,265,4.3,8.6,3.70377,19.38908,25.06811,61.06842,11.84,2.05332
16/11/2020,13:00:00,0.097036,33.175,251.5,3.7,8.5,3.34322,18.73137,23.85758,58.07487,19.41,3.37804
16/11/2020,14:00:00,0.094004,14.875,240,3.2,8,4.16264,25.79736,32.17999,45.2525,6.203,1.32472
16/11/2020,15:00:00,0.118263,13,235.6,3.7,7.6,6.55534,36.45324,46.50462,34.22626,5.377,1.05978
16/11/2020,16:00:00,0.15162,18.6,224.8,3.6,7.6,7.66974,48.76651,60.52662,23.99829,6.745,1.32472
16/11/2020,17:00:00,0.130393,11.225,205.3,4.2,8.5,5.08039,34.52838,42.31819,37.96819,4.788,0.99354
16/11/2020,18:00:00,0.163748,11.725,201.7,4.9,9.1,6.35868,44.11886,53.86869,22.80087,6.226,0.92731
16/11/2020,19:00:00,0.169814,14.925,218.1,5.5,9.9,5.8998,41.6448,50.69104,20.15657,10.896,0.86107
16/11/2020,20:00:00,0.169814,12.725,222.5,5.6,10.5,5.83425,43.91419,52.85992,15.86582,8.703,1.05978
16/11/2020,21:00:00,0.160717,10.675,228.4,6.2,10.9,3.04823,37.79562,42.46951,20.85507,7.972,1.12602
16/11/2020,22:00:00,0.160717,7.7,233.1,6.6,11.3,3.50711,35.83105,41.20854,24.44733,5.59,0.92731
16/11/2020,23:00:00,0.069745,1.475,229.8,6.6,11.4,1.08163,13.27142,14.9299,52.98584,1.038,0.59612
16/11/2020,24:00:00,0.060648,4.95,240.2,6.1,11.7,0.62276,9.13289,10.08777,57.17681,3.844,0.59612
17/11/2020,1:00:00,0.081244,6.3,251.1,6.2,13.1,0.65565,7.46923,8.47455,61.33451,4.741,0.52986
17/11/2020,2:00:00,0.089369,4.15,243.9,5.7,12.8,0.4371,6.52643,7.19664,65.05982,2.429,0.61818
17/11/2020,3:00:00,0.076167,2.675,243.7,6.2,12.7,0.5573,7.0147,7.86922,65.80821,1.651,0.92726
17/11/2020,4:00:00,0.07312,4.35,237.7,6,12.4,0.32783,5.85325,6.35591,66.95574,3.325,1.05973
17/11/2020,5:00:00,0.076167,3.65,244.1,6.2,12.1,0.68843,6.3092,7.36478,66.5566,2.217,0.52986
17/11/2020,6:00:00,0.057886,2.3,244.6,5.7,12,0.42617,6.50955,7.16301,69.05122,1.226,0.7948
17/11/2020,7:00:00,0.067026,2.75,242.3,5.5,12.1,1.508,14.6873,16.99953,60.12046,1.415,1.05973
17/11/2020,8:00:00,0.146239,4.625,241.7,4.8,12.3,3.016,21.95938,26.58384,51.33938,2.217,0.66233
17/11/2020,9:00:00,0.188893,6.725,239.8,4.9,12.4,4.52399,28.12169,35.05839,44.35443,2.736,0.66233
17/11/2020,10:00:00,0.194985,5.975,238,4.8,12.5,4.78625,28.07267,35.41149,44.40433,2.005,1.32466
17/11/2020,11:00:00,0.255918,5.45,237.1,4.7,12.7,4.98295,25.34978,32.99019,46.40003,1.722,1.05973
17/11/2020,12:00:00,0.249825,6.675,238,4.4,12.8,5.14686,22.82848,30.72023,47.2482,2.005,0.86103
17/11/2020,13:00:00,0.252871,7.4,235.3,4.1,13,4.95017,19.14502,26.73517,51.93809,2.524,1.05973
17/11/2020,14:00:00,0.167566,6.925,232,4,13.1,3.80278,19.1388,24.96964,50.591,2.146,0.92726
17/11/2020,15:00:00,0.191939,6.65,231.9,4.1,13.2,3.83556,22.87181,28.75292,46.00089,2.736,1.19219
17/11/2020,16:00:00,0.237639,7.15,237.1,4.8,13.4,3.96669,25.39471,31.47688,42.05938,2.382,0.86103
17/11/2020,17:00:00,0.265058,7.275,240.8,5.5,13.3,5.14686,31.1517,39.04344,35.37378,2.311,0.86103
17/11/2020,18:00:00,0.225452,4.725,239.4,5.7,13.4,3.83556,24.5869,30.46801,42.30884,1.722,0.72856
17/11/2020,19:00:00,0.182799,3.325,230.5,4.9,12.6,2.52426,15.39903,19.2695,51.78842,1.321,1.05973
17/11/2020,20:00:00,0.185846,2.875,235.8,5.2,12.3,2.55704,13.83545,17.75619,52.73637,1.439,1.05973
17/11/2020,21:00:00,0.152332,2.075,232.9,5.9,12.4,1.54078,9.69355,12.05605,57.77552,1.038,0.86103
17/11/2020,22:00:00,0.152332,2.125,223.3,5.9,12,1.47522,8.28077,10.54274,62.5652,0.825,0.66233
17/11/2020,23:00:00,0.140145,2.7,216.8,5.6,11.6,1.24574,5.85823,7.76833,67.00563,0.92,0.66233
17/11/2020,24:00:00,0.152332,3.9,212.9,5.1,10.8,1.47522,6.66657,8.92854,72.14456,1.863,0.7948
18/11/2020,1:00:00,0.070402,5.85,227.2,5,11.6,0.34974,4.37406,4.91033,75.17137,3.679,1.05968
18/11/2020,2:00:00,0.061218,8.525,227.4,5.7,10.6,0.34974,4.23953,4.7758,72.51043,5.377,0.88306
18/11/2020,3:00:00,0.076523,8.75,219.9,5.1,10.3,0.26231,4.39042,4.79262,71.39617,5.283,1.05968
18/11/2020,4:00:00,0.073462,8.625,218.6,5.4,10.3,0.19673,3.53244,3.83409,71.09681,5.542,0.59607
18/11/2020,5:00:00,0.073462,9.5,217.6,5.3,10.3,0.45904,4.99684,5.70069,69.10111,5.825,0.72853
18/11/2020,6:00:00,0.070402,8.55,210.3,5.1,10.2,0.45904,6.81299,7.51684,66.45681,5.189,0.52984
18/11/2020,7:00:00,0.076523,8.925,205.7,5.5,10.3,1.60663,12.72156,15.18503,59.07272,5.118,0.6623
18/11/2020,8:00:00,0.13468,9.45,201.9,5.6,11.2,3.54115,17.57487,23.00456,53.58455,4.481,1.25837
18/11/2020,9:00:00,0.153046,11.05,197.5,5.7,11.9,4.55759,20.15313,27.14134,47.74712,4.481,0.26492
18/11/2020,10:00:00,0.16835,14.875,202.6,5.3,12.2,21.31248,45.97067,78.64935,19.90711,7.571,0.79476
18/11/2020,11:00:00,0.140802,11.875,209.6,6.2,12.7,3.77067,17.77788,23.55949,45.60175,4.741,0.92722
18/11/2020,12:00:00,0.140802,9.575,218.1,6.7,13,4.06577,17.17406,23.40815,43.45637,4.693,0.86099
18/11/2020,13:00:00,0.128558,7.825,222,7.4,13.5,2.5575,12.07076,15.9922,49.99229,2.618,0.72853
18/11/2020,14:00:00,0.189776,5.625,236.8,7,13.7,3.14769,13.03241,17.8588,46.20046,1.958,0.59607
18/11/2020,15:00:00,0.324457,8.075,263.7,6.8,11.8,4.91827,23.78734,31.32858,57.47616,4.953,1.05968
18/11/2020,16:00:00,0.333639,13.075,259.1,5.4,10.1,3.90182,19.59472,25.57744,64.16176,8.726,1.52329
18/11/2020,17:00:00,0.321396,11.325,257.1,5,8.6,4.39365,18.03342,24.77026,64.01208,6.439,1.12591
18/11/2020,18:00:00,0.290787,12.45,252.4,5.5,7.9,4.06577,16.92182,23.1559,63.26369,5.401,1.52329
18/11/2020,19:00:00,0.260178,11.175,244.5,6.7,7.6,3.83625,19.94752,25.82968,58.32433,5.236,1.12591
18/11/2020,20:00:00,0.232629,10.425,252.2,6.8,7.6,3.1149,18.17799,22.95411,57.2267,5.425,1.05968
18/11/2020,21:00:00,0.260178,10.525,248.9,6.8,7.1,3.41,17.87687,23.10545,54.5824,5.071,1.19214
18/11/2020,22:00:00,0.26936,10.25,245.1,7.7,7.1,2.85259,17.52077,21.89469,54.93164,4.976,1.12591
18/11/2020,23:00:00,0.223446,9.7,245.7,8.1,7.2,2.32798,11.36327,14.93278,63.91229,4.717,1.19214
18/11/2020,24:00:00,0.195899,8.425,250.2,7.6,7.4,1.50827,9.44188,11.75452,65.70842,4.623,0.99345
19/11/2020,1:00:00,0.08303,5.375,263.9,5.3,8.2,0.65589,6.59598,7.60166,67.05552,3.373,1.32453
19/11/2020,2:00:00,0.092255,10.25,282.9,5.2,8,0.78706,7.60572,8.81254,68.91817,6.486,1.76604
19/11/2020,3:00:00,0.08303,7.975,300.5,5.4,7.9,0.5575,6.56183,7.41666,71.04692,4.646,0.9934
19/11/2020,4:00:00,0.076879,5.925,315.2,5.1,7.5,0.52471,8.02481,8.82936,69.74972,2.901,1.12585
19/11/2020,5:00:00,0.076879,5.25,330.3,4.5,7.1,0.42633,7.41886,8.07255,67.40477,2.689,1.05962
19/11/2020,6:00:00,0.076879,3.1,349.5,4.7,6.3,0.98383,6.81631,8.32482,65.35918,1.604,0.86095
19/11/2020,7:00:00,0.052278,1.725,344,5,5.7,2.85311,13.43537,17.81007,59.02283,0.684,1.12585
19/11/2020,8:00:00,0.058429,2.875,344.8,5,5,5.87018,18.79904,27.79986,53.83401,1.179,1.52321
19/11/2020,9:00:00,0.086105,4.35,347,5.4,4.8,7.31313,24.60865,35.82196,50.64089,1.91,1.12585
19/11/2020,10:00:00,0.052278,6.925,349.1,5.7,5.5,6.13254,21.52488,30.92797,51.28949,2.783,1.05962
19/11/2020,11:00:00,0.073804,8.25,342.4,5.2,5.9,5.50944,17.13221,25.57991,55.8796,3.16,0.9934
19/11/2020,12:00:00,0.055353,8.575,334.2,5.1,6,4.95194,15.313,22.90587,57.57595,3.349,1.05962
19/11/2020,13:00:00,0.067654,8.75,334.7,4.5,5.9,5.05032,14.65762,22.40134,55.33078,3.231,1.12585
19/11/2020,14:00:00,0.079955,7.525,328.6,3.9,5.6,5.54224,15.97195,24.46993,55.231,3.325,1.39076
19/11/2020,15:00:00,0.073804,7.825,311.3,2.8,4.8,6.85401,21.98269,32.49203,52.98584,2.642,1.19208
19/11/2020,16:00:00,0.104556,5.65,295.9,2.8,3.5,7.77225,29.95909,41.87637,45.85121,2.524,0.39736
19/11/2020,17:00:00,0.485878,28.7,292,2.4,2.6,22.95602,63.03416,98.23289,13.22151,15.755,1.25831
19/11/2020,18:00:00,0.322893,26.675,290.6,2.1,1.8,18.39761,57.66252,85.87179,15.21721,15.495,1.32453
19/11/2020,19:00:00,0.332118,20.5,285.2,1.8,1,18.06966,59.4267,87.13313,12.27356,12.925,1.05962
19/11/2020,20:00:00,0.501253,22.625,273.3,1.7,0.6,20.56203,60.80183,92.32984,7.23441,14.481,1.19208
19/11/2020,21:00:00,0.384397,23.975,260.9,1.8,0.2,11.34683,51.67256,69.07079,13.9699,13.137,1.19208
19/11/2020,22:00:00,0.421298,25.875,249.2,2,0,11.64198,52.93542,70.78621,9.77893,14.811,1.39076
19/11/2020,23:00:00,0.762643,37.95,240.8,1.8,-0.2,16.6923,54.12196,79.71647,9.42968,24.387,1.45698
19/11/2020,24:00:00,0.492028,19.175,225.9,1.7,-0.3,7.67387,47.26412,59.03055,13.62065,12.995,1.39076
20/11/2020,1:00:00,0.152412,17.75,233.2,1.6,1.3,5.0731,56.87531,64.65394,6.51929,12.052,0.70638
20/11/2020,2:00:00,0.230678,19,209.8,2.3,0.9,7.95951,60.25375,72.45817,2.32832,13.043,0.97128
20/11/2020,3:00:00,0.185366,22.525,229.2,2.2,0.8,10.23366,53.13378,68.82517,4.54022,16.132,0.92713
20/11/2020,4:00:00,0.21935,25.575,223.1,2.2,0.8,27.71616,50.90086,93.39837,2.44473,18.609,0.79468
20/11/2020,5:00:00,0.135935,16.975,217.8,2,2.2,8.98725,40.71474,54.495,10.07829,13.043,0.72846
20/11/2020,6:00:00,0.120488,15.675,188.8,1.9,2.8,11.31606,44.91453,62.26558,5.9871,10.189,1.1258
20/11/2020,7:00:00,0.095773,17.775,199.4,2.4,3.7,21.32012,53.03831,85.72871,3.09334,9.009,0.8609
20/11/2020,8:00:00,0.126667,16.9,196.1,2.3,4.6,29.74977,60.34682,105.9625,1.79613,8.302,1.32447
20/11/2020,9:00:00,0.16374,26.475,199.1,2.6,5.5,35.0962,56.79125,110.60466,2.6443,9.882,2.78138
20/11/2020,10:00:00,0.176098,32.225,207.7,2.9,6.6,50.38108,57.57475,134.82466,2.94366,13.066,4.50319
20/11/2020,11:00:00,0.157562,22.875,227,3.4,7.8,35.8178,54.77655,109.69641,8.88087,10.519,2.78138
20/11/2020,12:00:00,0.148293,13.975,226.1,3.7,8.6,40.34423,53.43701,115.29729,8.18237,8.915,1.92048
20/11/2020,13:00:00,0.21935,20.75,233.3,4.8,9,39.72102,58.02557,118.93029,5.08904,10.849,1.78803
20/11/2020,14:00:00,0.191545,11.975,228.7,4.6,9.3,25.81374,47.71239,87.29292,22.35184,5.448,1.25824
20/11/2020,15:00:00,0.194634,10,234.3,4.7,9.9,13.02167,51.28088,71.24717,19.75743,3.774,0.79468
20/11/2020,16:00:00,0.16683,4.15,239.4,4.8,10.4,5.74003,37.46903,46.27029,31.18281,2.476,0.8609
20/11/2020,17:00:00,0.173008,4.825,252,4.9,10.8,6.59284,40.80358,50.91246,23.99829,2.995,0.92713
20/11/2020,18:00:00,0.188456,9.05,253.5,4.6,10.9,8.69205,47.97925,61.30687,15.41678,6.745,0.8609
20/11/2020,19:00:00,0.206992,11.525,249.9,4.3,10.6,8.06885,43.18257,55.55462,19.85722,9.222,0.92713
20/11/2020,20:00:00,0.203903,10.525,249.6,4.4,10.3,4.23122,23.83767,30.32546,40.01379,8.514,0.59601
20/11/2020,21:00:00,0.191545,9.075,247.5,4.6,10.1,3.44402,19.34291,24.62367,48.64519,7.052,0.66223
20/11/2020,22:00:00,0.16065,9.1,246.6,4.6,10,2.55841,17.62286,21.54571,53.93379,5.943,0.92713
20/11/2020,23:00:00,0.135935,9.425,255.2,5.7,9.9,2.39441,15.30095,18.97233,54.5325,6.675,0.79468
20/11/2020,24:00:00,0.064879,9.475,257,6.3,9.9,1.34481,13.32778,15.38979,54.03358,7.406,0.8609
21/11/2020,1:00:00,0.114837,9.325,245.5,4.4,9,1.09354,10.50172,12.17845,56.7444,7.335,1.23611
21/11/2020,2:00:00,0.099318,5.95,254.9,5.6,9.3,0.5249,6.79829,7.60312,61.40104,4.316,0.88294
21/11/2020,3:00:00,0.093112,4.85,247.4,5.4,9.4,0.68893,8.0775,9.13384,61.46756,3.373,0.79464
21/11/2020,4:00:00,0.093112,4.25,242.3,5.3,10.1,0.62332,5.90726,6.863,69.05122,2.288,0.72842
21/11/2020,5:00:00,0.071385,2.625,243.1,5.3,10.4,0.5249,6.46187,7.2667,72.59359,1.344,0.86086
21/11/2020,6:00:00,0.071385,2.875,246.4,5.1,10.4,0.72173,7.52257,8.62921,74.09036,1.462,1.05952
21/11/2020,7:00:00,0.068281,3.275,251.5,5.2,9.5,1.18102,11.00678,12.81765,71.89509,1.675,0.6622
21/11/2020,8:00:00,0.161392,7.275,249.6,5.7,9.4,2.29642,11.92061,15.44174,72.89294,3.703,0.86086
21/11/2020,9:00:00,0.214156,9.5,249.7,6.3,10,2.91974,13.18525,17.66212,70.99703,4.481,0.92708
21/11/2020,10:00:00,0.201741,7.475,253.9,6.2,10.5,3.21499,13.69133,18.62092,68.05337,3.656,0.9933
21/11/2020,11:00:00,0.105525,7.175,258.3,6.3,10.7,2.55887,12.42653,16.35008,67.60434,3.373,1.12574
21/11/2020,12:00:00,0.102422,4.8,262.1,6.6,11.3,2.49326,12.17389,15.99684,65.30928,2.217,0.6622
21/11/2020,13:00:00,0.189326,2.25,266.5,6.2,11.8,3.57586,19.49638,24.97929,53.83401,1.061,0.92708
21/11/2020,14:00:00,0.332096,2.325,277.3,5,11.1,4.65846,20.4605,27.60337,52.18756,1.486,0.72842
21/11/2020,15:00:00,0.232777,2.4,280.1,4.7,10.7,3.31341,18.93999,24.02049,56.12906,1.274,0.79464
21/11/2020,16:00:00,0.186222,7.775,275.6,4.3,9.4,2.65729,19.08815,23.16261,57.12691,4.835,1.19196
21/11/2020,17:00:00,0.167599,11.975,270.8,3.2,8.6,2.59168,25.4462,29.42005,51.2396,7.193,1.3244
21/11/2020,18:00:00,0.235881,18.675,228.1,1.8,7,2.98535,23.53053,28.10801,50.39143,12.241,1.58928
21/11/2020,19:00:00,0.214156,41.2,195.2,2.5,6,2.95255,23.78268,28.30986,48.04648,28.019,2.05282
21/11/2020,20:00:00,0.192429,15.175,197.2,2.6,5.7,3.31341,24.03677,29.11727,45.00304,9.576,2.18526
21/11/2020,21:00:00,0.180014,9.8,208,2.8,5.7,2.32923,22.61897,26.1904,43.40648,6.297,1.6555
21/11/2020,22:00:00,0.148978,8.55,228.1,2.8,5.8,1.37786,13.53091,15.64359,54.08347,5.283,1.45684
21/11/2020,23:00:00,0.3352,12.05,222.4,2,5,3.83831,11.52448,17.40981,55.77982,7.005,1.58928
21/11/2020,24:00:00,0.341406,15.125,176.1,2.7,4.3,3.60867,16.36782,21.90103,53.8839,8.467,1.3244
22/11/2020,1:00:00,0.112246,14.625,274.4,3.8,6.2,1.57497,14.1386,16.55353,57.74225,7.83,0.7946
22/11/2020,2:00:00,0.081067,12.05,279.9,1.8,5.4,0.91873,11.51112,12.91983,57.94182,5.991,1.41263
22/11/2020,3:00:00,0.087303,15.325,156.6,2.4,4.2,0.88592,11.51097,12.86936,58.02498,8.302,1.85408
22/11/2020,4:00:00,0.062359,21,160.6,2.6,3.9,0.62343,9.13771,10.09362,57.67573,11.557,1.52299
22/11/2020,5:00:00,0.065477,16.225,194,2.3,3.2,0.8203,12.62095,13.87872,53.58455,8.09,1.25812
22/11/2020,6:00:00,0.062359,14.975,202.5,2.3,2.7,0.75468,10.1477,11.30485,58.82326,6.745,1.32434
22/11/2020,7:00:00,0.062359,17.5,215.7,2.7,2.8,0.98436,13.42922,14.93855,52.03788,8.538,0.92704
22/11/2020,8:00:00,0.121601,15.775,230.3,2.9,3.1,1.80466,19.89306,22.66016,43.95529,6.533,1.05947
22/11/2020,9:00:00,0.249437,16.6,245.9,2.9,3.7,4.23274,28.23193,34.72203,32.5798,6.627,1.12569
22/11/2020,10:00:00,0.155898,15.525,257.7,3.3,5.9,5.34835,30.05412,38.2548,29.73593,6.887,0.7946
22/11/2020,11:00:00,0.15278,14.25,260.1,3.3,7.4,5.90615,27.53339,36.58935,31.83142,7.241,0.72839
22/11/2020,12:00:00,0.118483,8.725,258,3.6,7.7,3.80619,19.95312,25.78919,45.55185,4.693,0.86082
22/11/2020,13:00:00,0.13719,9.975,261.1,3.6,7.9,4.75773,19.55393,26.84902,46.44992,5.142,1.25812
22/11/2020,14:00:00,0.124718,10.35,267.7,3.1,8,3.90462,18.9947,24.9817,50.74067,5.142,0.99326
22/11/2020,15:00:00,0.112246,12.275,264,2.6,7.1,3.74056,19.95281,25.68825,50.79057,5.731,0.7946
22/11/2020,16:00:00,0.15278,9.875,254.1,2.4,5.5,3.37963,26.10818,31.29021,46.64949,4.835,0.72839
22/11/2020,17:00:00,0.13719,6.925,249,2.5,4.6,2.62496,21.56244,25.58731,50.19186,3.797,0.99326
22/11/2020,18:00:00,0.293089,8.675,275.3,2.7,5.5,5.80771,37.52559,46.43063,29.33679,5.212,0.86082
22/11/2020,19:00:00,0.305561,12.65,242.1,2.3,5.1,5.97177,48.27608,57.43267,15.56646,7.642,0.3973
22/11/2020,20:00:00,0.187078,13.125,241.1,2.4,5.4,4.65929,40.64912,47.79327,21.05464,8.326,0.59595
22/11/2020,21:00:00,0.221375,8.65,243.3,3.1,5.8,3.5765,26.81568,32.29957,37.12002,5.92,0.86082
22/11/2020,22:00:00,0.196432,11.25,247.1,3.7,6,2.7562,31.90902,36.13514,28.28905,8.137,1.12569
22/11/2020,23:00:00,0.177723,14.825,250.6,3.7,5.6,3.5765,35.79899,41.28289,22.15227,10.165,0.3973
22/11/2020,24:00:00,0.193313,13.65,253.3,3.6,4.8,3.31401,33.3248,38.4062,24.19786,10.425,0.59595
23/11/2020,1:00:00,0.125289,13.95,257,2.2,2.8,2.4504,28.14168,31.8989,27.54066,10.731,1.14771
23/11/2020,2:00:00,0.116937,16.6,254.4,2.5,2.9,1.35647,26.45415,28.53404,25.67801,12.359,1.23599
23/11/2020,3:00:00,0.128422,16.675,250.9,2.1,2.5,1.8378,30.79706,33.61498,19.80732,13.75,0.79457
23/11/2020,4:00:00,0.109628,16.85,242,2.6,2.3,1.34553,24.99038,27.0535,24.34754,13.491,0.79457
23/11/2020,5:00:00,0.11276,18.125,246.8,3.1,2.6,3.05206,26.86584,31.54559,21.20431,14.882,0.66214
23/11/2020,6:00:00,0.090834,21.425,254.2,3.4,2.5,3.08487,31.45903,36.1891,15.46668,17.076,0.66214
23/11/2020,7:00:00,0.081438,21.975,258.1,3.1,2.6,8.69672,40.26748,53.60227,8.93076,17.453,0.4635
23/11/2020,8:00:00,0.297561,19.725,210.8,2,1.4,24.58054,51.89984,89.58948,2.94366,14.835,0.79457
23/11/2020,9:00:00,0.175404,16.85,178.6,2.3,1.9,34.03207,56.9912,109.17298,4.44043,12.005,1.39049
23/11/2020,10:00:00,0.187933,14.45,214.3,2.7,3.8,30.75029,57.43016,104.57994,8.08259,7.028,1.52292
23/11/2020,11:00:00,0.219256,13.525,222.1,2.8,5.3,29.47039,49.9542,95.1415,13.57076,7.028,1.19185
23/11/2020,12:00:00,0.216123,14.5,227.1,3.2,6.8,19.13278,48.74512,78.08165,15.21721,7.476,1.12563
23/11/2020,13:00:00,0.175404,9.4,236.6,4,7.6,13.06149,36.85567,56.88301,29.08733,4.717,1.05942
23/11/2020,14:00:00,0.134685,8.25,239,4.8,7.6,10.76424,33.46328,49.96822,34.12647,4.151,1.19185
23/11/2020,15:00:00,0.162876,8.55,234.3,4.8,6.9,8.23727,32.64393,45.27423,36.97034,3.396,1.12563
23/11/2020,16:00:00,0.156612,5.95,222.8,5.2,6.8,5.41494,29.55192,37.85471,38.6168,3.09,0.72835
23/11/2020,17:00:00,0.200462,5.2,217.2,5.8,7.4,5.97284,29.85736,39.01559,35.62325,3.302,1.05942
23/11/2020,18:00:00,0.16914,4.975,217.7,5.8,7.3,3.90532,22.47867,28.46674,42.40863,3.538,0.72835
23/11/2020,19:00:00,0.194198,4.725,215.2,4.5,7.6,4.06941,21.21761,27.45728,44.6039,3.467,0.59593
23/11/2020,20:00:00,0.11276,4.175,215.4,4.4,7.9,3.21615,17.731,22.66235,48.89465,3.042,1.19185
23/11/2020,21:00:00,0.090834,3.925,221.1,4.8,8.6,2.10034,16.91823,20.13871,50.64089,2.83,0.99321
23/11/2020,22:00:00,0.144083,3.2,223.2,5.1,9.2,1.90343,9.19495,12.11351,59.42197,2.099,0.39728
23/11/2020,23:00:00,0.097099,2.825,226.4,5.3,9.3,1.34553,7.52674,9.58986,63.06412,1.722,1.19185
23/11/2020,24:00:00,0.072041,2.725,234.9,6.6,9.7,0.72199,6.6658,7.77283,62.21595,1.698,0.86078
24/11/2020,1:00:00,0.088102,1.775,230.2,5.2,9.7,0.39389,4.51114,5.11509,63.59631,1.297,0.61797
24/11/2020,2:00:00,0.091248,1.725,232.8,4.2,9.5,0.21883,2.89506,3.23058,66.78943,0.991,1.32421
24/11/2020,3:00:00,0.081808,1.55,238.5,5.5,9.9,0.26259,3.08034,3.48297,66.40692,0.873,1.45663
24/11/2020,4:00:00,0.097541,0.625,235.8,5.3,9.9,0.22977,2.67637,3.02867,66.65638,0.472,1.45663
24/11/2020,5:00:00,0.094395,0.975,233.6,4.9,9.7,0.49236,3.83855,4.59348,66.90584,0.495,1.78769
24/11/2020,6:00:00,0.075516,0.7,228.1,4.7,9.4,0.49236,5.95862,6.71355,65.95789,0.472,1.32421
24/11/2020,7:00:00,0.103834,1.15,227.8,5.8,9.4,1.54271,13.4341,15.79956,57.8753,0.684,1.72148
24/11/2020,8:00:00,0.151032,2.325,224.9,5.7,9.2,4.36555,34.84949,41.54324,40.81207,1.156,1.32421
24/11/2020,9:00:00,0.154177,3.075,220.8,5.1,9.6,4.89073,31.92416,39.42317,42.80777,1.651,1.32421
24/11/2020,10:00:00,0.151032,5.625,217.7,5.1,10.1,4.4312,19.70645,26.50085,53.83401,2.524,1.45663
24/11/2020,11:00:00,0.182496,7.75,212.2,4.5,9.9,4.82508,19.60728,27.00563,51.68863,4.387,1.39042
24/11/2020,12:00:00,0.16991,12.925,212.9,4.4,10.2,4.95638,25.66521,33.26488,46.94884,6.557,1.45663
24/11/2020,13:00:00,0.144738,13.625,203.5,3.9,10,9.01557,43.04799,56.87167,28.48862,7.382,2.25116
24/11/2020,14:00:00,0.07132,14.775,194.8,3.4,9.2,5.683758,31.084204,39.799178,27.84002,9.151,1.596442
24/11/2020,15:00:00,0.163618,17.625,194.7,3.4,8.6,7.54945,35.57062,47.14628,31.98109,8.632,2.11874
24/11/2020,16:00:00,0.201375,16.4,190.9,2.7,7.9,7.38533,38.90141,50.22543,27.84002,9.363,1.65526
24/11/2020,17:00:00,0.235987,18.55,182.2,2.7,7.3,9.87993,42.09283,57.24184,24.14797,11.533,2.84705
24/11/2020,18:00:00,0.235987,16.725,185.7,2.5,6.8,7.64792,39.71025,51.43689,25.79442,11.179,2.11874
24/11/2020,19:00:00,0.220254,17.1,181.8,2.7,6.8,4.36555,29.80171,36.49546,31.78152,11.863,2.05253
24/11/2020,20:00:00,0.223401,23.05,191.9,3.3,8.4,4.03731,25.762,31.95246,33.77722,16.486,1.98632
24/11/2020,21:00:00,0.23284,22.75,197.8,3.7,9,2.65872,21.46513,25.54177,36.52131,16.038,1.85389
24/11/2020,22:00:00,0.28633,22,186.8,4.1,9.4,2.79001,23.28293,27.56089,34.72518,17.335,2.05253
24/11/2020,23:00:00,0.254865,19.875,193,3.8,9.4,1.87095,19.0891,21.95785,38.96604,14.788,1.52284
24/11/2020,24:00:00,0.195083,20.275,191.7,4,9.6,1.2473,15.50235,17.41485,40.91185,15.142,1.85389
25/11/2020,1:00:00,0.131978,20.55,197.7,3.7,8.4,0.67796,19.13992,20.17945,37.12002,15.094,1.67693
25/11/2020,2:00:00,0.116266,21.625,195,3.5,8.2,1.20284,24.65802,26.50234,31.0664,15.189,3.26561
25/11/2020,3:00:00,0.128836,19.475,211.2,3.1,8.5,0.75451,24.16831,25.32521,31.63185,14.127,3.8393
25/11/2020,4:00:00,0.125693,16.975,233.6,2.1,9,2.16511,29.37092,32.69071,26.89206,12.807,2.38301
25/11/2020,5:00:00,0.069131,4.175,260.8,2,8.9,0.29524,7.36684,7.81954,58.42412,3.137,1.85345
25/11/2020,6:00:00,0.056563,1.05,319.2,3.5,8.9,0.7217,7.16698,8.27357,58.77337,0.684,0.86053
25/11/2020,7:00:00,0.065989,2.275,316.3,3.7,8.6,2.98523,17.97325,22.55054,44.25465,1.462,1.05912
25/11/2020,8:00:00,0.10684,2.9,315.5,4,8.1,5.80643,25.04886,33.95193,36.17206,1.934,0.79434
25/11/2020,9:00:00,0.135121,3.85,318.4,3.7,7.7,6.56093,26.96933,37.02929,40.01379,1.722,0.79434
25/11/2020,10:00:00,0.238817,5.475,325,3.1,7.3,9.97262,32.28192,47.57306,33.72733,2.429,1.45628
25/11/2020,11:00:00,0.342515,5.725,326.3,2.1,7.3,7.47947,27.57888,39.04724,37.07013,2.807,39.84924
25/11/2020,12:00:00,0.584474,8.7,307.5,2.2,7.1,9.48055,32.38058,46.91722,32.92905,3.892,23.03578
25/11/2020,13:00:00,0.175971,10.375,303.9,2.2,7.3,8.95568,30.6125,44.34434,34.97464,4.788,1.19151
25/11/2020,14:00:00,0.48392,9.725,298,1.8,7.3,8.29958,24.00075,36.7266,44.10497,4.764,47.06447
25/11/2020,15:00:00,0.402218,12.35,296.5,1.8,6.5,8.56202,26.12078,39.24903,42.80777,4.67,1.72107
25/11/2020,16:00:00,0.169686,14.475,274.8,2,4.5,9.67738,42.11806,56.9565,28.43873,5.33,1.12531
25/11/2020,17:00:00,0.32366,14.075,267.9,2.3,3.7,23.1929,58.87787,94.43983,12.77248,6.462,1.45628
25/11/2020,18:00:00,0.568763,14.825,279.6,2.6,3.8,37.2005,71.40223,128.4422,4.93936,7.712,1.72107
25/11/2020,19:00:00,0.455639,16.9,287.9,3.7,4.7,44.31911,70.7787,138.73372,2.6443,9.859,1.91965
25/11/2020,20:00:00,0.348799,17.675,283.4,3.8,4.8,45.99215,68.86924,139.38955,2.14538,11.675,1.85345
25/11/2020,21:00:00,0.5122,19.875,290.9,3.7,5,57.40818,65.64187,153.66651,1.9957,14.34,2.31682
25/11/2020,22:00:00,0.615898,19.15,288,3.7,5.5,34.57613,57.01247,110.02845,2.6443,13.514,1.65487
25/11/2020,23:00:00,0.556193,18.875,259.4,2,4.4,63.96911,58.96197,157.04657,1.64645,14.245,2.71399
25/11/2020,24:00:00,0.546767,21.95,272.3,1.3,3,52.42187,54.11696,134.49604,1.84602,17.335,2.25062
26/11/2020,1:00:00,0.518847,27.6,254.8,2.1,2.8,65.68061,52.36455,153.07341,1.9957,22.028,2.82364
26/11/2020,2:00:00,0.380766,24.625,267,2.5,3.7,48.15121,46.36911,120.19994,1.72961,19.599,2.38244
26/11/2020,3:00:00,0.216534,27.1,278,3.2,4.1,28.55631,46.51548,90.30121,1.49678,22.524,1.2574
26/11/2020,4:00:00,0.203982,24.3,274.6,2.7,4.2,27.37603,40.66147,82.63746,1.3471,20.236,1.32358
26/11/2020,5:00:00,0.216534,20.45,271.7,2.6,4.3,21.17954,37.86028,70.33511,1.14753,16.887,0.52943
26/11/2020,6:00:00,0.20712,20.875,272.8,2.4,4.3,18.55669,39.71389,68.16708,1.49678,17.288,0.86033
26/11/2020,7:00:00,0.166323,26.05,284.7,2,4.2,49.44078,46.00522,121.81336,1.29721,22.076,1.19122
26/11/2020,8:00:00,0.266745,22.225,283.2,1.5,4.3,59.30926,50.23482,141.17442,1.19742,18.137,1.32358
26/11/2020,9:00:00,0.364029,20.95,281.5,1.5,4.5,69.99739,52.8043,160.13213,2.04559,16.061,9.99303
26/11/2020,10:00:00,0.238502,19.625,283.8,1.9,4.7,38.65429,48.52766,107.79675,5.28861,13.892,1.45594
26/11/2020,11:00:00,0.398549,19.025,284.9,2.1,4.8,29.83495,40.42053,86.16682,12.87227,13.349,30.77322
26/11/2020,12:00:00,0.335786,21.35,285.8,2,4.8,25.01546,40.90285,79.25935,16.31485,14.623,3.37513
26/11/2020,13:00:00,0.147495,20.55,285.1,2.1,4.8,21.24511,39.07064,71.64602,18.01119,13.986,1.38976
26/11/2020,14:00:00,0.213397,15.3,292.6,2.2,4.7,9.47506,32.10976,46.63798,33.17851,9.151,20.25077
26/11/2020,15:00:00,0.144356,14.65,302.9,2.3,4.6,9.47506,36.54667,51.07489,30.13507,8.09,0.92651
26/11/2020,16:00:00,0.134942,18.875,302.5,2.3,4.4,18.49111,53.37726,81.72991,12.82237,10.637,0.72797
26/11/2020,17:00:00,0.22281,19.325,301.7,2.4,4.4,34.85116,59.50184,112.93954,3.54237,12.736,0.86033
26/11/2020,18:00:00,0.225949,17.225,314.7,2.6,4.7,23.01553,56.07003,91.36002,9.77893,11.84,0.92651
26/11/2020,19:00:00,0.191429,19.4,327.6,2.6,4.5,15.60597,54.87675,78.80558,8.18237,14.505,0.66179
26/11/2020,20:00:00,0.257331,22.875,336.8,2.3,4.1,17.08133,52.51373,78.70474,6.18667,18.349,0.46325
26/11/2020,21:00:00,0.29499,24.825,324.4,1.7,4.1,13.44212,45.58975,66.20072,5.53807,19.976,0.86033
26/11/2020,22:00:00,0.213397,28.025,313.7,2,3.8,9.04884,41.53626,55.41096,7.63355,22.5,0.39707
26/11/2020,23:00:00,0.27616,26.025,328.8,2.1,3.3,10.81927,42.8552,59.44451,5.43828,22.028,1.2574
26/11/2020,24:00:00,0.122389,21.6,328.9,1.9,2.9,4.55721,35.66722,42.65484,11.87442,18.679,1.05886
27/11/2020,1:00:00,0.112825,8.275,312.7,2,1.8,1.07038,14.2821,15.92332,38.05135,6.486,0.88218
27/11/2020,2:00:00,0.062681,5.45,319.3,1.6,2,0.32767,6.21629,6.7187,52.88605,2.901,0.79396
27/11/2020,3:00:00,0.068949,4.475,291.9,1,1.1,0.65533,12.75171,13.75654,45.40218,2.618,0.66163
27/11/2020,4:00:00,0.106557,7.1,274.5,1.2,0.7,2.39197,31.05125,34.71888,21.25421,4.269,0.79396
27/11/2020,5:00:00,0.115959,12.725,272.3,1.2,0,2.7524,33.21967,37.43995,14.26926,10.33,0.79396
27/11/2020,6:00:00,0.162969,13.7,273.9,1.2,-0.3,10.64916,34.31371,50.6422,9.18022,11.226,1.45559
27/11/2020,7:00:00,0.310269,13.825,248.1,1.3,-0.7,66.64736,50.54164,152.73284,1.09764,10.495,1.91873
27/11/2020,8:00:00,0.360413,12.375,245,1.6,-1.1,78.96762,55.03191,176.11391,1.24731,9.599,1.85257
27/11/2020,9:00:00,0.388619,14.4,257.7,1.5,0.4,98.26718,56.93357,207.60781,1.59656,10.448,1.78641
27/11/2020,10:00:00,0.429362,19.4,261.4,1.3,1.4,86.17629,59.9021,192.03723,3.3428,11.91,1.85257
27/11/2020,11:00:00,1.031096,25.4,256,0.9,2.1,90.73085,59.7716,198.8903,4.59011,12.571,2.324072
27/11/2020,12:00:00,0.354145,27.575,254.9,0.7,2.1,50.52617,58.78284,136.25523,10.42753,11.439,3.17583
27/11/2020,13:00:00,0.391753,35.725,274.2,0.7,2.1,72.18493,69.21117,179.89318,5.38839,13.821,3.50665
27/11/2020,14:00:00,0.181774,29.175,292.2,0.2,2.2,21.16726,48.36995,80.82596,25.24561,8.396,2.64653
27/11/2020,15:00:00,0.310269,41.3,122.7,0.8,2.3,35.81395,65.97225,120.8862,9.23011,12.311,3.30816
27/11/2020,16:00:00,0.347877,45.775,127.2,0.8,2.4,52.52494,74.71523,155.25235,4.14108,13.09,2.64653
27/11/2020,17:00:00,0.357279,30.275,71.9,0.4,2.5,41.35151,69.37353,132.7783,4.93936,10.778,1.38943
27/11/2020,18:00:00,0.576662,29.7,157,1.3,2.5,63.0758,70.2784,166.99328,2.29506,11.863,1.38943
27/11/2020,19:00:00,0.796044,34.325,154.5,0.9,2.3,120.61404,79.05556,263.9945,2.29506,21.156,3.17583
27/11/2020,20:00:00,0.880663,42.025,182.9,0.7,2.4,136.47309,82.5037,291.75953,3.04344,29.245,4.10212
27/11/2020,21:00:00,0.987219,47.475,154.5,1.6,2.4,151.97172,82.72523,315.74528,3.3428,35.731,4.4991
27/11/2020,22:00:00,0.984085,45.075,159.8,1.7,2.1,143.94389,79.61498,300.32587,3.04344,36.132,4.4991
27/11/2020,23:00:00,1.056168,50.875,125.4,1.7,1.9,144.04219,74.27406,295.13567,3.29291,41.368,5.0284
27/11/2020,24:00:00,1.084374,50.4,108,1.6,1.1,161.47405,69.36456,316.95465,2.89377,42.052,4.82991
28/11/2020,1:00:00,0.932703,50.325,34.2,1.9,-0.1,129.39683,61.52449,259.9302,2.66093,42.5,4.49802
28/11/2020,2:00:00,0.923314,51.65,43.6,1.4,1.1,139.43944,49.75204,263.55619,2.92703,43.467,5.37999
28/11/2020,3:00:00,0.813769,46.925,72.4,1.4,2,116.61434,46.20704,225.0132,2.49463,39.363,4.63032
28/11/2020,4:00:00,0.74804,44.2,51.9,1.7,2.5,99.02886,46.12718,197.96931,2.19527,37.618,3.50581
28/11/2020,5:00:00,0.560248,37.25,45.8,1.8,2.7,73.35471,41.98171,154.45736,1.84602,31.745,3.43967
28/11/2020,6:00:00,0.397494,32,21.6,1.8,3,59.10949,43.27677,133.91005,1.69635,27.217,3.10893
28/11/2020,7:00:00,0.184663,26.5,25,1.8,3.1,16.24283,43.9886,68.89392,2.74409,22.5,1.65369
28/11/2020,8:00:00,0.118936,24.7,28,2.2,3.2,11.65816,43.06128,60.93688,3.64215,21.344,1.78598
28/11/2020,9:00:00,0.137714,24.325,33.6,2.5,3.5,15.8826,40.56242,64.9154,5.68775,20.59,1.71983
28/11/2020,10:00:00,0.112676,24.075,48.2,3,3.6,14.47446,36.5775,58.77135,9.92861,20.118,1.78598
28/11/2020,11:00:00,0.084507,22.225,51.8,2.8,4,10.15177,34.49306,50.05889,13.72044,18.42,1.98442
28/11/2020,12:00:00,0.087636,20.3,37.9,2.6,4.3,13.85225,37.58189,58.82171,12.37334,16.604,1.65369
28/11/2020,13:00:00,0.131454,19.275,47.8,2.7,4.5,15.91535,39.85751,64.26071,10.32775,15.778,1.78598
28/11/2020,14:00:00,0.109545,19.95,44.3,2.3,4.9,16.79954,40.91911,66.67804,11.22581,16.132,1.45524
28/11/2020,15:00:00,0.056338,20.65,41.8,2.4,5.6,6.09106,28.48166,37.82115,19.3084,15.967,1.19065
28/11/2020,16:00:00,0.093896,23.625,57.1,2.3,6.3,8.28515,31.56365,44.26737,13.47098,18.514,0.72762
28/11/2020,17:00:00,0.075118,25.675,90.6,2.6,6.8,5.30512,27.67231,35.80671,14.21936,21.887,0.99221
28/11/2020,18:00:00,0.122065,27.15,103.8,2.6,7.1,4.91215,27.62017,35.15202,12.72259,23.774,0.59533
28/11/2020,19:00:00,0.153364,30.175,105.5,2.6,7.1,6.1893,29.23752,38.72765,10.87657,26.203,0.92607
28/11/2020,20:00:00,0.175273,37.2,114.3,2.5,7.2,8.18691,30.90851,43.46159,8.98065,31.981,0.79377
28/11/2020,21:00:00,0.178403,42.975,121.7,2.7,7.2,6.15656,29.53954,38.97946,8.6314,37.005,0.92607
28/11/2020,22:00:00,0.219092,45.575,125.8,2.4,7.1,11.55992,34.39874,52.12369,4.73979,38.962,1.71983
28/11/2020,23:00:00,0.241001,47.25,135.1,2.5,6.8,11.72366,37.32042,55.29644,2.6942,40.33,1.52139
28/11/2020,24:00:00,0.181533,44.375,132.9,2.2,6.3,8.84186,30.91148,44.46881,7.48388,38.467,1.19065
29/11/2020,1:00:00,0.116694,43.475,348.9,0.4,6.9,8.53126,34.36509,47.44617,3.79183,37.571,1.41081
29/11/2020,2:00:00,0.100023,45.05,343.4,1.1,7,3.81834,25.75371,31.60841,10.04502,38.184,0.61723
29/11/2020,3:00:00,0.075018,45.025,27.3,1.6,7,3.53469,27.74892,33.1687,6.83527,38.774,0.52905
29/11/2020,4:00:00,0.084395,51.5,43.1,1.4,7,4.97475,29.36608,36.99392,4.64,41.722,0.33066
29/11/2020,5:00:00,0.090646,51.775,13.8,0.9,7,7.98579,30.63805,42.88275,2.14538,43.278,0.79358
29/11/2020,6:00:00,0.08752,54.625,305.9,0.8,7,6.80755,30.23004,40.66815,2.59441,46.981,0.66132
29/11/2020,7:00:00,0.08752,41.375,348.8,0.6,7,3.60015,25.08162,30.60178,8.48173,36.84,0.72745
29/11/2020,8:00:00,0.068766,24.85,285.4,0.2,6.9,6.0548,27.20671,36.4906,11.62495,22.642,0.59519
29/11/2020,9:00:00,0.125029,30.375,288.5,0.7,7,12.14232,34.78415,53.40211,3.9914,27.524,0.92584
29/11/2020,10:00:00,0.115652,23.6,305.2,0.8,7.1,10.1786,31.80565,47.41262,7.13463,20.849,1.19037
29/11/2020,11:00:00,0.100023,21.45,229.2,0.2,7.2,7.6585,28.92528,40.66815,9.62925,19.269,1.19037
29/11/2020,12:00:00,0.121903,28,225.5,1.1,7.3,11.97868,29.90121,48.26826,7.68345,24.835,1.91782
29/11/2020,13:00:00,0.162537,32.2,235,1.2,7.3,17.86983,32.09224,59.49227,4.78968,28.326,2.38074
29/11/2020,14:00:00,0.225053,25.8,270.5,1.3,7.3,21.69908,33.56926,66.84072,4.6899,22.359,1.91782
29/11/2020,15:00:00,0.32195,22.075,264.1,1.1,7.3,21.30634,32.71184,65.38109,3.89162,19.576,2.05008
29/11/2020,16:00:00,0.268813,26.05,268.4,1.3,7.3,17.64073,35.41311,62.46185,2.79398,22.995,1.38876
29/11/2020,17:00:00,0.268813,25,277.8,1.6,7.3,25.00467,36.70485,75.04481,1.64645,21.745,1.58716
29/11/2020,18:00:00,0.203173,25.375,283.1,1.8,7.3,16.36431,35.5583,60.6499,1.59656,22.5,1.19037
29/11/2020,19:00:00,0.212549,24.125,272.6,2.3,7.4,14.00785,33.28266,54.76107,1.59656,21.958,0.52905
29/11/2020,20:00:00,0.240681,22.625,283.2,3.3,6.8,14.33514,31.32121,53.30145,1.9957,20.307,0.85971
29/11/2020,21:00:00,0.196921,17.925,292,3.3,7,8.5749,29.03011,42.17811,4.24086,15.684,0.66132
29/11/2020,22:00:00,0.190669,16.45,293,2.3,7.4,9.7204,28.28033,43.18474,6.48603,14.458,0.39679
29/11/2020,23:00:00,0.243807,18.55,244.9,1.3,7.4,18.22985,32.89919,60.85123,2.59441,16.368,1.12424
29/11/2020,24:00:00,0.293818,21.775,210.2,1.9,7.5,26.01926,34.29353,74.18917,1.64645,18.962,1.05811
30/11/2020,1:00:00,0.408926,22.05,264.6,2.5,6.8,12.9312,31.27996,51.10752,2.39484,19.481,1.23416
30/11/2020,2:00:00,0.315279,25.75,271.2,3.4,7.4,8.91882,31.06051,44.73585,3.32617,22.241,0.9697
30/11/2020,3:00:00,0.327765,28.75,279.5,3.3,8.1,7.42508,32.02624,43.41121,2.89377,24.458,0.66116
30/11/2020,4:00:00,0.193538,20.475,279,3.3,8.2,3.4018,16.96746,22.18348,29.18711,17.123,0.85951
30/11/2020,5:00:00,0.134228,16.3,273.4,3.4,8.4,1.3738,9.96617,12.07264,43.70583,12.453,1.2562
30/11/2020,6:00:00,0.115498,12.75,256,3.2,8.4,1.40651,11.77722,13.93384,44.554,9.222,0.66116
30/11/2020,7:00:00,0.121742,9.475,273.4,4.1,8.5,2.28967,13.79334,17.30412,43.00734,6.863,1.19009
30/11/2020,8:00:00,0.343373,9.075,278,5.2,8.7,6.50921,20.65368,30.63433,35.07443,6.863,1.12397
30/11/2020,9:00:00,0.430777,11.925,266.5,4.7,8.6,9.28953,31.53169,45.77544,27.09163,8.208,1.05785
30/11/2020,10:00:00,0.421412,14.075,272.4,5,8.9,11.5792,28.57423,46.32877,26.6426,8.915,1.2562
30/11/2020,11:00:00,0.349616,9.45,278.1,5.7,9.3,6.67276,20.60412,30.83554,38.66669,5.212,1.32232
30/11/2020,12:00:00,0.33713,5.675,285.5,5.6,9.1,7.19612,19.90226,30.93615,41.85981,2.5,1.52066
30/11/2020,13:00:00,0.330887,4.65,283,5,9.2,7.39237,22.11647,33.45128,39.76432,1.675,1.05785
30/11/2020,14:00:00,0.29655,10.475,287.7,5.1,9.6,8.07928,27.04925,39.4373,37.41938,2.759,0.79339
30/11/2020,15:00:00,0.255969,15.35,296.4,5,9.8,6.93444,20.90712,31.53978,45.80132,3.797,2.64463
30/11/2020,16:00:00,0.168565,5.125,306.4,4.9,8.8,5.16812,17.2773,25.20164,51.33938,2.005,0.79339
30/11/2020,17:00:00,0.127984,3.175,312.6,4.5,8.1,5.00457,17.32686,25.00043,50.24175,1.533,0.52893
30/11/2020,18:00:00,0.112377,7.15,324.9,5,7.5,4.71018,15.66554,22.88772,53.58455,2.712,0.92562
30/11/2020,19:00:00,0.106133,6.825,338.1,4.4,6.5,4.28496,14.85876,21.42894,50.49121,3.184,0.59504
30/11/2020,20:00:00,0.106133,7,338.1,4.8,5.5,4.15412,14.75756,21.12712,47.14841,3.632,0.52893
30/11/2020,21:00:00,0.087405,6.55,338.6,5.1,5,2.32238,12.28441,15.84534,48.5454,3.42,0.33058
30/11/2020,22:00:00,0.068675,6.5,339.5,5.3,4.6,1.57006,8.25677,10.66417,53.33508,3.019,0.72728
30/11/2020,23:00:00,0.062431,6.05,344.5,5.4,4.4,1.34109,6.79696,8.85327,56.67788,2.642,0.3967
30/11/2020,24:00:00,0.049945,4.05,347,5.4,4.2,0.88316,5.53731,6.89147,60.41982,2.028,0.66116
1/12/2020,1:00:00,0.062349,3.925,319.9,3.6,3,0.63202,4.86264,5.83173,62.13279,2.005,1.14574
1/12/2020,2:00:00,0.081053,4.2,325.7,4.2,3.1,0.63202,6.73952,7.7086,56.87745,2.146,1.49827
1/12/2020,3:00:00,0.087288,3.85,337.7,4.1,3.1,0.81727,7.49446,8.74759,55.8796,2.146,1.1898
1/12/2020,4:00:00,0.059231,4.6,340.9,4,3,0.32691,4.37528,4.87653,60.61939,2.146,1.322
1/12/2020,5:00:00,0.059231,5.05,334.3,3.5,2.5,0.62112,5.78427,6.73665,60.12046,2.264,1.3881
1/12/2020,6:00:00,0.059231,5.15,325.7,2.9,2.1,0.98072,8.75204,10.25579,59.77122,2.217,1.0576
1/12/2020,7:00:00,0.071701,5.35,326.2,2.7,1.6,3.20368,18.46493,23.37717,50.19186,2.406,0.8593
1/12/2020,8:00:00,0.09664,7.425,319.4,2.4,1.2,7.84574,30.85331,42.88328,38.31744,2.712,1.1237
1/12/2020,9:00:00,0.137166,9.025,321.8,2.6,1.3,16.86835,46.02664,71.89109,25.49507,3.514,1.7847
1/12/2020,10:00:00,0.199515,13.35,336.7,2.9,3.2,21.28158,43.73412,76.36543,20.30625,4.292,2.1152
1/12/2020,11:00:00,0.224454,12.925,349.6,3.2,5,13.95889,33.44505,54.84837,28.03959,4.033,6.01511
1/12/2020,12:00:00,0.177693,15.15,353.6,3,5.8,11.96476,31.1234,49.46911,33.52776,4.363,3.5033
1/12/2020,13:00:00,0.09664,17.8,352.4,2.7,6.1,10.03602,26.4392,41.82754,42.10927,4.623,1.2559
1/12/2020,14:00:00,0.093523,14.275,346,2.1,5.9,5.98238,21.59452,30.76737,50.69078,4.08,1.8508
1/12/2020,15:00:00,0.174575,14.975,330.2,1.3,4.7,9.28413,29.15055,43.38602,38.16776,4.41,2.9745
1/12/2020,16:00:00,0.246276,20.725,285.9,1.7,3,14.67808,42.34672,64.8528,20.80517,6.462,1.6525
1/12/2020,17:00:00,0.252511,14.475,306.4,2.1,2.2,14.93961,46.1687,69.07577,18.6099,5.991,1.5864
1/12/2020,18:00:00,0.252511,16.8,316.7,2,1.8,11.73593,44.6962,62.69104,20.50582,8.16,1.6525
1/12/2020,19:00:00,0.274333,14.575,308.7,2,1.3,10.36292,46.04735,61.93694,16.36474,7.689,1.7186
1/12/2020,20:00:00,0.38656,16.8,303,2.1,0.8,15.10306,53.50937,76.66707,8.13248,10.024,2.4457
1/12/2020,21:00:00,0.342916,22.35,298.1,2,0.5,15.20113,58.38634,81.69442,6.53592,13.797,2.5779
1/12/2020,22:00:00,0.439557,23.9,297.2,2.1,0.4,24.74679,61.79805,99.7426,5.53807,14.741,2.8423
1/12/2020,23:00:00,0.442674,28.3,292.8,2.1,0.1,35.04433,63.60444,117.33832,2.54452,17.594,2.7762
1/12/2020,24:00:00,0.383443,18.9,284.1,1.9,-0.1,19.74512,60.92067,91.19611,3.09334,12.571,2.644
2/12/2020,1:00:00,0.327931,21.725,250.1,1.6,1.7,29.77471,65.01752,110.67144,1.26394,12.83,2.64337
2/12/2020,2:00:00,0.257364,25.475,233.8,1.5,1.2,18.36143,60.27616,88.42996,1.59656,13.939,1.76225
2/12/2020,3:00:00,0.202362,24.375,221.9,1.2,1.3,5.94623,54.84357,63.96099,3.39269,13.278,1.71819
2/12/2020,4:00:00,0.177457,22.775,235.6,1.1,2.7,3.07113,44.02797,48.73697,10.27786,13.915,1.78427
2/12/2020,5:00:00,0.127644,19.725,239.8,2.3,4.2,2.48304,29.60518,33.41246,20.90496,14.67,1.78427
2/12/2020,6:00:00,0.13387,23.775,247.5,2.7,5.7,3.20182,28.10112,33.0105,18.46023,18.868,1.05735
2/12/2020,7:00:00,0.16189,24,246.9,2.4,6.2,8.75599,37.17035,50.59601,7.73334,19.269,1.32169
2/12/2020,8:00:00,0.330006,21.85,242.6,2.1,6.3,19.4396,39.63065,69.43762,4.64,17.453,1.71819
2/12/2020,9:00:00,0.423404,39.6,234.5,2.2,5.7,32.21419,47.37612,96.77052,2.74409,16.981,2.57729
2/12/2020,10:00:00,0.379819,10.25,265.4,3.2,6.9,33.42304,47.38161,98.62956,3.49248,6.863,1.18952
2/12/2020,11:00:00,0.34246,12.45,279.7,4.2,8.3,30.61328,48.97665,95.91636,8.13248,6.816,2.44512
2/12/2020,12:00:00,0.127644,7.2,300.5,4.6,8.5,6.4363,20.27772,30.14658,46.84906,2.901,2.44512
2/12/2020,13:00:00,0.102738,12.725,297.9,4.4,8.1,6.33829,18.76994,28.48852,50.5411,5.142,1.2556
2/12/2020,14:00:00,0.068492,17.975,292.3,4.8,7.4,5.22745,20.4732,28.48852,48.29594,7.335,2.04861
2/12/2020,15:00:00,0.186796,21.25,293.6,5.7,6.4,8.03721,24.80698,37.13054,43.95529,7.193,2.04861
2/12/2020,16:00:00,0.205475,17.675,284.9,5.8,6,8.29858,32.4453,45.16962,37.96819,6.675,1.32169
2/12/2020,17:00:00,0.336233,16.05,265.2,3.4,5.1,13.00329,43.11849,63.05659,28.68819,6.934,1.45386
2/12/2020,18:00:00,0.429632,14.55,235.4,2.7,4,12.38253,46.23081,65.2171,26.34324,6.934,1.12343
2/12/2020,19:00:00,0.245948,7.95,249.5,3.4,4.4,5.61951,27.10723,35.7237,47.79702,4.222,0.52868
2/12/2020,20:00:00,0.245948,12.45,240.6,4,5,8.26591,43.64963,56.32386,26.99184,8.208,1.12343
2/12/2020,21:00:00,0.498123,13.8,236.5,3.7,4.9,11.7291,49.14201,67.12638,15.66625,9.151,0.79301
2/12/2020,22:00:00,0.224155,13.2,230.1,3.8,4.8,6.07692,40.97673,50.29454,20.80517,9.882,0.99127
2/12/2020,23:00:00,0.140097,10.975,236.3,4.6,4.3,2.90777,32.27006,36.72858,31.2826,8.066,0.39651
2/12/2020,24:00:00,0.112078,11.6,242.4,4.1,4.3,1.73159,23.82367,26.47874,36.02239,7.712,1.2556
3/12/2020,1:00:00,0.080837,10.7,223,3.7,4.6,0.58775,14.16333,15.06453,45.56848,6.769,1.49755
3/12/2020,2:00:00,0.0684,10.05,233.4,3.7,4.6,0.45714,10.54725,11.24818,50.22512,6.179,1.58564
3/12/2020,3:00:00,0.062182,9.1,230.2,3.6,4.6,0.71836,10.89995,12.00141,50.89035,6.109,0.99103
3/12/2020,4:00:00,0.083946,7.575,226.4,3.8,4.4,0.42448,10.84839,11.49926,51.93809,5.236,1.18923
3/12/2020,5:00:00,0.062182,3.9,220.3,3.2,4.5,0.58775,9.19204,10.09324,58.67358,2.429,1.0571
3/12/2020,6:00:00,0.0684,3.575,203.7,2.6,3.9,1.17549,19.58924,21.39164,46.99874,2.146,1.12316
3/12/2020,7:00:00,0.083946,3.1,191.5,2.3,3.7,3.52648,33.4593,38.86649,35.57335,2.005,1.18923
3/12/2020,8:00:00,0.133692,3.95,199.8,1.2,3.7,9.69782,49.8575,64.72727,24.79657,2.052,0.92496
3/12/2020,9:00:00,0.152347,7.9,153.3,1.8,3.8,14.43244,64.19034,86.31977,10.42753,3.491,1.65171
3/12/2020,10:00:00,0.167893,9.8,185.2,2.6,4.1,16.42425,58.42466,83.60815,12.6228,4.151,1.12316
3/12/2020,11:00:00,0.171001,12.525,186,3.1,4.4,18.87319,57.1302,86.06869,11.82452,5.802,2.04812
3/12/2020,12:00:00,0.183438,14.275,169.1,2.7,4.6,12.86512,50.87621,70.60244,13.3213,9.033,2.11419
3/12/2020,13:00:00,0.177219,12.8,139.2,2.7,4.6,7.99988,44.32611,56.59243,18.95915,8.774,1.58564
3/12/2020,14:00:00,0.149238,10.475,136,2.7,4.4,5.25707,39.14148,47.2022,23.99829,6.368,1.78385
3/12/2020,15:00:00,0.167893,9.55,114.3,1.8,4.2,7.11826,41.35941,52.27393,20.55571,5.613,1.38744
3/12/2020,16:00:00,0.226965,9.175,96.6,2.2,4.1,17.79566,51.19992,78.48621,14.11958,6.109,1.2553
3/12/2020,17:00:00,0.174111,5.525,80.4,2.3,4,9.82843,35.64721,50.71726,24.6469,4.151,1.0571
3/12/2020,18:00:00,0.214529,6.375,64.9,3,3.8,10.35087,31.0298,46.90091,25.99399,4.953,1.38744
3/12/2020,19:00:00,0.192765,5.65,41.9,3.3,3.8,7.5754,24.53943,36.15488,28.88776,4.693,0.79282
3/12/2020,20:00:00,0.171001,7.6,22.7,4.2,3.9,7.96723,29.61294,41.82918,25.14582,6.109,1.18923
3/12/2020,21:00:00,0.155456,8.725,20.9,5.3,3.7,5.38768,27.5926,35.85359,29.43658,7.406,0.79282
3/12/2020,22:00:00,0.13991,7.85,13.6,6.1,3.5,3.1673,23.71594,28.5724,34.5755,6.84,0.52855
3/12/2020,23:00:00,0.099491,5.35,9.1,6.1,3.5,1.73059,14.7209,17.37443,45.9011,4.363,0.66069
3/12/2020,24:00:00,0.102601,2.85,25.1,6.1,3.8,0.97958,12.50802,14.01002,47.49766,2.335,0.85889
4/12/2020,1:00:00,0.096254,1.775,314.7,3,2.4,0.67443,9.53839,10.5725,49.22727,1.321,0.96877
4/12/2020,2:00:00,0.086939,1.025,321.2,3.2,2.2,0.41336,7.32903,7.96283,49.55988,0.778,1.05684
4/12/2020,3:00:00,0.083834,1.125,340.6,2.9,2.2,0.32634,6.52566,7.02603,48.84476,0.825,0.85869
4/12/2020,4:00:00,0.086939,0.625,351.6,3.1,2.1,0.4895,5.42231,6.17287,51.93809,0.377,0.92474
4/12/2020,5:00:00,0.093149,0.65,1.5,2.6,1.9,0.32634,6.3751,6.87547,52.33723,0.33,0.46237
4/12/2020,6:00:00,0.077624,0.85,357.5,2.8,1.9,1.72958,12.25323,14.90522,47.54755,0.401,0.66053
4/12/2020,7:00:00,0.080729,0.75,2.9,2.8,2,3.55706,19.38795,24.84203,41.2611,0.401,1.255
4/12/2020,8:00:00,0.114883,0.775,348.6,3.5,2,8.51736,29.4477,42.50747,33.72733,0.472,0.72658
4/12/2020,9:00:00,0.111778,1.025,341.3,4.1,2.2,9.10477,28.79796,42.7584,34.92475,0.613,0.72658
4/12/2020,10:00:00,0.133514,2.55,351.6,4.8,3.3,11.51965,31.4688,49.13201,30.5841,1.392,1.05684
4/12/2020,11:00:00,0.155248,4.85,0.5,4.5,4.5,14.75037,38.91101,61.52793,23.99829,2.547,0.72658
4/12/2020,12:00:00,0.152143,5.025,33.2,3.7,5.4,12.13969,32.82664,51.44056,27.39098,2.524,0.99079
4/12/2020,13:00:00,0.161458,5.05,46.8,2.8,6.6,12.66182,32.07622,51.49075,27.88991,2.429,1.05684
4/12/2020,14:00:00,0.229768,5.35,19.9,3.5,6.3,21.30972,40.29588,72.97032,16.36474,2.948,0.99079
4/12/2020,15:00:00,0.298077,6.475,20.8,3.5,5.9,32.24196,46.97016,96.40715,9.72904,4.033,1.45316
4/12/2020,16:00:00,0.385016,7.65,7.1,3.1,5.9,37.49597,54.12046,111.61348,7.9828,4.434,1.32105
4/12/2020,17:00:00,0.400541,6.375,23.3,2.7,5.7,24.24674,49.89475,87.07257,14.71829,4.127,0.92474
4/12/2020,18:00:00,0.490585,5.475,121,4.3,4.7,14.65247,46.48864,68.95545,17.91141,3.915,1.18895
4/12/2020,19:00:00,0.335336,6.025,125.8,5.5,3.1,9.65954,34.07,48.88108,22.85077,4.363,0.72658
4/12/2020,20:00:00,0.344651,9.1,120.1,5.1,2.7,15.40304,45.03666,68.65433,10.82667,6.745,1.255
4/12/2020,21:00:00,0.257712,13,111.9,4.4,3,8.55,46.15976,59.26957,6.18667,10.684,1.45316
4/12/2020,22:00:00,0.232873,12.85,104,4.2,3.6,2.70859,39.40827,43.56138,9.77893,11.156,1.1229
4/12/2020,23:00:00,0.198717,13.15,107.2,4.8,3.3,2.93702,31.93161,36.43498,14.06969,11.887,0.79263
4/12/2020,24:00:00,0.133514,7.725,121.8,4.9,2.7,1.56641,20.68373,23.08552,31.83142,6.887,0.92474
5/12/2020,1:00:00,0.070285,5.975,123.6,5.1,2.8,0.28266,12.80797,13.24138,41.11142,5.401,0.44025
5/12/2020,2:00:00,0.082688,5.15,117.5,4.6,2.8,0.54358,11.80602,12.63949,41.84318,4.528,0.70439
5/12/2020,3:00:00,0.102327,7.275,111.9,5.2,3,0.42399,12.69158,13.34169,40.16346,6.203,0.46226
5/12/2020,4:00:00,0.161243,8.75,110.8,4.5,2.7,0.35876,12.4405,12.99059,43.05723,6.061,0.33019
5/12/2020,5:00:00,0.148839,9.475,93,3.5,1.9,0.61968,15.1,16.05015,39.51486,5.849,1.05659
5/12/2020,6:00:00,0.099226,8.95,93,3.5,1.9,1.43504,16.10684,18.30721,39.01594,5.071,0.92452
5/12/2020,7:00:00,0.077521,9.4,72.3,3,1.5,2.31563,20.67511,24.2257,37.66884,4.976,0.92452
5/12/2020,8:00:00,0.071319,9,65.1,2.9,1.2,4.23989,23.14155,29.64263,33.97679,4.788,0.99056
5/12/2020,9:00:00,0.080621,9.975,56.7,2.6,1.2,4.30512,26.10109,32.70219,33.02884,4.859,1.38678
5/12/2020,10:00:00,0.11473,11.4,49.1,2.7,2.3,10.0779,32.19633,47.64889,29.48647,5.283,0.92452
5/12/2020,11:00:00,0.108529,10.475,42.9,2,3.5,9.32776,30.2368,44.53917,31.23271,5.212,1.32074
5/12/2020,12:00:00,0.145738,11.075,34.8,2.2,4.6,14.02426,34.47134,55.97491,31.9312,5.566,1.58489
5/12/2020,13:00:00,0.170545,11.625,28.4,2.6,4.8,13.33935,34.66885,55.12224,30.93335,5.519,1.45281
5/12/2020,14:00:00,0.19225,8.5,13.5,2.4,4.2,16.17682,36.23663,61.04074,29.53636,4.67,1.32074
5/12/2020,15:00:00,0.179847,8.7,357,2.6,3.2,14.61132,35.52731,57.93102,28.83787,5.212,1.51885
5/12/2020,16:00:00,0.19225,11.775,4.9,2.7,2.7,13.40458,39.68482,60.23823,23.10023,6.344,1.12263
5/12/2020,17:00:00,0.201553,8.875,19.5,2.9,3.3,13.79596,43.64899,64.80249,21.3041,5.896,1.45281
5/12/2020,18:00:00,0.170545,11,12.8,3.5,3,9.22992,34.85078,49.00312,28.88776,8.09,1.32074
5/12/2020,19:00:00,0.145738,7.05,4.2,3.2,3.2,8.57763,35.65032,48.8025,32.18066,5.566,0.85848
5/12/2020,20:00:00,0.164343,8.45,353.1,2.6,3.1,7.79488,39.45866,51.41065,25.69464,6.887,1.12263
5/12/2020,21:00:00,0.164343,9.025,349.9,2.4,3,7.89272,40.66287,52.76488,22.75098,7.17,1.05659
5/12/2020,22:00:00,0.167443,10.9,342.3,2.5,2.8,5.41402,36.43843,44.7398,26.24346,7.736,1.12263
5/12/2020,23:00:00,0.204654,13.15,326,2.1,2.6,4.50081,32.42173,39.32287,25.19571,10.283,1.05659
5/12/2020,24:00:00,0.158141,12.825,300.7,2.1,2.5,2.47871,23.03322,26.83385,31.73163,9.882,0.92452
6/12/2020,1:00:00,0.126963,11.425,303.2,2.3,1.2,1.934,20.96212,23.92754,33.32819,8.561,0.79225
6/12/2020,2:00:00,0.108384,9.575,307.9,2.5,2.3,1.19517,11.66845,13.50102,41.31099,6.769,0.79225
6/12/2020,3:00:00,0.080514,6.875,299.6,2.2,3,0.65191,9.37682,10.3764,45.55185,5.165,0.46215
6/12/2020,4:00:00,0.068127,6.075,308.2,1.7,3.3,0.65191,7.97325,8.97283,45.15271,4.764,0.79225
6/12/2020,5:00:00,0.052643,5.475,318,1.4,3.4,0.58672,7.02053,7.92015,43.30669,4.316,0.33011
6/12/2020,6:00:00,0.05574,4.95,341,1.8,3.5,0.61932,8.97565,9.92525,37.86841,4.009,0.52817
6/12/2020,7:00:00,0.083609,4.25,350.1,2,3.6,1.36901,13.99182,16.09094,32.08088,2.948,0.39613
6/12/2020,8:00:00,0.095996,4.65,349.4,2.5,4,3.35734,17.45967,22.60752,28.38883,3.137,0.46215
6/12/2020,9:00:00,0.10219,4.375,343.4,2.2,4.2,3.61811,17.76162,23.30931,27.49077,3.09,0.33011
6/12/2020,10:00:00,0.154833,4.5,347.6,2.2,4.4,5.31307,20.22559,28.37219,24.79657,2.759,0.99032
6/12/2020,11:00:00,0.16722,4.1,5.6,2.3,4.9,7.49698,20.08515,31.58035,24.69679,2.5,0.72623
6/12/2020,12:00:00,0.198186,3.95,17.4,2.3,5.3,8.54003,19.63875,32.73328,24.84647,2.524,0.99032
6/12/2020,13:00:00,0.207477,4.075,23.4,1.9,5.3,11.96257,24.96785,43.31019,20.95485,3.16,0.79225
6/12/2020,14:00:00,0.226056,4.475,37.1,1.6,5.2,13.00562,27.88,47.82167,19.40818,3.09,1.12236
6/12/2020,15:00:00,0.263216,6.4,62.3,1.4,5,13.07081,30.33654,50.37817,15.86582,4.458,1.2544
6/12/2020,16:00:00,0.315859,6.675,104.4,1.5,4.9,17.50381,35.11884,61.95764,11.47528,4.835,1.2544
6/12/2020,17:00:00,0.278699,7.1,120.8,1.1,4.8,21.02413,34.03206,66.2686,12.6727,4.882,0.99032
6/12/2020,18:00:00,0.291086,7.2,22.2,0.4,4.4,13.10341,34.09626,54.18787,11.47528,5.472,0.72623
6/12/2020,19:00:00,0.216766,8.45,76.2,1.3,3.9,3.38994,23.22448,28.42231,22.6512,6.84,1.05634
6/12/2020,20:00:00,0.226056,13.225,120.2,2.2,3.6,4.30261,21.62456,28.2218,19.85722,11.392,0.99032
6/12/2020,21:00:00,0.235347,25.875,119.9,1.9,2.7,8.99637,36.73432,50.52856,3.14323,23.16,1.45247
6/12/2020,22:00:00,0.253926,24.65,117.9,1.8,2.5,8.99637,41.04528,54.83953,2.6443,21.415,1.38644
6/12/2020,23:00:00,0.238443,24.725,138.2,1.3,2.3,6.91026,41.08591,51.68149,3.29291,20.849,1.38644
6/12/2020,24:00:00,0.201283,23.275,178.3,0.3,1.8,5.8672,32.20859,41.20484,8.83097,19.835,1.65053
7/12/2020,1:00:00,0.201013,20.25,157.3,1.2,0.5,9.31689,39.48653,53.77223,3.45921,17.571,2.02417
7/12/2020,2:00:00,0.176273,18.475,339.7,0,-0.8,2.93189,35.98397,40.47946,9.64588,16.085,1.76014
7/12/2020,3:00:00,0.154626,14.55,304.2,1.8,-1.2,1.49852,20.99803,23.29573,23.64905,12.547,1.58413
7/12/2020,4:00:00,0.145348,11.175,323.1,1.6,-1.8,0.78184,10.72461,11.92341,34.32604,10,1.32011
7/12/2020,5:00:00,0.117516,7.9,345.3,1.9,-2.2,0.65153,7.76821,8.76721,40.26325,7.123,1.12209
7/12/2020,6:00:00,0.108238,8.225,10.9,1.9,-2.5,1.1076,8.97265,10.67095,40.36303,7.406,1.2541
7/12/2020,7:00:00,0.126793,10.95,358.9,1.8,-2.7,4.59329,18.10642,25.14937,32.23056,9.67,1.32011
7/12/2020,8:00:00,0.154626,12.55,331.1,1.8,-2.9,11.62982,30.56286,48.395,21.45378,11.179,1.51812
7/12/2020,9:00:00,0.201013,14.175,332.8,1.8,-2.9,14.69202,36.43831,58.96575,15.56646,12.359,1.12209
7/12/2020,10:00:00,0.126793,13.35,337.6,1.9,-1.4,12.73742,29.51584,49.04628,27.79012,11.297,1.32011
7/12/2020,11:00:00,0.068035,9.675,331,1.6,1,5.99408,19.21497,28.40576,39.66454,8.42,0.79207
7/12/2020,12:00:00,0.095867,11.2,311.5,1.4,2.1,8.33959,22.58224,35.36943,35.274,8.703,0.72606
7/12/2020,13:00:00,0.123701,19.425,293.6,1.4,2.7,9.83811,25.79536,40.88025,31.48217,9.528,1.32011
7/12/2020,14:00:00,0.182458,16.95,287.7,1.6,2.5,14.10564,31.12522,52.75356,24.89636,9.552,1.91416
7/12/2020,15:00:00,0.179366,13.6,278.4,2.1,1.2,10.94572,30.50964,47.29284,25.64475,8.656,1.65013
7/12/2020,16:00:00,0.225754,15.15,286,2.5,0.5,13.12834,38.38503,58.51487,18.26066,8.349,1.32011
7/12/2020,17:00:00,0.330898,14.725,283.5,2.7,0.3,17.39587,44.31607,70.98936,13.62065,8.892,1.91416
7/12/2020,18:00:00,0.368008,12.4,286.2,2.8,0.1,15.24582,38.89565,62.27225,14.21936,9.528,1.32011
7/12/2020,19:00:00,0.485524,14.925,282.2,2.8,0.1,21.40278,49.09366,81.9108,5.88732,11.981,1.38611
7/12/2020,20:00:00,0.497893,17.175,279.2,2.9,0.1,13.94276,43.29837,64.67697,13.12173,14.316,1.71614
7/12/2020,21:00:00,0.269048,14.05,274.4,2.7,-0.1,8.0464,35.60647,47.94412,17.16302,10.778,0.79207
7/12/2020,22:00:00,0.337084,13.675,270.4,2.7,-0.2,13.51926,43.34654,64.07579,6.6856,11.533,1.05609
7/12/2020,23:00:00,0.318529,13.65,271.3,3,0,7.72064,32.69928,44.53743,14.06969,11.392,0.92408
7/12/2020,24:00:00,0.281419,13.775,270.3,3.1,0.1,5.11452,35.74341,43.58556,13.37119,12.123,0.92408
8/12/2020,1:00:00,0.111181,14,240,2.8,1.4,8.44325,47.8712,60.81734,2.99355,12.5,1.49576
8/12/2020,2:00:00,0.090592,12.9,238.1,3.1,1.2,4.44953,45.24941,52.07192,4.72316,11.321,1.14382
8/12/2020,3:00:00,0.105004,13.25,243.7,2.9,1,4.36271,43.07935,49.76874,5.73764,11.816,1.18781
8/12/2020,4:00:00,0.089562,15.4,246.9,3,1.2,2.89762,37.56507,42.00802,8.23226,13.208,1.31979
8/12/2020,5:00:00,0.071032,15.275,245.5,2.8,1.5,3.06041,31.10689,35.79945,10.87657,13.278,1.05583
8/12/2020,6:00:00,0.055591,12.1,243,2.9,1.6,4.49294,32.56542,39.4545,10.22796,10.448,0.6599
8/12/2020,7:00:00,0.077209,13,240.4,2.8,1.7,14.716,42.42555,64.98977,3.54237,10.967,1.2538
8/12/2020,8:00:00,0.080297,11.525,244.5,3,3.3,25.91579,47.33328,87.07027,2.84387,8.679,1.2538
8/12/2020,9:00:00,0.095739,13.4,239,3.5,3.5,25.23208,47.63058,86.31923,4.24086,8.915,1.12182
8/12/2020,10:00:00,0.098828,13.275,236.9,4.1,4.2,18.72057,44.34642,73.0509,10.22796,7.736,1.51776
8/12/2020,11:00:00,0.074121,7.7,234.7,4,4.6,13.6416,36.86298,57.77981,17.81162,5.047,1.05583
8/12/2020,12:00:00,0.074121,8.025,232.6,3.8,5.1,12.46953,33.25266,52.37234,21.50367,4.505,1.51776
8/12/2020,13:00:00,0.138976,9.925,241.7,3.8,5.4,16.14853,36.92447,61.6852,17.41248,5.212,1.38578
8/12/2020,14:00:00,0.111181,9.4,238.7,3.7,5.4,15.00902,38.0208,61.0343,15.61635,5.354,1.58375
8/12/2020,15:00:00,0.108092,9.85,218.6,3.5,5.4,16.34388,40.73061,65.79087,13.17162,4.906,1.58375
8/12/2020,16:00:00,0.108092,7.575,210.2,3.3,5.5,10.87421,40.25507,56.92863,14.41893,4.009,0.98984
8/12/2020,17:00:00,0.138976,8.55,211.2,2.6,5.5,24.35303,49.77955,87.12033,6.28646,4.693,1.51776
8/12/2020,18:00:00,0.200743,7.225,225.5,1.7,5.4,26.69717,54.24638,95.18147,2.74409,4.929,1.58375
8/12/2020,19:00:00,0.259422,9.85,234.8,1.7,4.9,37.34348,56.39779,113.65699,1.04774,6.392,1.84771
8/12/2020,20:00:00,0.274864,13.2,234.6,1.8,5,37.79928,55.49862,113.45671,1.19742,8.726,1.9137
8/12/2020,21:00:00,0.410752,16.075,251.2,2,5.2,32.72031,51.21961,101.39004,1.84602,11.203,2.11167
8/12/2020,22:00:00,0.148241,10.8,269.4,2.1,5.3,14.4881,36.1158,58.33057,8.58151,8.373,1.18781
8/12/2020,23:00:00,0.129711,9.55,266.8,2.1,5.4,5.59989,26.81251,35.3989,14.11958,8.184,1.18781
8/12/2020,24:00:00,0.095739,9.45,266.4,2.1,5.3,3.22319,18.89076,23.83292,17.36259,8.208,1.05583
9/12/2020,1:00:00,0.169631,9.025,283.1,2.1,3.2,2.23431,16.65681,20.08271,18.56001,7.099,1.05558
9/12/2020,2:00:00,0.148042,8.625,308.2,2.4,4.7,1.01954,12.51464,14.07791,25.14582,7.028,0.87965
9/12/2020,3:00:00,0.111031,7.6,299.6,2.7,5.4,0.87854,9.21136,10.55843,32.6297,6.014,1.05558
9/12/2020,4:00:00,0.086358,6.025,320.7,2.6,5.3,1.10631,10.31328,12.00959,38.76647,4.316,0.65974
9/12/2020,5:00:00,0.074021,4.7,303.3,2.2,4.9,1.10631,8.86212,10.55843,40.5626,3.302,0.59376
9/12/2020,6:00:00,0.064768,5.525,297.4,2.4,5.1,1.269,8.9129,10.85867,39.71443,3.797,0.32987
9/12/2020,7:00:00,0.104863,7.15,303,2.8,5.5,8.13463,31.56225,44.03517,18.11098,4.505,1.2535
9/12/2020,8:00:00,0.181968,7.4,290.3,2.6,5.6,9.01317,31.51621,45.33621,19.50797,4.292,0.72571
9/12/2020,9:00:00,0.215894,8.175,292.5,2.4,5.4,19.42549,43.8735,73.65883,10.47743,4.34,1.5174
9/12/2020,10:00:00,0.209726,7.65,293.7,2.5,5.4,15.91133,39.80425,64.20128,17.56216,3.585,1.12155
9/12/2020,11:00:00,0.27141,9.625,292.2,2.2,5.9,19.84849,42.62443,73.05835,17.51227,4.505,1.18753
9/12/2020,12:00:00,0.243652,11.675,277.5,2.1,6.1,16.39941,37.75483,62.90024,27.44088,5.071,1.18753
9/12/2020,13:00:00,0.404031,26.775,263.3,2.5,6,12.85271,38.28911,57.99632,29.48647,7.193,1.12155
9/12/2020,14:00:00,0.351599,20.15,273.6,2.5,5.6,14.12171,43.64917,65.30216,23.69894,7.547,1.31948
9/12/2020,15:00:00,0.400947,35.2,284.2,2.3,5.3,23.00473,58.10116,93.37458,11.77463,11.156,1.58337
9/12/2020,16:00:00,0.222063,22.525,283.6,1.8,4.7,18.8398,61.68506,90.57234,7.03484,9.363,1.38545
9/12/2020,17:00:00,0.336178,21.075,250.1,2.5,4,42.88575,71.40231,137.15955,2.19527,9.859,2.507
9/12/2020,18:00:00,0.348515,21.425,270,1.7,2.8,51.76877,71.34271,150.72038,1.44688,11.604,2.70493
9/12/2020,19:00:00,0.326926,23.725,258.6,1.2,2.6,49.62123,67.42981,143.51463,1.54667,13.184,3.10077
9/12/2020,20:00:00,0.255989,27.725,223.8,0.8,2.2,31.65997,57.18984,105.73445,1.49678,14.033,4.94803
9/12/2020,21:00:00,0.255989,24.525,199.6,1.2,1.6,25.90065,55.6624,95.37618,2.54452,14.458,5.47583
9/12/2020,22:00:00,0.225147,20.775,186.4,1.4,1.4,18.6771,52.82724,81.46507,2.29506,13.066,5.01401
9/12/2020,23:00:00,0.188136,19.375,168,1.5,1.2,13.1781,52.75214,72.95827,1.49678,11.557,3.49661
9/12/2020,24:00:00,0.1758,18.325,142.5,1.6,0.6,10.67263,48.13705,64.50152,2.29506,11.793,2.7709
10/12/2020,1:00:00,0.077001,17.5,141.1,2.3,2.9,8.21659,40.01274,52.61134,5.78753,11.344,1.23122
10/12/2020,2:00:00,0.077001,14.825,145.9,2.8,3.4,3.96738,36.79268,42.87591,7.91628,10.307,0.61561
10/12/2020,3:00:00,0.080082,13.325,141.6,3.4,3.6,3.21943,35.17225,40.10864,11.12603,8.986,0.52766
10/12/2020,4:00:00,0.064681,13.35,144.9,3.3,3.3,3.77226,36.92515,42.7092,10.07829,8.42,0.52766
10/12/2020,5:00:00,0.055442,13.675,144.9,2.7,3,4.39013,37.42807,44.15952,8.58151,9.528,0.72554
10/12/2020,6:00:00,0.077001,16.375,143.5,2.7,2.6,5.82099,38.78489,47.71028,6.03699,11.769,0.72554
10/12/2020,7:00:00,0.089322,18.025,152.2,3.6,2.9,8.09735,41.19578,53.61155,4.24086,12.665,0.52766
10/12/2020,8:00:00,0.107801,18.05,164.2,3.8,3,17.49549,45.98965,72.81569,2.04559,12.076,1.45108
10/12/2020,9:00:00,0.129362,19.875,164,3.5,2.7,24.90993,46.37353,84.56823,2.19527,11.887,1.2532
10/12/2020,10:00:00,0.120122,19,161.5,3.5,2.7,24.3571,43.27034,80.61737,4.78968,11.109,1.12129
10/12/2020,11:00:00,0.129362,23.325,154.9,3.5,2.6,30.66589,44.79942,91.81979,4.64,13.113,3.10003
10/12/2020,12:00:00,0.092401,29.05,153.1,3.6,2.6,16.91014,37.43514,63.36366,11.27571,17.642,3.82557
10/12/2020,13:00:00,0.098561,26.6,152.2,3.6,2.4,17.65809,38.28873,65.36409,11.57506,17.217,6.00218
10/12/2020,14:00:00,0.104722,24.875,152.6,3.9,2.3,15.83699,40.23085,64.5139,10.12818,14.741,4.81494
10/12/2020,15:00:00,0.123203,26.625,152.6,4.2,2.6,13.95086,40.52232,61.91334,8.83097,15.731,3.56173
10/12/2020,16:00:00,0.138603,22.175,152.8,4.7,2.6,15.73944,42.18083,66.31429,7.08474,15.212,1.64895
10/12/2020,17:00:00,0.160162,20.45,154.2,4.7,2.2,19.02391,44.19623,73.36581,5.48818,15.731,3.36386
10/12/2020,18:00:00,0.150922,20.325,162.5,4.6,2,15.83699,42.28129,66.56434,6.78538,16.51,2.0447
10/12/2020,19:00:00,0.135522,21.925,161.7,4.8,2,8.81278,32.54718,46.05993,12.27356,17.854,0.65958
10/12/2020,20:00:00,0.150922,20.85,161.2,5.7,2.8,10.11356,32.5031,48.01035,11.42538,16.793,2.37449
10/12/2020,21:00:00,0.123203,19.75,157.2,5.8,3.7,6.11367,28.58402,37.95818,14.36904,15.991,2.70428
10/12/2020,22:00:00,0.107801,17.55,157.8,5.8,4.3,3.80478,24.27257,30.10649,17.76173,14.693,1.12129
10/12/2020,23:00:00,0.110882,17.75,160.9,5.5,4.8,5.07304,26.22877,34.00733,16.26496,14.34,1.51704
10/12/2020,24:00:00,0.092401,15,166.6,4.9,5,4.87793,25.92782,33.4072,17.3127,12.382,3.16598
11/12/2020,1:00:00,0.073822,11.425,163,5.7,5.6,3.70506,21.64226,27.32327,21.15442,9.67,2.98938
11/12/2020,2:00:00,0.065619,10.325,159.8,5.6,5.8,2.1017,18.2362,21.45876,23.61578,8.939,1.23092
11/12/2020,3:00:00,0.061517,10.35,158.8,5.1,5.9,1.72253,17.55139,20.19256,23.79872,8.561,0.85725
11/12/2020,4:00:00,0.070746,10.55,158,4.9,5.9,1.59252,17.20093,19.64276,23.10023,9.151,0.72536
11/12/2020,5:00:00,0.073822,8.45,161.7,4.1,6.1,3.02255,23.75504,28.38954,16.76388,7.193,1.2529
11/12/2020,6:00:00,0.06767,8.775,156.2,3.3,6.2,3.99756,24.8091,30.9386,15.81592,7.028,0.59348
11/12/2020,7:00:00,0.092277,12.175,167.4,3,6.3,7.41011,33.57144,44.93345,7.58366,9.34,1.18696
11/12/2020,8:00:00,0.095353,13.125,152.5,2.3,6.4,13.2277,40.39546,60.67765,3.29291,10.212,1.12102
11/12/2020,9:00:00,0.10458,15.55,135.4,2,6.5,14.85272,43.75164,66.52549,2.74409,12.146,0.85725
11/12/2020,10:00:00,0.110733,16.025,129.6,2.1,6.5,13.7477,37.4989,58.57842,5.88732,12.712,0.79131
11/12/2020,11:00:00,0.107657,20.125,146.6,2.1,6.7,17.38776,40.31447,66.97533,5.28861,15.731,1.12102
11/12/2020,12:00:00,0.116885,22.5,148.9,1.8,6.9,19.76029,44.67369,74.97238,6.13678,15.943,0.98913
11/12/2020,13:00:00,0.083049,16,191,1.9,6.8,9.39264,38.97849,53.38034,12.82237,12.642,0.79131
11/12/2020,14:00:00,0.11996,20.85,219.6,1.5,6.8,11.47267,38.28823,55.87942,10.87657,17.76,8.17684
11/12/2020,15:00:00,0.089201,11.8,197.3,0.9,6.7,10.36766,38.38316,54.28001,7.78323,9.811,0.98913
11/12/2020,16:00:00,0.10458,13.55,145.7,1.3,6.6,11.60267,40.68794,58.47846,5.3385,11.085,0.92319
11/12/2020,17:00:00,0.147643,19.9,166.3,1.6,6.6,17.42026,43.91329,70.62398,2.59441,17.547,0.98913
11/12/2020,18:00:00,0.286059,18.3,171.7,1.5,6.5,26.5529,48.20337,88.91725,1.9957,15.637,1.31885
11/12/2020,19:00:00,0.316817,16.375,144.7,1.2,6.4,40.0406,51.56366,112.95839,1.49678,14.293,1.05508
11/12/2020,20:00:00,0.335273,18.025,142.9,0.9,6.4,24.86287,44.74694,82.86947,1.79613,16.297,0.52754
11/12/2020,21:00:00,0.295287,17,167.9,0.3,6.3,24.31036,43.04504,80.32041,1.59656,15.519,1.05508
11/12/2020,22:00:00,0.267603,17.4,296.9,0.4,6.3,15.37273,38.50594,62.07713,2.29506,15.802,0.92319
11/12/2020,23:00:00,0.17225,17.025,340.4,0.9,6.3,8.90513,31.77892,45.43326,4.78968,15.142,0.79131
11/12/2020,24:00:00,0.113809,12.825,328.1,1.1,6.3,4.94007,23.96371,31.53838,12.32345,11.368,0.72536
12/12/2020,1:00:00,0.187377,12.85,273.06,4.66,5.6,3.96274,27.29209,33.3682,9.91198,11.651,0.52741
12/12/2020,2:00:00,0.162803,13.525,239.32,7.72,6.4,1.62407,21.42034,23.91055,13.83685,12.264,0.35161
12/12/2020,3:00:00,0.132085,12.7,260.52,6.9,7.98,2.33867,18.4431,22.02901,16.96345,11.486,0.9889
12/12/2020,4:00:00,0.110583,14.075,263.22,8.36,5.66,0.71459,13.44046,14.53615,21.00474,12.877,0.65927
12/12/2020,5:00:00,0.107512,17.175,266.92,8.34,4.8,0.74707,13.64041,14.78591,17.66195,15.118,0.72519
12/12/2020,6:00:00,0.110583,14.725,245.86,9.2,7.44,2.69596,15.89716,20.03091,15.51657,12.925,0.65927
12/12/2020,7:00:00,0.1413,16.475,249.5,7.78,5.64,8.83496,24.11736,37.66411,9.28001,14.528,0.79112
12/12/2020,8:00:00,0.147444,15.825,301.28,1.7,5.9,12.7977,31.12877,50.75164,5.43828,14.08,0.65927
12/12/2020,9:00:00,0.181233,17.975,229.56,3.02,4.16,15.26629,31.14003,54.54802,6.78538,15.283,1.18668
12/12/2020,10:00:00,0.156659,14.25,261.18,4.22,5.68,8.83496,28.96274,42.50949,16.86367,11.769,1.12075
12/12/2020,11:00:00,0.129013,12.15,206.1,5.62,8.06,8.80248,26.66478,40.16173,18.51012,9.835,1.05482
12/12/2020,12:00:00,0.116726,4.15,208.4,5.3,10.8,5.42441,19.00666,27.32396,38.01809,2.406,0.85704
12/12/2020,13:00:00,0.064507,2.325,172.68,4.32,11.42,4.54741,17.45413,24.42672,42.45852,1.392,0.65927
12/12/2020,14:00:00,0.070651,1.975,210.26,5.12,10.34,4.93718,16.35696,23.9272,43.95529,1.061,0.59334
12/12/2020,15:00:00,0.086009,1.925,215.04,6.86,8.98,5.16455,19.80471,27.72358,42.35873,1.179,1.05482
12/12/2020,16:00:00,0.138229,5.1,249.76,4.98,13.72,5.32696,21.9534,30.1213,38.91615,2.901,1.05482
12/12/2020,17:00:00,0.092152,7.45,229.98,4.64,7.22,5.16455,21.25333,29.1722,39.11572,4.222,0.85704
12/12/2020,18:00:00,0.101368,8.425,227.28,5.98,8.38,4.22259,19.6006,26.07515,41.21121,4.717,0.72519
12/12/2020,19:00:00,0.12287,9.325,180.36,3.4,9.92,4.32004,23.44738,30.07134,36.82067,5.755,0.72519
12/12/2020,20:00:00,0.092152,11.3,143.24,4.42,8.5,4.67733,25.3472,32.51901,33.77722,7.052,1.38446
12/12/2020,21:00:00,0.227309,10.125,259.26,4.5,8.52,5.29448,21.8034,29.92149,36.5712,6.745,0.79112
12/12/2020,22:00:00,0.288744,12.95,170.9,3.72,8.7,4.77478,27.84527,35.16649,33.42798,8.892,1.18668
12/12/2020,23:00:00,0.1413,13,188.82,3.44,9.8,3.18318,22.74286,27.62368,34.32604,9.623,1.2526
12/12/2020,24:00:00,0.110583,14.4,196.2,4,4.72,3.508,22.74434,28.1232,30.5841,10.731,1.05482
13/12/2020,1:00:00,0.147245,14.575,259.3,1.9,2.7,4.34997,26.87854,33.5484,24.74668,11.439,0.96669
13/12/2020,2:00:00,0.125771,12.35,256,2.2,2.5,2.53207,27.80214,31.6846,21.48704,9.741,0.52729
13/12/2020,3:00:00,0.128839,14.55,257.4,1.7,2.1,2.14252,30.51286,33.79801,17.9613,12.241,0.92275
13/12/2020,4:00:00,0.147245,16.95,245.3,1.6,2.1,1.8179,28.71414,31.50155,18.6598,14.434,0.85684
13/12/2020,5:00:00,0.171786,18.7,209.9,1.4,2,6.62234,32.82977,42.98388,10.92646,15.472,0.92275
13/12/2020,6:00:00,0.174852,20.175,183,2.1,2.1,6.68727,36.774,47.02766,6.53592,17.335,1.51594
13/12/2020,7:00:00,0.159515,18.075,160.5,2.6,2.1,17.30249,44.90999,71.44011,1.3471,14.717,2.17505
13/12/2020,8:00:00,0.15338,17.175,160.8,2.9,2.5,17.62712,42.1657,69.19357,1.24731,13.113,5.14103
13/12/2020,9:00:00,0.125771,15.35,156.4,4,2.4,12.01111,38.09629,56.51307,6.43613,11.297,5.60241
13/12/2020,10:00:00,0.110434,11.45,156,4.4,2.7,5.58354,34.17295,42.73427,17.06324,8.278,3.691
13/12/2020,11:00:00,0.098163,10.9,155,6,4,4.96676,31.17475,38.79033,23.10023,7.665,2.63643
13/12/2020,12:00:00,0.082825,8.4,161.6,7.1,5,2.88916,23.07771,27.50769,33.82712,5.684,1.64777
13/12/2020,13:00:00,0.101231,7.95,160.1,7.5,5.6,5.45369,30.52797,38.89018,29.98539,5.825,2.83416
13/12/2020,14:00:00,0.119637,6.4,168.3,7.4,6.3,5.71339,35.72116,44.48158,29.63615,4.67,5.14103
13/12/2020,15:00:00,0.138042,6.75,172.8,7.6,7.1,6.36264,44.0613,53.81722,23.69894,4.811,6.32742
13/12/2020,16:00:00,0.147245,6.175,178.9,7.5,8.1,5.09661,39.46259,47.27728,26.94195,4.481,6.39333
13/12/2020,17:00:00,0.159515,5.65,181.6,6.4,8.9,3.53841,30.81877,36.24425,33.77722,4.434,3.691
13/12/2020,18:00:00,0.17792,6.25,187,5.4,9.8,3.60333,31.56791,37.09294,30.33464,5.189,3.03189
13/12/2020,19:00:00,0.156448,6.95,186.9,5.5,10.4,3.66826,33.61506,39.23964,24.94625,5.849,2.24096
13/12/2020,20:00:00,0.17792,4.175,197.3,5.5,10.9,7.6936,35.23097,47.02766,21.65335,3.113,1.91141
13/12/2020,21:00:00,0.208597,9.5,194.5,4.7,10.1,9.73874,46.37318,61.3057,10.82667,7.594,1.64777
13/12/2020,22:00:00,0.208597,11.125,200.1,5.2,9.6,14.28348,43.24875,65.14979,13.67055,8.821,1.45003
13/12/2020,23:00:00,0.119637,9.35,205,5.2,9.1,1.49327,25.5675,27.85715,34.77507,6.344,1.2523
13/12/2020,24:00:00,0.095095,11.9,206.6,5.5,8.8,1.10372,19.7247,21.41706,44.25465,7.099,1.51594
14/12/2020,1:00:00,0.089861,12.075,188.9,4.7,8.2,0.71376,12.41024,13.50465,57.94182,7.076,0.61502
14/12/2020,2:00:00,0.081692,14.875,199.9,5.9,8.3,0.45421,10.08067,10.77711,56.67788,8.939,0.79074
14/12/2020,3:00:00,0.08884,14.6,204,5.8,8.5,0.7462,11.67861,12.82276,55.43057,8.561,0.79074
14/12/2020,4:00:00,0.07965,14.925,204.9,5.4,8.3,0.5191,7.73594,8.53188,61.36778,8.821,0.79074
14/12/2020,5:00:00,0.07046,13.175,206.3,5.4,8.2,0.7462,8.18603,9.33018,63.56305,7.995,1.252
14/12/2020,6:00:00,0.055142,8.95,209,5.6,8,1.07063,13.67585,15.31746,61.66713,5.259,0.85663
14/12/2020,7:00:00,0.064333,5.475,214.3,6.3,7.9,1.78439,16.82243,19.55846,60.96864,3.255,0.79074
14/12/2020,8:00:00,0.140918,7.4,216.7,6.7,7.9,3.99054,27.41003,33.52878,48.94454,4.151,1.05432
14/12/2020,9:00:00,0.153173,11.375,216.9,6.9,7.8,4.89896,26.4163,33.92793,50.99014,4.976,0.85663
14/12/2020,10:00:00,0.147045,9.175,221.1,6.8,8.3,4.99629,24.2713,31.93217,53.28519,4.198,0.72484
14/12/2020,11:00:00,0.140918,8.45,226.4,6.6,8.9,4.73674,20.82743,28.09033,54.88175,3.915,0.85663
14/12/2020,12:00:00,0.143981,9.25,230.2,5.7,8.7,4.76919,17.13542,24.44807,59.57165,4.08,0.79074
14/12/2020,13:00:00,0.143981,8.825,227.1,6.2,9.3,4.21765,17.23269,23.69966,59.72132,3.538,0.59305
14/12/2020,14:00:00,0.168489,12.025,218.7,5.9,8.8,4.86652,19.58067,27.04256,56.47831,4.41,0.85663
14/12/2020,15:00:00,0.17768,12.925,211.8,5,8.2,4.7043,19.92919,27.14235,55.18111,3.703,0.79074
14/12/2020,16:00:00,0.205251,10.25,213,4.8,7.7,5.51539,27.16752,35.62433,45.80132,2.948,0.65895
14/12/2020,17:00:00,0.263456,7.5,210.8,4.7,7.1,7.88376,33.41508,45.50334,38.66669,2.901,1.38379
14/12/2020,18:00:00,0.315534,11.5,209.8,4.3,6.7,26.18186,63.23544,103.38041,13.22151,4.599,1.51558
14/12/2020,19:00:00,0.266519,12.175,211.9,3.9,6.2,15.63774,52.70957,76.68711,17.71184,6.486,1.12021
14/12/2020,20:00:00,0.281837,15.025,211.2,2.7,5.6,16.48127,62.64233,87.91326,6.78538,9.67,1.64737
14/12/2020,21:00:00,0.266519,15.175,177.6,2,4,9.6357,51.6344,66.40894,12.6727,10.165,1.51558
14/12/2020,22:00:00,0.226695,15.325,138.7,2.6,3.3,3.60122,39.28303,44.80483,21.20431,10.189,1.12021
14/12/2020,23:00:00,0.205251,16.35,136.9,2,3.8,4.12032,39.58476,45.9025,18.90926,10.307,1.51558
14/12/2020,24:00:00,0.202188,15.9,151.5,1.9,3.7,7.94865,46.88676,59.07452,13.52087,9.953,1.97685
15/12/2020,1:00:00,0.100957,13.9,198.5,3.5,5,1.27536,30.95526,32.91079,26.27672,9.009,0.79055
15/12/2020,2:00:00,0.091779,14.025,196.6,3.7,4.8,1.53476,31.55482,33.90808,25.74453,9.292,1.22974
15/12/2020,3:00:00,0.125431,16.675,202.1,3.9,4.9,2.17244,31.52449,34.85552,21.15442,10.943,1.31758
15/12/2020,4:00:00,0.12849,15.225,202.9,4,4.9,1.97789,26.78644,29.81917,24.94625,10.826,1.11994
15/12/2020,5:00:00,0.104015,15.85,206.4,3.5,4.6,1.97789,25.73928,28.77201,28.83787,11.179,0.85643
15/12/2020,6:00:00,0.091779,13,206.9,2.6,3.9,3.14517,33.67312,38.49565,22.6013,8.514,2.17401
15/12/2020,7:00:00,0.088719,12.85,196.5,2.2,2.9,8.4952,48.25808,61.28388,10.92646,8.491,0.26352
15/12/2020,8:00:00,0.12849,16.525,202.1,2.3,3.1,24.15621,62.14214,99.18114,3.39269,11.274,0.85643
15/12/2020,9:00:00,0.204973,24.15,187.9,2.2,3.1,44.51875,67.47093,135.73206,2.04559,11.84,2.89868
15/12/2020,10:00:00,0.198854,18.85,171,1.9,3.4,39.46054,63.25919,123.7645,5.63785,10.118,2.23989
15/12/2020,11:00:00,0.143787,18.425,174.9,2,4.7,28.30653,53.9334,97.33614,10.97635,10.637,3.1622
15/12/2020,12:00:00,0.149905,22.2,186.9,2.9,6,24.90197,50.47718,88.65966,15.91571,11.203,5.13857
15/12/2020,13:00:00,0.159083,9.625,184.8,3.4,6.1,10.70006,29.71843,46.12497,42.85766,4.693,3.82099
15/12/2020,14:00:00,0.070364,9.05,172.1,3.1,5.9,7.13338,26.85985,37.79754,45.80132,3.656,2.70104
15/12/2020,15:00:00,0.116254,18.55,183.4,2.8,5.8,12.28886,46.4304,65.27306,22.70109,7.453,3.62335
15/12/2020,16:00:00,0.195795,23.2,201.1,3.9,5.3,24.18863,64.28648,101.3752,5.63785,9.576,3.42571
15/12/2020,17:00:00,0.21415,19.25,196.7,3.6,5.4,21.36771,66.16846,98.93182,6.13678,8.632,5.20445
15/12/2020,18:00:00,0.21415,17.475,190.7,4.2,6.5,23.96166,65.58193,102.32263,4.04129,9.269,2.56929
15/12/2020,19:00:00,0.226388,17.5,195,3.1,6.5,20.78406,64.57012,96.43858,2.74409,10.991,1.77873
15/12/2020,20:00:00,0.241684,27.5,192.8,2.9,5.3,25.58288,64.34271,103.56925,2.09549,20.071,3.22808
15/12/2020,21:00:00,0.232506,18.075,192.7,2.6,4.5,16.99041,59.26713,85.31872,3.54237,12.217,1.64698
15/12/2020,22:00:00,0.159083,16.05,199.1,3.1,5.1,6.38761,48.79697,58.59117,10.02839,11.297,1.51522
15/12/2020,23:00:00,0.180499,19.05,194.9,3.1,5.7,10.86219,52.85645,69.51157,4.98925,13.208,3.09632
15/12/2020,24:00:00,0.168261,16.4,182.3,3.5,5.4,11.31613,52.55934,69.91049,4.29076,11.557,3.29396
16/12/2020,1:00:00,0.171087,15.775,160.5,3,3.8,3.91025,42.51105,48.50669,11.84115,10.802,2.37108
16/12/2020,2:00:00,0.116095,16.6,175.5,3.9,4.7,1.40424,30.33971,32.49284,21.55356,11.344,1.84417
16/12/2020,3:00:00,0.088599,17.6,175.6,4.6,5.6,2.13876,33.29998,36.57936,18.01119,12.028,1.84417
16/12/2020,4:00:00,0.079433,15.725,171.1,5.4,6.3,1.13419,23.42793,25.167,25.89421,10.472,1.44899
16/12/2020,5:00:00,0.085544,14.1,170.5,5.8,6.6,1.62027,25.02489,27.50927,24.597,9.906,1.05381
16/12/2020,6:00:00,0.076379,13.5,172.7,6.2,6.8,2.78687,30.61181,34.88495,21.10453,9.198,0.7245
16/12/2020,7:00:00,0.085544,16.525,174.8,6.9,7,4.1803,30.76768,37.17739,25.9441,8.326,3.2273
16/12/2020,8:00:00,0.091654,11.375,176.6,7.6,7.6,5.70336,35.55886,44.30388,27.49077,6.486,3.02971
16/12/2020,9:00:00,0.088599,8.425,180.3,7.8,7.9,5.76817,34.66212,43.50651,33.62755,4.859,2.23935
16/12/2020,10:00:00,0.085544,7.95,180.3,7.8,8.1,5.21727,31.42028,39.41999,38.41723,4.198,1.71245
16/12/2020,11:00:00,0.091654,9.225,180.6,7.8,8.2,6.35146,33.41889,43.15766,34.82497,5.118,1.44899
16/12/2020,12:00:00,0.11915,9.4,183.2,7.4,8.4,8.39301,37.36523,50.23432,30.73378,5.377,2.17349
16/12/2020,13:00:00,0.11304,10.8,184,6.8,8.5,6.90236,35.66401,46.24747,32.33034,5.802,1.77831
16/12/2020,14:00:00,0.146646,10.8,191.7,5.5,8.6,9.20314,41.1066,55.21789,25.34539,6.132,1.64658
16/12/2020,15:00:00,0.287183,6.375,185.1,4.9,8.5,11.53633,56.61614,74.30494,22.6013,3.514,1.38313
16/12/2020,16:00:00,0.186364,8.1,185.6,4.8,8.4,8.9439,62.48491,76.19869,19.55786,4.033,1.31727
16/12/2020,17:00:00,0.290239,10.175,189.4,4.4,8,23.2995,77.551,113.27641,4.39054,5.377,1.77831
16/12/2020,18:00:00,0.308569,13.5,189.9,3.8,7.4,31.6601,80.08097,128.62578,3.44258,6.533,1.91004
16/12/2020,19:00:00,0.381893,14.15,186.4,2.6,6,46.14533,76.40946,147.16464,6.33635,6.792,2.30522
16/12/2020,20:00:00,0.180253,9.025,196.5,2.4,4.9,5.3469,38.74671,46.94517,35.37378,5.142,1.44899
16/12/2020,21:00:00,0.302459,9.4,209.8,2.7,3.8,4.66638,38.69377,45.84879,33.62755,5.401,1.18554
16/12/2020,22:00:00,0.143591,8.175,228.7,4.8,5.4,2.52762,24.63035,28.50599,48.29594,4.693,0.59277
16/12/2020,23:00:00,0.122206,9.125,232.5,4.8,6.3,2.398,32.30445,35.98133,38.81637,5.259,0.98795
16/12/2020,24:00:00,0.134427,9.9,235.9,4.2,6.2,1.13419,21.73352,23.47259,47.99659,5.189,0.32932
17/12/2020,1:00:00,0.061019,11.55,211.1,3.2,4.3,0.62614,18.56406,19.52413,52.08777,5.566,0.87797
17/12/2020,2:00:00,0.069156,10.25,209.9,2.4,3.7,0.7125,14.77917,15.87166,55.61351,5.024,0.52678
17/12/2020,3:00:00,0.106785,10.275,226.3,3.4,4.1,3.23864,33.13609,38.10193,34.67529,5.259,0.79017
17/12/2020,4:00:00,0.070172,7.725,236.1,4,5.7,0.80966,14.24834,15.48981,54.73207,4.127,0.85602
17/12/2020,5:00:00,0.088479,6.85,240.1,3.5,4.8,1.45739,15.89492,18.12955,48.99444,4.269,0.92187
17/12/2020,6:00:00,0.085428,8.3,242,2.9,4.3,2.20228,22.37316,25.74993,38.26755,4.929,0.59263
17/12/2020,7:00:00,0.103734,7.6,247.3,3.5,4.3,4.24262,31.44725,37.95251,27.39098,4.623,1.05356
17/12/2020,8:00:00,0.295945,7.075,247.5,4.8,5.1,26.16822,51.07156,91.19561,11.37549,4.623,1.05356
17/12/2020,9:00:00,0.305098,13.325,246.8,5.4,5.6,62.95919,66.13178,162.66786,1.89592,6.439,2.37051
17/12/2020,10:00:00,0.396628,25.85,247.1,5.6,6.4,88.77116,70.08481,206.1987,2.49463,11.203,3.48992
17/12/2020,11:00:00,0.30815,12.6,242.3,5.9,7.4,48.35292,53.41421,127.55431,11.87442,6.533,3.22653
17/12/2020,12:00:00,0.247129,9.9,242.1,5.6,7.7,10.59036,27.1929,43.43122,33.02884,3.915,1.2511
17/12/2020,13:00:00,0.271538,9.35,243.6,5.5,8.1,11.36763,29.18871,46.61884,33.37808,3.986,1.31695
17/12/2020,14:00:00,0.207467,9.5,242.5,4.7,8.1,7.83751,26.73207,38.74942,39.66454,3.986,1.71204
17/12/2020,15:00:00,0.244079,10.675,229.2,4.1,7.4,8.51763,32.56253,45.62271,33.97679,4.552,1.2511
17/12/2020,16:00:00,0.225773,6.95,222.6,4.8,7.1,7.44888,37.68771,49.10916,28.5884,3.632,1.2511
17/12/2020,17:00:00,0.234926,7.875,225.6,5.1,7.6,10.33127,44.32514,60.16619,20.20646,4.599,2.96314
17/12/2020,18:00:00,0.237976,9,224.1,5.3,8.1,12.69548,45.63091,65.09703,16.71399,5.566,1.44865
17/12/2020,19:00:00,0.183059,11.1,218.1,5,8,10.16933,39.44336,55.03613,21.35399,7.382,0.98771
17/12/2020,20:00:00,0.149498,13.625,217.1,4.8,8.2,5.31137,31.20311,39.34709,27.54066,9.316,1.3828
17/12/2020,21:00:00,0.15255,14.725,200.7,4.4,7.8,3.3358,25.2173,30.33213,32.92905,10.519,1.18526
17/12/2020,22:00:00,0.134244,10.25,191.6,4.1,7.6,2.33182,18.8873,22.46271,39.11572,6.91,0.98771
17/12/2020,23:00:00,0.134244,11.025,193,4.7,8,2.04035,17.74042,20.8689,40.81207,7.547,1.11941
17/12/2020,24:00:00,0.131193,9.35,204,6.3,8.6,1.61932,14.99914,17.48206,43.45637,6.25,0.85602
18/12/2020,1:00:00,0.11578,3.975,201.4,7.4,10.5,0.66893,9.65985,10.68552,48.22942,2.547,1.22886
18/12/2020,2:00:00,0.11578,2.675,203.8,7.4,10.8,0.4963,5.94236,6.70334,52.35386,1.675,1.31664
18/12/2020,3:00:00,0.11578,2.85,213.8,6.8,11.1,0.64735,9.31131,10.30389,48.19616,2.005,1.05331
18/12/2020,4:00:00,0.100546,2.35,211.5,6.6,11.3,0.61498,7.71829,8.66124,49.99229,1.627,0.92165
18/12/2020,5:00:00,0.076171,2.3,205.8,6.4,11.5,0.84155,9.56108,10.85144,48.5953,1.58,0.92165
18/12/2020,6:00:00,0.05789,1.775,198.7,5.5,10.8,1.06812,11.45365,13.09142,47.2482,1.061,1.2508
18/12/2020,7:00:00,0.060937,2.1,199.1,4.4,10.6,2.42756,16.1887,19.9109,43.35658,1.297,0.92165
18/12/2020,8:00:00,0.112733,3.2,210.7,4.5,11.5,4.98458,29.19226,36.83517,30.78367,2.052,1.2508
18/12/2020,9:00:00,0.127967,4.825,197.6,3.8,10.7,7.4445,34.43011,45.84486,24.69679,2.476,1.11914
18/12/2020,10:00:00,0.103593,3.625,199.6,4.5,11.3,5.27589,28.39715,36.48673,32.97894,1.392,1.51413
18/12/2020,11:00:00,0.097498,4.2,195,5.1,10.9,5.59956,29.39417,37.98005,34.17636,1.91,1.11914
18/12/2020,12:00:00,0.121873,5.025,198.9,7.9,12,7.21793,32.73665,43.80399,31.08303,2.429,1.90912
18/12/2020,13:00:00,0.112733,3.675,202.8,7.6,11.9,5.92323,22.97439,32.05655,39.71443,1.651,1.38247
18/12/2020,14:00:00,0.127967,3.45,190.3,6.7,11.7,6.76479,28.35418,38.72671,31.98109,1.509,1.57996
18/12/2020,15:00:00,0.131014,3.25,195.9,7,11.9,6.79716,28.55344,38.97559,31.13292,1.604,1.51413
18/12/2020,16:00:00,0.11578,2.225,199.1,6.6,12.1,5.43772,26.25747,34.5952,35.32389,1.038,1.11914
18/12/2020,17:00:00,0.10664,3,198.2,6.3,12.1,6.31164,27.20723,36.88495,37.02024,1.627,1.57996
18/12/2020,18:00:00,0.109686,3.175,195.3,6.5,12.1,6.70005,29.54854,39.82181,37.2697,2.335,1.4483
18/12/2020,19:00:00,0.109686,3.55,194,6.7,12.1,4.62854,26.8511,33.94809,38.96604,2.524,1.31664
18/12/2020,20:00:00,0.158435,4.375,193.1,6.6,11.9,3.94882,32.87104,38.92582,28.38883,3.302,1.2508
18/12/2020,21:00:00,0.146248,4.825,190.9,6.9,11.6,3.75462,28.34042,34.09742,29.83572,3.396,1.2508
18/12/2020,22:00:00,0.164529,4.45,188,7.8,11.3,2.94543,28.48605,33.00232,28.73808,3.184,1.57996
18/12/2020,23:00:00,0.143201,2.975,188,7.3,11.3,1.586,18.97238,21.40422,38.01809,2.099,1.71163
18/12/2020,24:00:00,0.137108,2.625,188.9,7.4,11.3,1.3918,15.2382,17.37226,41.01164,1.745,1.84329
19/12/2020,1:00:00,0.109536,3,187.9,7.7,11.4,1.27237,14.69808,16.64902,41.0449,1.958,0.87755
19/12/2020,2:00:00,0.100409,3.275,192.9,7.3,11.3,0.84106,17.34934,18.63894,40.11357,2.241,0.78979
19/12/2020,3:00:00,0.076068,3.45,198.2,7.2,11.4,0.54992,6.51951,7.36271,53.93379,2.288,0.46071
19/12/2020,4:00:00,0.094323,2.325,204.5,6.8,11,0.54992,7.21599,8.05919,51.78842,1.486,0.65816
19/12/2020,5:00:00,0.063896,2.625,200.3,5.3,10.4,0.48523,6.8177,7.56171,72.74327,1.203,0.46071
19/12/2020,6:00:00,0.094323,4.475,197.4,4.6,10.2,0.71166,16.07188,17.16308,67.10541,2.264,1.18469
19/12/2020,7:00:00,0.13692,8.925,196.5,4.2,9.6,1.58507,33.08971,35.52012,45.30239,3.231,2.76427
19/12/2020,8:00:00,0.139964,4.15,196,3.9,8.5,2.29674,31.15279,34.6744,45.50196,2.075,1.6454
19/12/2020,9:00:00,0.149091,5.85,195.1,3.8,7.9,3.68772,37.6264,43.28082,30.88346,2.995,1.31632
19/12/2020,10:00:00,0.121708,5.625,203.5,4.4,8.5,5.53158,29.72489,38.20652,42.50841,2.807,1.77703
19/12/2020,11:00:00,0.09128,5.775,205.9,5.2,9.2,5.33749,25.29642,33.48045,50.591,2.995,1.18469
19/12/2020,12:00:00,0.09128,7.975,203.9,5.8,9.6,4.56112,17.53217,24.5258,57.97509,3.986,1.2505
19/12/2020,13:00:00,0.103451,7.85,203,6.2,9.7,3.26719,13.79515,18.80477,63.8624,3.585,1.2505
19/12/2020,14:00:00,0.076068,7.1,202.1,6.1,9.3,3.20249,12.65065,17.56107,64.511,3.042,1.2505
19/12/2020,15:00:00,0.07911,8.075,203,5.7,8.3,3.49363,16.38309,21.73991,61.26799,3.467,1.05306
19/12/2020,16:00:00,0.103451,10.75,208.9,5.5,7.6,5.14339,26.78798,34.6744,48.74497,4.693,1.11887
19/12/2020,17:00:00,0.115621,11.6,213.1,5.4,7.2,3.91416,29.07077,35.07239,43.2568,5.684,1.11887
19/12/2020,18:00:00,0.100409,5.625,211.4,5.6,6.9,2.65257,18.8169,22.88411,55.38068,3.137,0.65816
19/12/2020,19:00:00,0.182561,4.225,211.7,5.3,6.6,5.0787,29.97156,37.75878,40.41293,3.019,0.85561
19/12/2020,20:00:00,0.167348,4.725,217.5,5.3,6.5,3.39658,25.68553,30.89355,44.45422,3.231,0.65816
19/12/2020,21:00:00,0.149091,4.825,222.4,6,6.6,2.9437,20.26092,24.77454,51.93809,2.807,0.78979
19/12/2020,22:00:00,0.127793,5.85,226.5,6.3,6.7,1.9409,21.99752,24.97353,46.94884,3.75,0.85561
19/12/2020,23:00:00,0.088238,4.15,229,6.2,6.7,1.39098,11.54791,13.68072,59.97079,2.642,0.65816
19/12/2020,24:00:00,0.085195,3.575,230.6,5.7,6.6,1.35863,11.39852,13.48173,60.46971,2.052,0.72398
20/12/2020,1:00:00,0.11749,4.75,207.7,4.6,6,0.84056,13.03019,14.31904,55.61351,2.689,0.96507
20/12/2020,2:00:00,0.085079,6.75,207.7,4.1,5.6,0.66814,6.59909,7.62356,64.12849,3.538,0.61414
20/12/2020,3:00:00,0.088117,5.55,212.5,3.8,5.3,0.5496,3.88059,4.72329,68.80176,2.712,0.5264
20/12/2020,4:00:00,0.08204,5.525,215.3,3.2,4.9,0.61426,4.27863,5.22048,67.95359,2.854,1.2502
20/12/2020,5:00:00,0.069886,3.575,219.3,4.2,5,0.45261,4.07902,4.77301,68.80176,1.958,1.1186
20/12/2020,6:00:00,0.075963,2.6,229.5,5.1,5.5,0.71125,4.57739,5.66795,66.5067,1.344,0.658
20/12/2020,7:00:00,0.079001,2.825,229.9,3.6,5.2,0.96988,8.00918,9.49631,61.31788,1.604,0.7238
20/12/2020,8:00:00,0.133696,2.9,222.9,2.7,4.5,1.68113,11.54247,14.12016,57.42627,1.604,1.2502
20/12/2020,9:00:00,0.127618,3.2,219.7,2.5,4,1.93976,16.46582,19.44008,53.38498,1.84,1.1186
20/12/2020,10:00:00,0.12458,5.575,227.5,2.8,4.8,2.1984,14.6274,17.99823,54.33293,2.665,0.9212
20/12/2020,11:00:00,0.170157,4.225,241.5,4.4,6.6,3.97651,19.60742,25.70466,50.39143,2.264,0.5264
20/12/2020,12:00:00,0.237006,5.25,248.8,4.7,7.6,3.97651,19.11024,25.20747,50.34153,2.618,0.9212
20/12/2020,13:00:00,0.233967,5.4,241.1,3.5,7.1,5.36668,21.80141,30.0302,47.94669,2.665,1.0528
20/12/2020,14:00:00,0.240044,4.9,239.4,3.3,7.3,3.91186,19.50769,25.50579,48.49551,2.453,0.7896
20/12/2020,15:00:00,0.246121,4.1,217.5,2.5,6.2,4.49378,21.54883,28.4392,47.69723,1.934,1.2502
20/12/2020,16:00:00,0.148888,4.25,211.9,3.2,5.2,2.84499,24.57414,28.93639,44.25465,2.382,1.1844
20/12/2020,17:00:00,0.167119,6.55,215.4,3.4,4.7,3.45924,28.20642,33.51053,38.66669,3.632,0.9212
20/12/2020,18:00:00,0.237006,7.675,227.5,3.5,4.5,3.87953,25.57325,31.52177,40.16346,4.458,0.9212
20/12/2020,19:00:00,0.188389,8.75,239.4,4.7,5,2.81266,22.63495,26.94763,42.40863,5.024,1.1186
20/12/2020,20:00:00,0.24916,11.725,239.8,5.3,5.2,3.5239,23.73202,29.13526,42.5583,6.156,0.987
20/12/2020,21:00:00,0.237006,9.825,236.7,5,5,2.58635,19.20332,23.169,48.09637,5.519,1.1844
20/12/2020,22:00:00,0.182311,10.15,237,4.7,4.8,1.81045,15.37141,18.14739,49.99229,5.802,0.658
20/12/2020,23:00:00,0.179273,10.2,240,4.3,4.6,1.68113,15.47026,18.04795,48.84476,5.495,0.7238
20/12/2020,24:00:00,0.167119,8.85,236,4.2,4.5,1.93976,17.01273,19.98699,48.69508,5.024,0.5264
21/12/2020,1:00:00,0.063722,9.6,211.8,3,3.5,2.34789,12.03565,15.63569,52.81953,5.613,0.35085
21/12/2020,2:00:00,0.072825,10.125,215.5,2.7,3.1,0.96931,18.58838,20.07464,44.50411,5.708,1.75425
21/12/2020,3:00:00,0.087997,11.575,193.2,2.2,2.2,2.00324,33.00312,36.07472,26.29335,6.651,1.18412
21/12/2020,4:00:00,0.106203,11.8,173.7,2.4,1.6,1.42166,28.4787,30.65854,29.9355,6.533,0.72363
21/12/2020,5:00:00,0.112272,12.55,167.1,2.3,2.1,1.90631,32.50578,35.42875,23.89851,7.076,0.92098
21/12/2020,6:00:00,0.12441,14.1,155.8,2.7,3.1,3.36028,34.50002,39.65237,18.36044,9.08,1.44726
21/12/2020,7:00:00,0.127444,14.425,154.7,2.7,3.8,3.90956,35.1485,41.14306,16.11528,9.033,1.84196
21/12/2020,8:00:00,0.115306,12.925,152.1,3.1,4.2,8.52994,45.55478,58.63383,7.48388,7.807,1.44726
21/12/2020,9:00:00,0.127444,11.35,143,2.7,4.6,9.72542,44.41738,59.32949,7.3342,7.948,1.11833
21/12/2020,10:00:00,0.115306,13.725,129.6,3.2,5.2,5.39583,34.1615,42.43499,15.26711,9.906,0.8552
21/12/2020,11:00:00,0.133513,11.525,115.8,3.1,5.5,6.49438,32.77522,42.73313,16.31485,9.222,1.31569
21/12/2020,12:00:00,0.12441,7.4,129.5,3.2,5.9,4.94349,31.67495,39.25485,20.75528,6.014,0.59206
21/12/2020,13:00:00,0.127444,7.025,118.3,2.1,6.2,5.78356,36.05148,44.91948,18.56001,5.425,0.92098
21/12/2020,14:00:00,0.179028,8.85,95,1.9,6.3,11.69635,43.08478,61.01894,12.97205,7.288,0.52628
21/12/2020,15:00:00,0.309506,13.675,93.7,1.2,6.3,26.07447,54.92702,94.90731,4.88947,10.495,1.77618
21/12/2020,16:00:00,0.3884,14.525,112.1,1.1,6.3,34.11975,56.0073,108.32352,2.04559,11.651,1.31569
21/12/2020,17:00:00,0.600806,15.725,131.9,1.2,6.5,66.01008,60.07869,161.29273,1.14753,12.783,2.17089
21/12/2020,18:00:00,1.216785,18.675,76.5,1.3,6.6,139.22537,71.14661,284.62254,1.49678,15.142,3.68393
21/12/2020,19:00:00,0.907279,21.7,27.5,1.6,6.7,142.84413,72.65386,291.67847,1.59656,17.665,3.48657
21/12/2020,20:00:00,1.09541,21.825,353.5,1.9,6.7,170.69567,71.63841,333.36812,1.79613,18.066,4.67069
21/12/2020,21:00:00,1.298713,27.325,333.3,1.8,6.7,187.75554,72.31274,360.20055,1.89592,22.712,5.39432
21/12/2020,22:00:00,1.025619,31.225,324.9,2.1,7,132.08478,66.54249,269.06966,1.89592,26.745,4.47334
21/12/2020,23:00:00,0.479432,17.375,318.7,2.6,7.3,40.35565,47.78735,109.66514,1.59656,15.33,1.7104
21/12/2020,24:00:00,0.24275,8.1,322.5,2.7,7.1,4.52345,28.59227,35.52813,11.42538,6.91,0.8552
22/12/2020,1:00:00,0.239387,7.25,306.2,2.4,6.6,2.38956,20.83524,24.49918,13.37119,5.825,0.61384
22/12/2020,2:00:00,0.209086,5.425,311.8,3.1,5.6,1.31318,14.27513,16.28864,22.35184,4.505,0.96461
22/12/2020,3:00:00,0.154542,3.4,312.3,3.2,4.5,0.80728,8.19768,9.4355,37.86841,2.571,0.65769
22/12/2020,4:00:00,0.124239,2.675,291,2.4,3.4,0.61354,7.60086,8.54161,45.05293,1.604,0.59192
22/12/2020,5:00:00,0.103028,3.05,269.5,2.4,2.5,0.61354,6.65732,7.59806,53.83401,1.557,0.52615
22/12/2020,6:00:00,0.103028,4.15,266.3,2.3,1.9,1.29165,15.74829,17.7288,52.03788,1.958,0.65769
22/12/2020,7:00:00,0.112118,6.025,254.9,2.3,1.1,3.39059,28.96759,34.16642,42.20906,2.382,0.98653
22/12/2020,8:00:00,0.242418,6.675,257.2,1.8,0.5,17.66337,58.13396,85.21742,13.52087,3.585,0.78922
22/12/2020,9:00:00,0.242418,6.95,249.1,1.4,0.2,18.98732,53.96854,83.08201,18.26066,3.538,1.2496
22/12/2020,10:00:00,0.209086,9.825,214.3,1.4,1.4,22.58242,55.49136,90.11725,13.42108,4.528,0.78922
22/12/2020,11:00:00,0.068685,20.425,183.4,1.3,2.4,28.758098,59.92029,104.015426,6.28646,7.925,2.72591
22/12/2020,12:00:00,0.221206,22.45,188.9,1.5,3.2,37.03818,62.34445,119.13554,9.37979,12.264,1.38114
22/12/2020,13:00:00,0.442412,15.625,211.7,1.7,3.4,25.96225,55.39095,95.19918,12.22366,7.524,0.85499
22/12/2020,14:00:00,0.299992,13.325,253.8,1.6,3.3,25.09038,55.5856,94.05699,14.76818,7.5,1.0523
22/12/2020,15:00:00,0.290902,13.075,272.9,1.5,3.3,18.43836,51.28436,79.55612,15.91571,7.288,0.85499
22/12/2020,16:00:00,0.415141,15.7,296.3,1.6,3.2,43.94853,66.49789,133.8847,4.73979,8.75,0.98653
22/12/2020,17:00:00,0.529279,25.225,279.7,1.1,2.7,84.47419,73.23854,202.76382,1.44688,14.458,1.84152
22/12/2020,18:00:00,0.827251,23.75,304.6,0.4,2.2,83.69919,74.72481,203.06178,1.39699,16.156,1.51268
22/12/2020,19:00:00,1.027246,28.775,45.3,1.4,1.9,179.76598,90.36056,365.99788,2.04559,19.599,2.89382
22/12/2020,20:00:00,1.024215,39.525,41.7,1,1.6,150.47772,81.28763,312.01691,2.49463,29.859,2.89382
22/12/2020,21:00:00,0.790889,37.225,23.5,1.7,1.8,92.54702,73.02718,214.93064,2.19527,29.175,1.90729
22/12/2020,22:00:00,0.80604,37.05,37.1,1.9,2.1,98.45634,69.28003,220.24431,2.24516,29.104,1.77575
22/12/2020,23:00:00,0.787858,37.25,44.5,1.5,2.3,76.82114,61.08635,178.87712,2.14538,29.764,2.17036
22/12/2020,24:00:00,0.506047,23.675,53,2.9,2.4,35.22987,58.11503,112.13341,1.44688,17.712,1.38114
23/12/2020,1:00:00,0.334886,24.65,76.7,2.1,3.9,21.90591,54.40683,87.99542,1.33047,19.67,1.3155
23/12/2020,2:00:00,0.298573,26.75,64.5,2.7,3.8,11.13604,42.56043,59.63545,1.9957,23.09,1.4909
23/12/2020,3:00:00,0.196695,19.025,63.3,3.5,3.9,1.87396,30.96976,33.84312,14.06969,16.132,1.0524
23/12/2020,4:00:00,0.163408,19.15,56.1,3.5,4.2,1.19546,20.87816,22.71117,19.55786,16.675,1.0524
23/12/2020,5:00:00,0.175512,17.6,62.7,3.9,4.2,0.93698,18.59089,20.02757,23.54926,14.67,0.85508
23/12/2020,6:00:00,0.148277,14.475,68.1,3.9,4.4,1.58317,15.71162,18.13912,29.33679,12.264,0.92085
23/12/2020,7:00:00,0.11499,9.525,72.2,4.6,4.5,2.32629,14.3734,17.94033,36.87056,8.137,0.85508
23/12/2020,8:00:00,0.090782,6.675,75.5,4.6,4.6,2.6817,13.57997,17.69185,44.95314,5.236,0.59198
23/12/2020,9:00:00,0.075652,4.25,75.3,4.9,4.8,2.45553,13.82737,17.59246,48.44562,3.42,0.46043
23/12/2020,10:00:00,0.081704,3.65,73.8,5.5,4.7,2.52015,13.77798,17.64216,50.89035,2.901,0.85508
23/12/2020,11:00:00,0.066574,2.425,68.4,6.1,5,2.6817,12.73514,16.84701,53.73422,1.675,0.85508
23/12/2020,12:00:00,0.072626,1.725,62.7,6.7,4.8,2.84324,12.33835,16.69793,56.47831,1.297,0.65775
23/12/2020,13:00:00,0.08473,1.675,59.2,6.8,4.7,3.68329,12.73996,18.3876,57.42627,1.226,0.72353
23/12/2020,14:00:00,0.081704,1.3,49.6,7.8,4.7,3.29558,10.0545,15.10765,59.72132,0.92,0.72353
23/12/2020,15:00:00,0.078678,1.675,48.4,8.5,4.6,3.32789,8.81225,13.91494,62.11616,1.014,0.46043
23/12/2020,16:00:00,0.072626,2,46.7,8.5,4.7,3.06941,9.10918,13.81555,61.11831,1.25,0.5262
23/12/2020,17:00:00,0.102886,2.625,45.4,8.6,4.8,4.0387,11.69805,17.89063,62.41552,1.462,0.65775
23/12/2020,18:00:00,0.09986,2.95,42.7,7.9,5.1,3.61867,13.3857,18.93426,59.97079,1.863,1.11818
23/12/2020,19:00:00,0.087756,2.4,37,6.4,4.9,2.94017,10.30127,14.80947,63.01423,1.439,1.24973
23/12/2020,20:00:00,0.102886,3.8,33,6.9,5.2,3.26327,15.37184,20.37545,54.88175,2.217,1.24973
23/12/2020,21:00:00,0.087756,4.75,31.2,6.1,5.6,2.26167,11.49071,14.95856,58.72347,2.712,0.85508
23/12/2020,22:00:00,0.075652,4.275,18.9,6.5,5.8,1.26008,7.60959,9.54167,61.41767,2.476,1.3155
23/12/2020,23:00:00,0.060521,3.3,18,7.9,5.8,1.13084,5.12415,6.85808,62.5153,1.863,1.11818
23/12/2020,24:00:00,0.060521,6.15,7.3,8.2,5.3,1.03391,5.12369,6.70899,62.66498,3.09,0.92085
24/12/2020,1:00:00,0.081592,8.7,4.3,6.2,3.7,0.71121,3.41852,4.50903,66.58986,4.151,0.87709
24/12/2020,2:00:00,0.07857,7.05,1.7,6.2,3.2,0.71121,2.82173,3.91224,67.32161,3.302,0.70167
24/12/2020,3:00:00,0.07857,4.975,355,6.1,2.7,0.38793,1.89177,2.4866,65.25939,2.429,0.92094
24/12/2020,4:00:00,0.066483,4.125,351.4,5.7,2.2,0.54957,1.94232,2.78499,61.06842,2.028,1.18407
24/12/2020,5:00:00,0.066483,3.725,345.8,5.3,1.8,0.45259,2.38942,3.08338,61.16821,1.486,0.92094
24/12/2020,6:00:00,0.057416,2.1,342.6,5,1.5,1.1638,4.92934,6.71381,60.5196,1.085,1.31563
24/12/2020,7:00:00,0.069504,2.6,338.9,4.3,1,2.13364,12.79188,16.06341,49.04433,1.203,1.0525
24/12/2020,8:00:00,0.184337,3.475,348.5,4.4,1,11.05612,40.48788,57.44036,23.84862,1.509,1.11829
24/12/2020,9:00:00,0.090657,3.35,357.2,5.7,1.2,6.01298,18.53064,27.75041,46.74927,1.675,0.78938
24/12/2020,10:00:00,0.081592,4.475,1.1,6,1.6,5.85134,20.27044,29.24237,45.70153,2.311,0.98672
24/12/2020,11:00:00,0.087635,2.8,2.5,6.6,2.5,7.27376,17.79103,28.94398,48.34583,1.745,1.0525
24/12/2020,12:00:00,0.07857,1.625,10.9,6.3,2.8,5.98065,14.2038,23.374,55.03143,0.896,0.59203
24/12/2020,13:00:00,0.096702,1.85,0.2,6.3,3,6.40091,17.1401,26.9547,57.17681,1.156,0.7236
24/12/2020,14:00:00,0.108789,5.15,0.1,6.1,3.3,6.40091,18.03528,27.84987,57.82541,2.406,0.92094
24/12/2020,15:00:00,0.111811,6.275,347.7,5.3,2.5,5.94832,18.18219,27.30282,56.47831,2.901,0.78938
24/12/2020,16:00:00,0.129942,4.7,344.7,4.6,2.2,6.4979,18.18496,28.14827,56.02928,2.264,0.65781
24/12/2020,17:00:00,0.105768,4.525,342.1,5.3,1.7,5.1078,16.43733,24.26918,56.72777,2.335,0.7236
24/12/2020,18:00:00,0.120877,5.925,343.3,5,1.3,5.49573,19.27401,27.70068,53.8839,2.995,0.7236
24/12/2020,19:00:00,0.099723,7.2,338.6,4.8,1,3.75003,17.42511,23.17507,57.92519,3.231,0.7236
24/12/2020,20:00:00,0.090657,7.575,334.8,4.6,0.8,3.07114,15.53187,20.24089,60.81896,3.208,0.92094
24/12/2020,21:00:00,0.087635,7.425,334.4,4.6,0.6,2.06898,11.64772,14.82011,63.41337,3.255,0.92094
24/12/2020,22:00:00,0.099723,7,340,4.9,0.5,1.68105,12.24254,14.82011,61.06842,3.231,0.19735
24/12/2020,23:00:00,0.117855,6.775,347.9,5.4,0.7,1.22846,9.75366,11.63727,61.8667,3.208,0.39469
24/12/2020,24:00:00,0.07857,6.05,355.2,5.5,0.8,1.19613,9.35564,11.18968,61.16821,2.901,0.78938
25/12/2020,1:00:00,0.069408,5.8,314,3.7,-0.6,0.88413,7.93432,9.28996,62.26584,2.594,0.61402
25/12/2020,2:00:00,0.066391,4.55,320.1,4.1,-0.6,1.18602,7.60413,9.42267,59.47186,2.406,0.78945
25/12/2020,3:00:00,0.063373,4.125,321.2,3.8,-0.8,0.74396,5.87651,7.01724,58.5239,2.311,0.92103
25/12/2020,4:00:00,0.063373,3.925,322.9,3.5,-1,0.71161,4.68192,5.77304,57.82541,2.146,1.1184
25/12/2020,5:00:00,0.060356,3.5,325.8,3.7,-1,0.51754,4.53159,5.32514,57.2267,1.981,0.78945
25/12/2020,6:00:00,0.05432,4.475,326.2,3.2,-1.2,0.71161,4.48285,5.57397,58.07487,2.005,0.85524
25/12/2020,7:00:00,0.057338,4.8,320.7,2.9,-1.5,1.09977,9.06352,10.74981,54.68218,2.005,0.85524
25/12/2020,8:00:00,0.069408,4.85,311,2.4,-2,1.29384,9.06455,11.04841,55.48046,2.005,0.59209
25/12/2020,9:00:00,0.072426,4.775,302.8,2.4,-2.2,1.22915,8.41723,10.3019,55.82971,2.217,0.5263
25/12/2020,10:00:00,0.096568,6.875,297.1,2.5,-0.9,1.81138,10.36124,13.13865,55.28089,2.524,0.72367
25/12/2020,11:00:00,0.304795,6.6,301.8,2.9,1.1,4.69018,20.18068,27.37219,48.64519,3.208,1.18418
25/12/2020,12:00:00,0.16296,12.825,300.7,2.9,1.9,4.33438,19.92996,26.57591,50.39143,5.047,1.18418
25/12/2020,13:00:00,0.208226,10.15,301.1,3.5,2,4.33438,19.18345,25.8294,55.38068,4.741,0.85524
25/12/2020,14:00:00,0.16296,10.55,297.3,3.1,2.4,3.65511,17.13939,22.74381,57.07702,4.269,1.05261
25/12/2020,15:00:00,0.304795,10.5,275.1,2.4,2.1,4.17264,25.35378,31.75175,49.29379,4.811,1.38155
25/12/2020,16:00:00,0.331954,11.6,267.6,2.6,1.1,4.26968,30.53013,37.07688,38.21766,6.132,1.18418
25/12/2020,17:00:00,0.44663,10.725,266.7,3.1,1,5.3371,29.24181,37.42525,38.91615,7.335,0.85524
25/12/2020,18:00:00,0.422487,14.575,263.9,3.1,1.9,5.7576,37.15709,45.98529,28.6383,10.991,0.85524
25/12/2020,19:00:00,0.476807,15.675,267.2,3,2.8,5.69291,30.18928,38.91828,35.9226,12.429,0.98682
25/12/2020,20:00:00,0.413434,22,275.5,4.5,4.1,5.59587,27.99899,36.57921,32.13077,17.76,0.78945
25/12/2020,21:00:00,0.443611,18.9,278.3,6.1,4.5,5.11068,29.98713,37.8234,28.83787,16.344,0.98682
25/12/2020,22:00:00,0.316866,19.175,266.9,5.4,5,3.26695,25.99597,31.00523,31.68174,15.943,0.72367
25/12/2020,23:00:00,0.286688,16.15,259.6,4.9,5.4,3.16992,25.29871,30.15918,34.82497,13.326,0.65788
25/12/2020,24:00:00,0.277635,14.825,260.5,5.2,5.9,3.16992,19.82427,24.68474,41.31099,12.311,0.92103
26/12/2020,1:00:00,0.092418,12.7,255.9,4.8,5.8,0.88463,14.51426,15.87066,44.7702,10.377,0.70181
26/12/2020,2:00:00,0.072327,4.425,254.2,4.9,6,0.75517,12.18939,13.34729,56.14569,3.656,0.78953
26/12/2020,3:00:00,0.060272,4.025,256.4,4.6,6.4,0.77674,9.41712,10.60811,52.08777,3.491,0.59215
26/12/2020,4:00:00,0.063286,1.75,261.8,4.8,7.1,0.67965,5.68133,6.72345,57.77552,1.415,0.39477
26/12/2020,5:00:00,0.057259,2.975,261.6,4.9,6.3,0.80911,6.18008,7.4207,56.77767,2.311,0.78953
26/12/2020,6:00:00,0.0663,2.95,267.2,4.6,6.2,1.06802,7.27719,8.9148,52.68648,2.406,0.65794
26/12/2020,7:00:00,0.0663,2.85,262.2,4.6,5.9,1.32694,8.67311,10.70772,57.82541,1.84,0.85533
26/12/2020,8:00:00,0.223007,7.275,256.6,4,5.7,2.8157,12.46639,16.78372,67.8538,3.656,0.92112
26/12/2020,9:00:00,0.253144,10.625,250.2,3.6,5.3,3.00988,13.61293,18.22802,68.15316,5.189,1.25009
26/12/2020,10:00:00,0.229035,13.375,252.5,4.5,6.4,3.30116,9.23185,14.29356,67.10541,6.344,0.78953
26/12/2020,11:00:00,0.250131,11.675,248.6,5.2,6.5,3.46298,11.07547,16.3853,65.10971,5.755,0.59215
26/12/2020,12:00:00,0.244102,13.7,243.6,5.2,6.4,3.2688,16.85158,21.86366,56.67788,6.627,0.98692
26/12/2020,13:00:00,0.238075,10.4,242.3,5.2,6.2,4.01318,17.0549,23.20835,54.5325,5.967,1.05271
26/12/2020,14:00:00,0.168762,5.45,239.9,5.2,6.2,2.8157,15.30517,19.62251,54.78197,3.325,1.31589
26/12/2020,15:00:00,0.165749,4.075,234.3,5.5,5.4,2.75097,15.1056,19.32369,56.92734,2.359,1.25009
26/12/2020,16:00:00,0.201912,5.525,238.1,6,5.3,3.30116,15.10864,20.17035,60.46971,3.042,1.25009
26/12/2020,17:00:00,0.153694,6.95,243,6.7,6,2.42732,10.92034,14.64218,66.10756,3.609,0.85533
26/12/2020,18:00:00,0.156708,7.175,243.9,8.1,6.4,2.13605,9.57404,12.84926,68.80176,4.151,0.92112
26/12/2020,19:00:00,0.150681,8.1,245.3,9.5,6.7,1.84477,7.18187,10.01047,72.79316,4.34,1.25009
26/12/2020,20:00:00,0.14164,8.125,243.8,9.5,6.5,1.58585,6.18437,8.61598,74.24004,4.835,0.65794
26/12/2020,21:00:00,0.150681,4.55,242.6,9.7,6.4,1.32694,5.88412,7.91873,74.83875,2.925,0.98692
26/12/2020,22:00:00,0.150681,3.15,243.1,9,6.4,1.29457,4.34004,6.32502,76.33553,2.005,0.65794
26/12/2020,23:00:00,0.14164,2.775,240.4,8.1,6.5,1.10039,3.3927,5.07994,75.73682,1.58,0.78953
26/12/2020,24:00:00,0.129586,1.675,236.5,7.9,6.5,0.84147,3.7897,5.07994,75.28778,1.014,0.46056
27/12/2020,1:00:00,0.078246,1.075,241,8.2,7.3,0.367,2.42761,2.99034,76.90097,0.825,0.70187
27/12/2020,2:00:00,0.078246,1,243.9,6.6,7.1,0.28065,2.62647,3.0568,76.83445,0.66,1.49148
27/12/2020,3:00:00,0.084265,1.275,250.4,6.8,7.1,0.61527,8.87489,9.81829,74.24004,0.825,1.44762
27/12/2020,4:00:00,0.087274,4.85,280.4,6,6.8,0.48574,5.58477,6.32956,71.29638,2.17,1.64502
27/12/2020,5:00:00,0.096303,2.3,282.8,5.6,5.4,0.51812,9.62192,10.41636,69.10111,1.038,1.44762
27/12/2020,6:00:00,0.066208,2.35,278.5,5.2,4.9,0.68003,9.67269,10.7154,74.58929,1.203,1.44762
27/12/2020,7:00:00,0.066208,7.4,278.4,3.1,4,1.23054,14.7096,16.5964,74.28993,3.137,1.31602
27/12/2020,8:00:00,0.225709,5.85,268.4,4.5,3.9,3.17349,15.16934,20.0353,73.04262,2.759,1.25021
27/12/2020,9:00:00,0.291918,9,259.3,5.1,4,3.27064,13.47538,18.49029,67.80391,3.962,1.25021
27/12/2020,10:00:00,0.216681,9.375,256.6,4.9,4,3.20587,12.17919,17.09479,64.36133,4.127,1.71082
27/12/2020,11:00:00,0.213671,7.675,250.7,5,4.7,4.24212,14.9263,21.43079,59.37208,3.774,1.18441
27/12/2020,12:00:00,0.243766,11.525,237.6,4.4,4.9,4.66309,14.1313,21.28127,59.12261,5.259,1.25021
27/12/2020,13:00:00,0.237747,10.575,244,4.7,5.1,4.85738,16.2755,23.72338,56.37853,5.59,0.98701
27/12/2020,14:00:00,0.213671,11.075,241.5,4.4,4.4,4.66309,17.81939,24.96936,53.33508,5.967,1.64502
27/12/2020,15:00:00,0.264833,10.2,236.4,4.4,3.3,5.44027,21.76115,30.10278,49.29379,5.472,1.18441
27/12/2020,16:00:00,0.33706,9.175,223.3,4.8,3.2,5.40789,28.04068,36.33266,44.35443,5.142,1.25021
27/12/2020,17:00:00,0.186586,7.3,227.4,4.8,3,3.91829,30.42438,36.43234,40.16346,4.811,0.98701
27/12/2020,18:00:00,0.201634,10.975,232.3,4.4,2.8,4.53356,39.39895,46.35031,28.68819,6.533,1.18441
27/12/2020,19:00:00,0.276871,14.1,230,3,3.3,5.21359,33.47202,41.46608,32.13077,8.137,1.57922
27/12/2020,20:00:00,0.189596,13.975,235,3,2.4,6.21745,40.30575,49.83904,24.597,8.42,0.78961
27/12/2020,21:00:00,0.207653,15.125,222.7,2.5,1,4.17735,37.55286,43.95804,25.34539,10,1.31602
27/12/2020,22:00:00,0.2227,14.575,232.1,3,0.7,5.79648,41.7985,50.68631,20.80517,10.212,1.51342
27/12/2020,23:00:00,0.201634,10.825,194.6,1.6,-0.5,3.5297,32.81442,38.22655,29.18711,7.736,1.51342
27/12/2020,24:00:00,0.171539,8.6,183.1,2.2,-0.9,2.49346,32.65893,36.48218,29.53636,6.651,1.05281
28/12/2020,1:00:00,0.108191,10.425,199.2,2,-0.8,7.73299,38.41666,50.27375,25.01277,8.09,1.2284
28/12/2020,2:00:00,0.090159,12.95,144.2,2,-1.6,2.67847,40.44786,44.55478,18.09435,10.307,0.35097
28/12/2020,3:00:00,0.081144,10.625,125.1,2.1,-1.9,1.16643,26.64011,28.42861,28.93765,8.16,0.72388
28/12/2020,4:00:00,0.084148,11,122.8,2.2,-2.1,1.39323,30.38207,32.51834,22.6013,8.373,0.72388
28/12/2020,5:00:00,0.069122,11.8,110.1,2.2,-2.5,0.68042,19.45523,20.49852,30.53421,9.387,0.65807
28/12/2020,6:00:00,0.084148,18.525,108.6,2,-2.8,2.72167,23.50732,27.68049,22.95055,14.505,1.18453
28/12/2020,7:00:00,0.075133,21.225,52.9,2,-3.5,2.36526,20.06383,23.69051,24.94625,17.524,1.11872
28/12/2020,8:00:00,0.063111,17.35,17.3,2.1,-3.6,2.46246,17.7203,21.49602,29.73593,14.741,1.25034
28/12/2020,9:00:00,0.24944,21.95,11.2,2.3,-3.6,1.84685,16.17049,19.00228,27.14152,18.797,0.59226
28/12/2020,10:00:00,0.225398,24.6,15.2,2.8,-2.4,2.59206,16.07521,20.04965,28.43873,21.061,0.98711
28/12/2020,11:00:00,0.201355,26.175,14.1,3,-0.5,4.47131,19.9767,26.83262,28.13937,21.934,1.05292
28/12/2020,12:00:00,0.111196,20.175,18,3.5,0.9,6.64216,23.28145,33.46596,33.22841,16.156,0.98711
28/12/2020,13:00:00,0.090159,17.5,9.1,3.3,1.7,8.2298,25.7847,38.40356,33.57765,13.774,1.25034
28/12/2020,14:00:00,0.075133,14.325,358.9,2.5,0.9,6.15615,22.23117,31.67047,42.00949,11.368,1.25034
28/12/2020,15:00:00,0.105185,13.75,353.4,2.5,1,8.42421,26.63374,39.55068,40.5626,10.967,0.98711
28/12/2020,16:00:00,0.093165,13.525,349,2.4,0.8,7.16058,27.77328,38.75268,38.01809,10.094,1.25034
28/12/2020,17:00:00,0.099176,15.05,353.9,2.5,0.8,6.86897,30.86377,41.39604,33.22841,11.415,1.05292
28/12/2020,18:00:00,0.120213,15.7,3.9,3.1,1.4,5.96175,33.80094,42.94216,30.48432,12.005,1.11872
28/12/2020,19:00:00,0.165292,15.05,6.9,3.5,1.9,6.09135,36.79421,46.13415,24.19786,12.217,0.65807
28/12/2020,20:00:00,0.213377,15.025,5.8,3.7,2,5.34613,31.20377,39.40105,26.79227,12.736,0.9213
28/12/2020,21:00:00,0.267473,15.7,7.9,3.4,1.9,4.66572,29.50395,36.65794,27.04174,13.255,0.72388
28/12/2020,22:00:00,0.183324,16.225,356.1,3.7,2,3.59649,29.24816,34.7627,25.89421,14.41,1.11872
28/12/2020,23:00:00,0.255451,16.525,2.2,3.9,1.7,3.43449,27.30208,32.56821,24.74668,14.717,1.11872
28/12/2020,24:00:00,0.162287,13.625,23,3.4,2.6,2.68927,23.60688,27.73036,28.33894,11.745,0.98711
29/12/2020,1:00:00,0.160062,13.55,315,2.2,-1.2,1.46966,16.1136,18.36705,35.39041,11.981,0.52651
29/12/2020,2:00:00,0.112044,13.5,325.1,2.4,-1.4,0.82128,11.65089,12.91017,38.71658,11.981,0.96527
29/12/2020,3:00:00,0.117045,9.625,347.2,2.8,-1.1,1.16709,14.73086,16.52036,36.17206,8.491,1.18464
29/12/2020,4:00:00,0.096037,8.75,356.7,3.6,-0.1,0.64838,10.88452,11.87869,40.91185,7.618,0.85558
29/12/2020,5:00:00,0.081032,6.925,4.4,3.7,0.4,0.81048,8.8392,10.08191,46.25035,5.377,0.52651
29/12/2020,6:00:00,0.063024,5.8,9.9,4.2,1.2,0.90773,6.24446,7.6363,50.99014,3.467,0.78976
29/12/2020,7:00:00,0.063024,4.25,9.9,4,1.7,2.00998,10.49372,13.57565,49.04433,1.91,0.92139
29/12/2020,8:00:00,0.087033,2.775,26.3,3.8,2.6,2.91771,14.99132,19.46508,50.39143,1.25,0.72395
29/12/2020,9:00:00,0.087033,3.525,14.4,3.1,3.2,4.21448,16.84608,23.30818,50.24175,1.816,0.98721
29/12/2020,10:00:00,0.072028,2.975,20,4.1,3.7,3.63093,15.29522,20.86257,55.77982,1.439,0.78976
29/12/2020,11:00:00,0.081032,4.05,2.5,3.7,4,5.08979,18.74813,26.55237,52.38713,1.769,0.98721
29/12/2020,12:00:00,0.108041,4.75,9.4,3.9,4.3,7.16461,23.80201,34.78759,47.34798,2.052,1.05302
29/12/2020,13:00:00,0.099038,4.675,5.9,4.2,5,6.58107,22.40088,32.49171,51.28949,2.429,1.05302
29/12/2020,14:00:00,0.135052,5.4,359.4,3.6,4.2,9.85539,29.15919,44.27058,45.55185,2.571,1.38209
29/12/2020,15:00:00,0.132051,4.25,355.7,2.9,3.5,7.81299,25.80247,37.78222,42.6082,2.311,1.51371
29/12/2020,16:00:00,0.189073,4.2,335.3,2.4,1.9,11.11973,38.89961,55.94963,29.83572,2.5,1.64534
29/12/2020,17:00:00,0.240093,5.925,320.4,2.4,1,11.08731,39.39851,56.39882,25.89421,4.387,1.25046
29/12/2020,18:00:00,0.168065,7.5,308.9,2.6,0.8,8.33169,32.14433,44.91942,28.53851,6.132,1.4479
29/12/2020,19:00:00,0.213082,8.125,303.6,2.8,0.5,8.20202,34.09003,46.66628,26.5927,6.58,1.18464
29/12/2020,20:00:00,0.201077,8.825,302,3.1,0.5,4.92769,23.68826,31.24395,34.97464,7.335,1.4479
29/12/2020,21:00:00,0.144056,8.075,304,3.4,0.6,3.89029,22.13457,28.09959,35.72303,6.769,1.38209
29/12/2020,22:00:00,0.147057,7.8,306.1,3.4,0.5,2.46385,18.63195,22.4098,39.06583,6.698,1.11883
29/12/2020,23:00:00,0.147057,8.325,305.5,3.2,0.2,2.10724,17.63152,20.86257,39.46497,7.028,0.98721
29/12/2020,24:00:00,0.12905,7.85,305.5,2.9,-0.1,1.84789,17.08089,19.91427,40.16346,6.627,0.78976
30/12/2020,1:00:00,0.083917,7.125,289,2.8,-0.9,1.21099,14.85849,16.71532,43.24017,5.778,1.05312
30/12/2020,2:00:00,0.056943,4.9,300.1,2.6,-1.2,0.4325,9.0597,9.72285,50.69078,3.868,0.8776
30/12/2020,3:00:00,0.062937,5.35,304.8,2.9,-1,0.61631,10.49268,11.43767,47.49766,4.222,0.72402
30/12/2020,4:00:00,0.050949,5.8,301.9,2.7,-1,0.61631,9.6436,10.58859,46.84906,4.528,0.92148
30/12/2020,5:00:00,0.065934,6.6,298.4,2.6,-1.3,1.13531,12.04437,13.78514,45.55185,5.377,0.9873
30/12/2020,6:00:00,0.086913,8.325,292.9,2.5,-0.5,1.45968,14.39393,16.63208,42.85766,6.604,1.18476
30/12/2020,7:00:00,0.098901,10.35,295.4,2.5,-1.3,2.4328,19.09516,22.8254,36.97034,8.396,1.3164
30/12/2020,8:00:00,0.2008,10.575,290.3,2.4,-1.9,7.36326,32.0631,43.35328,24.84647,8.679,0.85566
30/12/2020,9:00:00,0.206793,10.4,292.6,2.5,-2.1,9.50412,36.17252,50.74531,20.35614,9.009,1.3164
30/12/2020,10:00:00,0.164836,10.225,289.7,2.5,-1.8,7.59032,30.01677,41.65511,25.34539,8.349,1.11894
30/12/2020,11:00:00,0.173827,11.575,289.3,2.5,-0.8,10.12043,32.13087,47.64865,23.2998,8.113,1.11894
30/12/2020,12:00:00,0.173827,11.05,295.1,2.3,-0.4,9.24463,28.32929,42.50419,27.34109,7.5,0.9873
30/12/2020,13:00:00,0.203797,9.95,294.4,2.1,-0.3,8.88782,26.07941,39.70721,29.68604,7.17,1.38222
30/12/2020,14:00:00,0.182818,12.8,302.1,2.4,0.2,11.38549,30.04131,47.49881,25.79442,8.42,0.92148
30/12/2020,15:00:00,0.197802,10.55,301.9,2.1,-0.1,9.47169,26.68254,41.20559,28.5884,7.052,0.9873
30/12/2020,16:00:00,0.317682,13.6,299.6,2.2,-1.4,14.92115,40.35307,63.23185,15.41678,9.599,0.85566
30/12/2020,17:00:00,0.287712,14.15,305.3,2.3,-2,17.51613,45.66414,72.52184,11.47528,9.976,1.3164
30/12/2020,18:00:00,0.305694,16.6,309.9,2.4,-2.3,17.58101,47.41268,74.36985,9.23011,12.359,0.6582
30/12/2020,19:00:00,0.389611,19.125,309.1,2.4,-2.7,17.84051,50.96053,78.31559,5.43828,14.976,0.72402
30/12/2020,20:00:00,0.356643,19.85,301.3,2.4,-3.1,14.17509,49.33856,71.0734,7.03484,16.203,1.18476
30/12/2020,21:00:00,0.365634,21.825,300.5,2.6,-3.2,15.27796,50.14483,73.57071,6.78538,17.689,1.11894
30/12/2020,22:00:00,0.545456,21.5,300.6,2.4,-3.4,24.78208,53.40282,91.40149,4.44043,17.925,0.9873
30/12/2020,23:00:00,0.509491,19.95,300.3,2.5,-3.4,12.03423,43.83064,62.28287,11.82452,16.533,0.59238
30/12/2020,24:00:00,0.437563,18.2,309.8,2.9,-1.1,14.46703,44.24594,66.42841,13.22151,14.505,0.92148
31/12/2020,1:00:00,0.206507,18.275,266.5,2.6,-2.1,5.01979,39.15278,46.84968,13.83685,15.307,1.31653
31/12/2020,2:00:00,0.137671,16.275,273.8,2.4,-1.9,2.29352,35.60246,39.11915,20.88833,13.16,1.93091
31/12/2020,3:00:00,0.14665,14.775,277,2.5,-2,6.49111,44.37741,54.3303,10.22796,12.382,1.51401
31/12/2020,4:00:00,0.167599,14.225,289.4,2.2,-2.5,3.44029,39.00891,44.28394,11.22581,12.123,1.11905
31/12/2020,5:00:00,0.137671,14.375,288.7,2.5,-2.3,1.88242,29.15205,32.03838,21.75313,12.264,1.18488
31/12/2020,6:00:00,0.143658,13.675,284.7,2.4,-2.4,2.3368,25.50641,29.08945,26.39313,11.392,1.05322
31/12/2020,7:00:00,0.113728,12.9,299,2,-3.1,3.31046,30.56111,35.63708,22.10238,10.826,1.11905
31/12/2020,8:00:00,0.236435,13.65,306.9,2.1,-3.5,9.50947,37.30021,51.88119,15.76603,10.755,1.31653
31/12/2020,9:00:00,0.2095,14.225,304.6,1.9,-3.1,9.7042,35.70209,50.58166,16.11528,10.542,0.85574
31/12/2020,10:00:00,0.131686,15.4,308.3,1.4,-2.2,14.73481,37.53514,60.1282,16.06539,12.524,1.31653
31/12/2020,11:00:00,0.167599,16.4,348.2,1.7,-0.1,11.55417,28.61706,46.3332,25.74453,14.269,1.38235
31/12/2020,12:00:00,0.152636,14.375,3.5,1.9,0.8,12.88484,28.72594,48.48242,29.13722,12.406,1.11905
31/12/2020,13:00:00,0.077814,8.85,349.7,1.7,1.5,7.69196,21.99358,33.78775,42.70798,7.028,1.11905
31/12/2020,14:00:00,0.107743,7.475,344.2,1.6,1.5,7.72441,22.99343,34.83737,45.35228,6.109,1.71149
31/12/2020,15:00:00,0.122707,11.2,314.5,1.6,0.1,7.6595,27.49137,39.23578,37.02024,9.717,1.71149
31/12/2020,16:00:00,0.221472,16.375,308.1,1.8,-1.3,10.09367,38.25378,53.73052,23.49937,14.434,1.31653
31/12/2020,17:00:00,0.200522,15.825,283.5,2.1,-1.7,7.10776,34.5851,45.48351,23.84862,14.127,1.11905
31/12/2020,18:00:00,0.254393,17.375,285.5,2,-1.7,8.5358,35.0445,48.13255,19.05894,15.731,1.18488
31/12/2020,19:00:00,0.248407,19.2,302.7,1.7,-0.3,6.55602,32.83204,42.88445,17.26281,17.972,0.92157
31/12/2020,20:00:00,0.248407,28.9,305.1,1.8,0.6,6.55602,33.08194,43.13436,14.86797,26.651,0.9874
31/12/2020,21:00:00,0.278336,29.025,298.2,2,1.5,6.52356,32.08209,42.08474,15.76603,26.604,1.05322
31/12/2020,22:00:00,0.191542,23.1,335.5,2,1.7,4.02449,24.31816,30.48895,22.95055,21.038,0.92157
31/12/2020,23:00:00,0.224464,21.65,359.7,2.7,1.8,4.05694,22.46904,28.6896,25.84432,19.741,0.9874
31/12/2020,24:00:00,0.245415,16.675,5.6,3.5,3,3.47274,19.76611,25.0909,26.99184,14.811,0.78992
